id,product_code,product_weight_kg,fat_content,shelf_visibility,product_category,product_price,store_code,store_age_years,store_size,store_location_tier,store_format,total_sales
row_00000,PRD-PRFP9S,14.252,Low Fat,0.0271,Frozen Foods,81.37,STORE-AGY,45,Large,Tier_3,Standard Supermarket,1764.98
row_00001,PRD-PXXK71,7.698,Low Fat,0.072,HEALTH AND HYGIENE,42.05,STORE-YLW,35,Small,Tier_1,Standard Supermarket,342.13
row_00002,PRD-V5MOIJ,14.264,Regular,0.0421,Canned,41.35,STORE-89Z,33,Medium,Tier_1,Standard Supermarket,378.85
row_00003,PRD-UN5Z3J,,Regular,0.0449,soft drinks,174.35,STORE-7WS,47,Medium,Tier_3,Flagship Hypermarket,5595.72
row_00004,PRD-6RDQYB,10.338,Regular,0.012,meat,203.06,STORE-9RG,28,Small,Tier_2,Standard Supermarket,2375.36
row_00005,PRD-E6VA05,9.222,Low Fat,0.0405,soft drinks,31.69,STORE-89Z,33,Medium,Tier_1,Standard Supermarket,842.75
row_00006,PRD-MHLD93,,Low Fat,0.1239,Canned,212.23,STORE-7WS,47,Medium,Tier_3,Flagship Hypermarket,4512.7
row_00007,PRD-EF6Y39,10.21,Regular,0.0133,Snack Foods,142.7,STORE-HL7,23,Medium,Tier_3,Superstore,2373.55
row_00008,PRD-IAZMTU,14.054,Low Fat,0.0233,baking goods,102.71,STORE-HL7,23,Medium,Tier_3,Superstore,2037.05
row_00010,PRD-DH2TA3,8.755,Low Fat,0.0258,household,104.6,STORE-JOR,34,,Tier_3,Corner Shop,213.93
row_00011,PRD-ONGWUL,,Low Fat,0.073,Household,254.12,STORE-T5G,47,Small,Tier_1,Corner Shop,250.01
row_00012,PRD-UX01UP,11.007,Low Fat,0.0304,Snack Foods,234.38,STORE-OYG,25,,Tier_2,Standard Supermarket,4414.42
row_00013,PRD-741NWE,9.558,Regular,0.0,baking goods,49.35,STORE-AGY,45,Large,Tier_3,Standard Supermarket,671.2
row_00014,PRD-PGW90J,13.812,Low Fat,0.0431,Dairy,52.83,STORE-YLW,35,Small,Tier_1,Standard Supermarket,585.91
row_00016,PRD-9USY38,6.997,Low Fat,0.0908,Snack Foods,112.4,STORE-DKU,30,,Tier_2,Standard Supermarket,1305.37
row_00017,PRD-GH9N12,11.154,Regular,0.1041,baking goods,103.22,STORE-9RG,28,Small,Tier_2,Standard Supermarket,2306.15
row_00018,PRD-HVVZBL,18.895,Regular,0.0711,dairy,116.9,STORE-89Z,33,Medium,Tier_1,Standard Supermarket,1784.08
row_00021,PRD-2CQ23Q,7.746,Low Fat,0.0297,CANNED,167.19,STORE-AGY,45,Large,Tier_3,Standard Supermarket,1774.73
row_00022,PRD-SUDBCI,12.896,Low Fat,0.042,SNACK FOODS,178.49,STORE-DKU,30,,Tier_2,Standard Supermarket,4054.27
row_00024,PRD-5QVWC9,6.085,Low Fat,0.1235,HOUSEHOLD,261.49,STORE-OYG,25,,Tier_2,Standard Supermarket,2391.62
row_00025,PRD-8MX1EV,,Low Fat,0.0148,Soft Drinks,51.5,STORE-7WS,47,Medium,Tier_3,Flagship Hypermarket,1252.75
row_00028,PRD-SB61LG,20.321,Regular,0.0493,Fruits and Vegetables,187.72,STORE-OYG,25,,Tier_2,Standard Supermarket,2025.17
row_00029,PRD-VTTR5G,13.707,Regular,0.0569,Breakfast,234.53,STORE-89Z,33,Medium,Tier_1,Standard Supermarket,3050.74
row_00030,PRD-2YAZQT,15.428,Regular,0.0819,Frozen Foods,48.98,STORE-YLW,35,Small,Tier_1,Standard Supermarket,753.42
row_00031,PRD-Q8LYYX,11.265,Regular,0.0735,Frozen Foods,171.96,STORE-YLW,35,Small,Tier_1,Standard Supermarket,2442.31
row_00032,PRD-PZPHJM,16.71,Regular,0.166,SNACK FOODS,140.0,STORE-9RG,28,Small,Tier_2,Standard Supermarket,586.83
row_00035,PRD-S1R8NF,13.385,Regular,0.0266,SNACK FOODS,82.19,STORE-AGY,45,Large,Tier_3,Standard Supermarket,799.46
row_00036,PRD-0QD58X,17.104,Regular,0.0158,Breads,46.03,STORE-DKU,30,,Tier_2,Standard Supermarket,501.46
row_00038,PRD-99VH0W,7.73,Low Fat,0.0511,Fruits and Vegetables,75.49,STORE-DKU,30,,Tier_2,Standard Supermarket,453.78
row_00039,PRD-2SLHIM,20.799,Low Fat,0.0099,Meat,187.29,STORE-YLW,35,Small,Tier_1,Standard Supermarket,536.28
row_00040,PRD-NAMSQE,12.376,Regular,0.2992,BAKING GOODS,79.91,STORE-JOR,34,,Tier_3,Corner Shop,150.54
row_00043,PRD-6Z6CCC,8.763,Low Fat,0.1182,canned,95.64,STORE-AGY,45,Large,Tier_3,Standard Supermarket,1822.06
row_00044,PRD-IWHL8Z,7.594,Low Fat,0.0265,CANNED,148.02,STORE-9RG,28,Small,Tier_2,Standard Supermarket,2701.99
row_00046,PRD-HZXGUJ,8.078,Low Fat,0.0169,DAIRY,52.02,STORE-DKU,30,,Tier_2,Standard Supermarket,847.29
row_00047,PRD-P2S2O8,10.8,Low Fat,0.0229,Fruits and Vegetables,55.11,STORE-YLW,35,Small,Tier_1,Standard Supermarket,434.23
row_00048,PRD-ONGWUL,13.273,Low Fat,0.0406,household,255.41,STORE-OYG,25,,Tier_2,Standard Supermarket,3395.84
row_00050,PRD-8MX1EV,19.18,Low Fat,0.0147,Soft Drinks,51.69,STORE-OYG,25,,Tier_2,Standard Supermarket,915.3
row_00051,PRD-0FOH3H,14.28,Regular,0.0291,Dairy,142.14,STORE-AGY,45,Large,Tier_3,Standard Supermarket,3147.38
row_00052,PRD-8Q2Y4P,8.764,Regular,0.067,breakfast,54.58,STORE-89Z,33,Medium,Tier_1,Standard Supermarket,682.75
row_00053,PRD-KFRZWZ,,Low Fat,0.1239,Meat,53.67,STORE-T5G,47,Small,Tier_1,Corner Shop,312.81
row_00054,PRD-08I4W0,5.916,Low Fat,0.0792,Baking Goods,37.81,STORE-89Z,33,Medium,Tier_1,Standard Supermarket,551.33
row_00055,PRD-4EYNIN,7.09,Low Fat,0.0791,Household,120.27,STORE-DKU,30,,Tier_2,Standard Supermarket,1508.35
row_00058,PRD-5R5L6R,6.555,Low Fat,0.0837,Frozen Foods,38.87,STORE-89Z,33,Medium,Tier_1,Standard Supermarket,708.47
row_00059,PRD-UWE98S,7.621,Low Fat,0.0314,Frozen Foods,246.84,STORE-OYG,25,,Tier_2,Standard Supermarket,2697.04
row_00061,PRD-4CK9XH,12.451,Low Fat,0.1737,Household,169.29,STORE-JOR,34,,Tier_3,Corner Shop,166.62
row_00062,PRD-U02KQN,19.18,Low Fat,0.0263,HEALTH AND HYGIENE,147.39,STORE-YLW,35,Small,Tier_1,Standard Supermarket,1326.0
row_00063,PRD-RACGN7,,Low Fat,0.0571,Health and Hygiene,78.4,STORE-7WS,47,Medium,Tier_3,Flagship Hypermarket,243.24
row_00064,PRD-IS25HB,,Low Fat,0.0,Soft Drinks,124.36,STORE-7WS,47,Medium,Tier_3,Flagship Hypermarket,2425.1
row_00065,PRD-I3MWRM,16.69,Low Fat,0.0332,MEAT,162.93,STORE-YLW,35,Small,Tier_1,Standard Supermarket,2781.85
row_00066,PRD-FVHC3D,,Low Fat,0.0729,Seafood,34.86,STORE-9RG,28,Small,Tier_2,Standard Supermarket,860.12
row_00067,PRD-1FT8J9,12.044,Low Fat,0.1446,Health and Hygiene,226.84,STORE-9RG,28,Small,Tier_2,Standard Supermarket,5075.98
row_00068,PRD-7MFP05,13.907,Low Fat,0.0347,soft drinks,39.85,STORE-9RG,28,Small,Tier_2,Standard Supermarket,785.78
row_00069,PRD-ULF5VL,5.676,Regular,0.0,Snack Foods,261.26,STORE-OYG,25,,Tier_2,Standard Supermarket,2506.74
row_00070,PRD-EPMKVT,19.59,Low Fat,0.0736,HEALTH AND HYGIENE,60.89,STORE-AGY,45,Large,Tier_3,Standard Supermarket,1368.79
row_00071,PRD-YUZ87C,,Low Fat,0.0478,Baking Goods,151.04,STORE-T5G,47,Small,Tier_1,Corner Shop,144.06
row_00072,PRD-D9DSYZ,14.405,Low Fat,0.0619,Household,250.9,STORE-9RG,28,Small,Tier_2,Standard Supermarket,4664.21
row_00073,PRD-S57TCO,5.483,Regular,0.0505,Baking Goods,130.41,STORE-DKU,30,,Tier_2,Standard Supermarket,1261.85
row_00074,PRD-5I0GQM,18.504,Low Fat,0.1466,Breakfast,98.01,STORE-89Z,33,Medium,Tier_1,Standard Supermarket,1460.81
row_00075,PRD-7G23CP,8.884,Low Fat,0.0804,CANNED,77.8,STORE-AGY,45,Large,Tier_3,Standard Supermarket,1298.22
row_00076,PRD-UJA86V,,Low Fat,0.1194,Canned,87.7,STORE-7WS,47,Medium,Tier_3,Flagship Hypermarket,1952.05
row_00077,PRD-FTNWN0,17.711,Low Fat,0.0,Breads,91.54,STORE-DKU,30,,Tier_2,Standard Supermarket,2233.42
row_00078,PRD-1ZUYZY,9.031,Regular,0.0458,fruits and vegetables,174.82,STORE-89Z,33,Medium,Tier_1,Standard Supermarket,1322.14
row_00080,PRD-SNF69T,9.157,Low Fat,0.0,Household,54.3,STORE-89Z,33,Medium,Tier_1,Standard Supermarket,572.48
row_00081,PRD-RDEXW2,,Regular,0.0558,meat,144.58,STORE-7WS,47,Medium,Tier_3,Flagship Hypermarket,3219.23
row_00083,PRD-BJD8BL,,Regular,0.0,Breads,85.12,STORE-7WS,47,Medium,Tier_3,Flagship Hypermarket,3126.13
row_00084,PRD-93OBAJ,8.128,Regular,0.0,Snack Foods,175.34,STORE-YLW,35,Small,Tier_1,Standard Supermarket,3970.56
row_00086,PRD-78ZC9Y,16.766,Low Fat,0.0566,Dairy,214.18,STORE-DKU,30,,Tier_2,Standard Supermarket,5062.54
row_00087,PRD-FUST21,5.421,Regular,0.1159,BAKING GOODS,87.2,STORE-OYG,25,,Tier_2,Standard Supermarket,1466.16
row_00088,PRD-CHPZ5T,18.844,Low Fat,0.0175,Health and Hygiene,205.61,STORE-DKU,30,,Tier_2,Standard Supermarket,2716.71
row_00089,PRD-VKXTUF,,Low Fat,0.023,Fruits and Vegetables,97.52,STORE-7WS,47,Medium,Tier_3,Flagship Hypermarket,3934.3
row_00090,PRD-ZOID71,,Regular,0.0881,fruits and vegetables,225.97,STORE-7WS,47,Medium,Tier_3,Flagship Hypermarket,1488.0
row_00092,PRD-VP8H4N,8.533,Low Fat,0.0938,Canned,53.71,STORE-YLW,35,Small,Tier_1,Standard Supermarket,1246.98
row_00093,PRD-6IUUKZ,10.933,Regular,0.0342,frozen foods,146.84,STORE-OYG,25,,Tier_2,Standard Supermarket,1888.59
row_00094,PRD-1UFH01,8.91,Regular,0.0832,snack foods,48.39,STORE-DKU,30,,Tier_2,Standard Supermarket,1109.47
row_00095,PRD-YZB4K8,17.373,Regular,0.0172,Fruits and Vegetables,48.83,STORE-89Z,33,Medium,Tier_1,Standard Supermarket,1128.22
row_00096,PRD-NY1QEG,9.136,Low Fat,0.0363,frozen foods,61.56,STORE-AGY,45,Large,Tier_3,Standard Supermarket,374.51
row_00097,PRD-EVZUBR,17.349,Low Fat,0.058,Frozen Foods,42.98,STORE-89Z,33,Medium,Tier_1,Standard Supermarket,280.77
row_00098,PRD-2MR4FX,17.486,Low Fat,0.0182,Health and Hygiene,97.88,STORE-HL7,23,Medium,Tier_3,Superstore,1286.97
row_00099,PRD-1N8MTZ,19.413,Low Fat,0.0421,Dairy,44.58,STORE-JOR,34,,Tier_3,Corner Shop,47.21
row_00100,PRD-NKZGGE,13.66,Low Fat,0.0954,SNACK FOODS,151.97,STORE-OYG,25,,Tier_2,Standard Supermarket,3637.37
row_00101,PRD-1DSTWG,7.435,Low Fat,0.1465,Fruits and Vegetables,240.42,STORE-9RG,28,Small,Tier_2,Standard Supermarket,1735.6
row_00102,PRD-N5F62D,18.006,Low Fat,0.0134,FROZEN FOODS,255.56,STORE-HL7,23,Medium,Tier_3,Superstore,3686.12
row_00103,PRD-UP0URE,12.211,Regular,0.0746,dairy,48.8,STORE-DKU,30,,Tier_2,Standard Supermarket,844.84
row_00106,PRD-AECEW6,16.386,Regular,0.0083,meat,70.84,STORE-OYG,25,,Tier_2,Standard Supermarket,716.68
row_00107,PRD-3KI24S,17.395,Low Fat,0.0165,Household,177.44,STORE-OYG,25,,Tier_2,Standard Supermarket,3739.88
row_00108,PRD-JZZGKE,10.607,Regular,0.0485,Dairy,46.93,STORE-YLW,35,Small,Tier_1,Standard Supermarket,578.16
row_00110,PRD-3UEA3G,15.576,Low Fat,0.1591,Dairy,37.05,STORE-YLW,35,Small,Tier_1,Standard Supermarket,623.16
row_00111,PRD-7IOABT,7.48,Low Fat,0.0867,Frozen Foods,144.11,STORE-OYG,25,,Tier_2,Standard Supermarket,3261.9
row_00112,PRD-O0V3Z0,20.2,Regular,0.1031,Canned,93.59,STORE-YLW,35,Small,Tier_1,Standard Supermarket,1961.44
row_00113,PRD-2X720K,,Regular,0.053,Fruits and Vegetables,87.27,STORE-7WS,47,Medium,Tier_3,Flagship Hypermarket,995.49
row_00114,PRD-1GXI9D,,Low Fat,0.065,FROZEN FOODS,181.19,STORE-T5G,47,Small,Tier_1,Corner Shop,185.03
row_00116,PRD-SE05IT,,Low Fat,0.058,Baking Goods,239.05,STORE-7WS,47,Medium,Tier_3,Flagship Hypermarket,6745.85
row_00118,PRD-JJ4AL0,19.396,Low Fat,0.0419,Frozen Foods,111.52,STORE-OYG,25,,Tier_2,Standard Supermarket,2197.34
row_00121,PRD-0RH735,19.53,Low Fat,0.1888,Others,240.8,STORE-YLW,35,Small,Tier_1,Standard Supermarket,3291.28
row_00122,PRD-8NY9QX,17.181,Low Fat,0.1446,SNACK FOODS,149.82,STORE-DKU,30,,Tier_2,Standard Supermarket,2542.37
row_00124,PRD-4CYXQB,17.936,Low Fat,0.112,SNACK FOODS,184.51,STORE-89Z,33,Medium,Tier_1,Standard Supermarket,4911.57
row_00126,PRD-2EZP7V,12.766,Low Fat,0.0329,Health and Hygiene,101.7,STORE-JOR,34,,Tier_3,Corner Shop,206.34
row_00127,PRD-UZET1P,13.252,Low Fat,0.0366,FRUITS AND VEGETABLES,170.03,STORE-9RG,28,Small,Tier_2,Standard Supermarket,3700.27
row_00128,PRD-LZBZ98,18.435,Low Fat,0.1631,health and hygiene,43.87,STORE-9RG,28,Small,Tier_2,Standard Supermarket,793.55
row_00129,PRD-YDT7CU,14.256,Regular,0.0641,Breads,261.85,STORE-OYG,25,,Tier_2,Standard Supermarket,6891.46
row_00131,PRD-IE2L2F,21.019,Low Fat,0.0374,Frozen Foods,75.79,STORE-YLW,35,Small,Tier_1,Standard Supermarket,2354.43
row_00133,PRD-1HOH9O,14.478,Low Fat,0.0259,Household,204.53,STORE-DKU,30,,Tier_2,Standard Supermarket,3771.21
row_00135,PRD-M58TL5,,Low Fat,0.051,Frozen Foods,54.96,STORE-7WS,47,Medium,Tier_3,Flagship Hypermarket,1120.28
row_00136,PRD-TT69UA,7.509,Low Fat,0.0501,Canned,121.22,STORE-DKU,30,,Tier_2,Standard Supermarket,372.75
row_00137,PRD-MSK8AG,18.193,Low Fat,0.0,dairy,187.28,STORE-AGY,45,Large,Tier_3,Standard Supermarket,2803.67
row_00138,PRD-H4CI9H,6.715,Regular,0.0,MEAT,173.46,STORE-OYG,25,,Tier_2,Standard Supermarket,4356.0
row_00140,PRD-P3WJRM,,Low Fat,0.0337,Fruits and Vegetables,199.66,STORE-7WS,47,Medium,Tier_3,Flagship Hypermarket,6227.02
row_00142,PRD-7CZE3S,7.372,Low Fat,0.0142,Meat,114.95,STORE-HL7,23,Medium,Tier_3,Superstore,1779.63
row_00143,PRD-M3FQUK,9.115,Regular,0.0213,SNACK FOODS,155.39,STORE-89Z,33,Medium,Tier_1,Standard Supermarket,2449.63
row_00145,PRD-EBEM2I,12.42,Regular,0.1014,FRUITS AND VEGETABLES,168.87,STORE-YLW,35,Small,Tier_1,Standard Supermarket,2499.05
row_00146,PRD-48PPNK,19.411,Low Fat,0.0159,Health and Hygiene,133.98,STORE-89Z,33,Medium,Tier_1,Standard Supermarket,3139.66
row_00147,PRD-ZN1N5R,12.006,Regular,0.0335,Meat,198.96,STORE-9RG,28,Small,Tier_2,Standard Supermarket,3195.63
row_00148,PRD-12310X,8.348,Low Fat,0.0148,health and hygiene,182.18,STORE-DKU,30,,Tier_2,Standard Supermarket,2867.62
row_00149,PRD-7TV5ZK,7.03,Regular,0.1341,CANNED,113.25,STORE-OYG,25,,Tier_2,Standard Supermarket,3085.94
row_00150,PRD-FF5E8I,,Low Fat,0.0683,Soft Drinks,180.97,STORE-T5G,47,Small,Tier_1,Corner Shop,184.24
row_00151,PRD-IGBM76,9.755,Regular,0.0459,BAKING GOODS,37.48,STORE-YLW,35,Small,Tier_1,Standard Supermarket,737.01
row_00152,PRD-MWWJPG,13.009,Low Fat,0.1565,Canned,79.3,STORE-HL7,23,Medium,Tier_3,Superstore,1199.85
row_00153,PRD-HC0BPN,10.488,Regular,0.0572,fruits and vegetables,187.82,STORE-OYG,25,,Tier_2,Standard Supermarket,6922.78
row_00154,PRD-C2W953,17.489,Regular,0.0685,Snack Foods,92.8,STORE-JOR,34,,Tier_3,Corner Shop,198.35
row_00155,PRD-X7CODR,,Low Fat,0.0149,Household,102.74,STORE-7WS,47,Medium,Tier_3,Flagship Hypermarket,1804.48
row_00156,PRD-WTXI27,,Low Fat,0.1305,Dairy,72.89,STORE-T5G,47,Small,Tier_1,Corner Shop,77.28
row_00157,PRD-DH02YH,10.239,Low Fat,0.0375,fruits and vegetables,248.96,STORE-AGY,45,Large,Tier_3,Standard Supermarket,7282.29
row_00158,PRD-2OQEWF,18.016,Low Fat,0.0347,OTHERS,129.81,STORE-89Z,33,Medium,Tier_1,Standard Supermarket,1866.97
row_00159,PRD-WJRNZT,16.82,Low Fat,0.0406,household,166.17,STORE-DKU,30,,Tier_2,Standard Supermarket,1295.84
row_00160,PRD-WU16HY,,Low Fat,0.187,Dairy,43.61,STORE-T5G,47,Small,Tier_1,Corner Shop,125.45
row_00161,PRD-74W4G2,15.839,Regular,0.0159,Frozen Foods,96.87,STORE-DKU,30,,Tier_2,Standard Supermarket,1093.52
row_00163,PRD-RYI0M7,10.286,Low Fat,0.0748,frozen foods,122.93,STORE-YLW,35,Small,Tier_1,Standard Supermarket,843.09
row_00164,PRD-9QWB0H,,Low Fat,0.0242,BREADS,104.57,STORE-7WS,47,Medium,Tier_3,Flagship Hypermarket,1981.4
row_00165,PRD-AV3JCJ,17.612,Regular,0.1199,breakfast,42.25,STORE-HL7,23,Medium,Tier_3,Superstore,198.97
row_00166,PRD-B9UOE3,,Low Fat,0.1617,Snack Foods,181.51,STORE-7WS,47,Medium,Tier_3,Flagship Hypermarket,5603.33
row_00167,PRD-NMRS5Y,8.178,Low Fat,0.0,baking goods,94.07,STORE-HL7,23,Medium,Tier_3,Superstore,647.35
row_00168,PRD-QWRZFX,6.586,Regular,0.0064,BAKING GOODS,118.14,STORE-HL7,23,Medium,Tier_3,Superstore,1414.6
row_00169,PRD-K9LSG4,20.883,Low Fat,0.0537,SNACK FOODS,118.62,STORE-AGY,45,Large,Tier_3,Standard Supermarket,1884.91
row_00170,PRD-2LYWBI,,Low Fat,0.156,Snack Foods,91.51,STORE-7WS,47,Medium,Tier_3,Flagship Hypermarket,3801.19
row_00171,PRD-KSF4HT,11.816,Low Fat,0.0336,SEAFOOD,113.26,STORE-AGY,45,Large,Tier_3,Standard Supermarket,1662.15
row_00172,PRD-F88JRF,18.676,Regular,0.0634,FROZEN FOODS,146.35,STORE-HL7,23,Medium,Tier_3,Superstore,2030.62
row_00173,PRD-PWKCZV,,Low Fat,0.0312,Fruits and Vegetables,226.03,STORE-T5G,47,Small,Tier_1,Corner Shop,446.31
row_00174,PRD-A0IOEJ,8.074,Low Fat,0.0111,CANNED,193.3,STORE-YLW,35,Small,Tier_1,Standard Supermarket,1877.98
row_00175,PRD-YUXGFA,,Regular,0.0374,SNACK FOODS,109.83,STORE-7WS,47,Medium,Tier_3,Flagship Hypermarket,1428.31
row_00176,PRD-YVZMZC,8.093,Low Fat,0.1141,HOUSEHOLD,103.92,STORE-HL7,23,Medium,Tier_3,Superstore,2500.23
row_00177,PRD-3HGG9C,20.645,Low Fat,0.0964,Household,183.27,STORE-DKU,30,,Tier_2,Standard Supermarket,3687.75
row_00178,PRD-LKS9L3,6.179,Regular,0.0519,Baking Goods,231.15,STORE-DKU,30,,Tier_2,Standard Supermarket,4318.28
row_00179,PRD-US5PUY,14.35,Low Fat,0.069,Fruits and Vegetables,48.02,STORE-YLW,35,Small,Tier_1,Standard Supermarket,848.18
row_00180,PRD-D9DSYZ,14.908,Low Fat,0.1001,HOUSEHOLD,260.63,STORE-JOR,34,,Tier_3,Corner Shop,1830.37
row_00181,PRD-2QPR75,14.061,Low Fat,0.1593,Dairy,55.03,STORE-JOR,34,,Tier_3,Corner Shop,215.7
row_00182,PRD-PQNOMP,16.953,Low Fat,0.0572,BAKING GOODS,96.66,STORE-89Z,33,Medium,Tier_1,Standard Supermarket,1580.04
row_00183,PRD-W10HOA,,Low Fat,0.0424,SNACK FOODS,95.34,STORE-7WS,47,Medium,Tier_3,Flagship Hypermarket,2866.92
row_00184,PRD-6BH3LL,17.94,Low Fat,0.0785,Baking Goods,111.11,STORE-YLW,35,Small,Tier_1,Standard Supermarket,2509.35
row_00185,PRD-YZSJHT,,Regular,0.0216,BREADS,104.6,STORE-7WS,47,Medium,Tier_3,Flagship Hypermarket,3091.16
row_00186,PRD-1GXI9D,13.222,Low Fat,0.0598,Frozen Foods,177.97,STORE-JOR,34,,Tier_3,Corner Shop,184.57
row_00187,PRD-CU4YYJ,15.513,Low Fat,0.0798,CANNED,38.05,STORE-OYG,25,,Tier_2,Standard Supermarket,766.14
row_00188,PRD-R3PE29,,Low Fat,0.1776,SOFT DRINKS,150.8,STORE-7WS,47,Medium,Tier_3,Flagship Hypermarket,1808.1
row_00190,PRD-OEVB9O,6.24,Low Fat,0.0282,soft drinks,85.11,STORE-89Z,33,Medium,Tier_1,Standard Supermarket,1334.36
row_00191,PRD-JMV47T,6.335,Regular,0.0102,meat,152.3,STORE-DKU,30,,Tier_2,Standard Supermarket,2400.39
row_00193,PRD-741NWE,9.695,Regular,0.1438,Baking Goods,49.26,STORE-YLW,35,Small,Tier_1,Standard Supermarket,838.54
row_00194,PRD-C5BV1L,14.883,Low Fat,0.0,Household,104.93,STORE-9RG,28,Small,Tier_2,Standard Supermarket,3519.17
row_00195,PRD-H0JJGG,19.212,Low Fat,0.1083,FROZEN FOODS,106.68,STORE-AGY,45,Large,Tier_3,Standard Supermarket,948.34
row_00196,PRD-MN8Z1H,11.217,Low Fat,0.0,Health and Hygiene,146.93,STORE-OYG,25,,Tier_2,Standard Supermarket,2435.01
row_00197,PRD-GV2TFK,7.076,Low Fat,0.0445,Health and Hygiene,101.01,STORE-DKU,30,,Tier_2,Standard Supermarket,1919.37
row_00198,PRD-6852FC,12.413,Low Fat,0.0161,Hard Drinks,175.85,STORE-HL7,23,Medium,Tier_3,Superstore,913.35
row_00199,PRD-4RZCNO,6.192,Low Fat,0.0283,Household,112.17,STORE-OYG,25,,Tier_2,Standard Supermarket,1277.51
row_00200,PRD-1ZL2WT,13.636,Regular,0.0431,FRUITS AND VEGETABLES,157.97,STORE-OYG,25,,Tier_2,Standard Supermarket,5783.12
row_00201,PRD-BVGKP7,16.027,Regular,0.0,Fruits and Vegetables,97.59,STORE-OYG,25,,Tier_2,Standard Supermarket,850.06
row_00204,PRD-L6HYC1,7.008,Regular,0.0,Snack Foods,100.1,STORE-OYG,25,,Tier_2,Standard Supermarket,3298.71
row_00205,PRD-C5OAOO,7.565,Low Fat,0.1226,OTHERS,141.84,STORE-DKU,30,,Tier_2,Standard Supermarket,2411.51
row_00206,PRD-NNQFKP,15.274,Low Fat,0.1134,SOFT DRINKS,38.49,STORE-DKU,30,,Tier_2,Standard Supermarket,1153.01
row_00207,PRD-OGP0MY,9.277,Regular,0.0539,Baking Goods,77.61,STORE-AGY,45,Large,Tier_3,Standard Supermarket,814.66
row_00209,PRD-VW2RFX,6.419,Low Fat,0.0543,DAIRY,183.85,STORE-89Z,33,Medium,Tier_1,Standard Supermarket,3658.16
row_00211,PRD-0MUOHU,16.838,Low Fat,0.0561,breads,82.64,STORE-OYG,25,,Tier_2,Standard Supermarket,563.26
row_00212,PRD-YHVNT3,9.335,Low Fat,0.0408,Others,88.14,STORE-89Z,33,Medium,Tier_1,Standard Supermarket,1039.19
row_00213,PRD-V5WMKZ,6.373,Low Fat,0.0658,Breakfast,130.5,STORE-HL7,23,Medium,Tier_3,Superstore,541.32
row_00214,PRD-OGP0MY,9.147,Regular,0.05,Baking Goods,79.45,STORE-89Z,33,Medium,Tier_1,Standard Supermarket,886.31
row_00215,PRD-24Z860,,Regular,0.0206,frozen foods,91.81,STORE-T5G,47,Small,Tier_1,Corner Shop,263.91
row_00216,PRD-R0T4EX,12.515,Low Fat,0.0718,starchy foods,268.54,STORE-9RG,28,Small,Tier_2,Standard Supermarket,4974.75
row_00217,PRD-NKZGGE,,Low Fat,0.0,Snack Foods,147.42,STORE-7WS,47,Medium,Tier_3,Flagship Hypermarket,4992.06
row_00218,PRD-X272HP,4.482,Low Fat,0.0698,Soft Drinks,111.86,STORE-AGY,45,Large,Tier_3,Standard Supermarket,1466.86
row_00219,PRD-O69WEZ,,Regular,0.0075,dairy,149.51,STORE-7WS,47,Medium,Tier_3,Flagship Hypermarket,4301.63
row_00221,PRD-ETAGHN,6.667,Regular,0.0228,Snack Foods,204.07,STORE-DKU,30,,Tier_2,Standard Supermarket,2187.53
row_00222,PRD-T0VKG3,,Low Fat,0.0479,HOUSEHOLD,126.18,STORE-7WS,47,Medium,Tier_3,Flagship Hypermarket,7078.04
row_00223,PRD-V3ISY0,11.241,Low Fat,0.0096,Health and Hygiene,50.53,STORE-89Z,33,Medium,Tier_1,Standard Supermarket,928.71
row_00224,PRD-JKU72H,16.636,Low Fat,0.1071,Canned,98.28,STORE-HL7,23,Medium,Tier_3,Superstore,1852.98
row_00225,PRD-8449K6,,Regular,0.0761,fruits and vegetables,212.55,STORE-7WS,47,Medium,Tier_3,Flagship Hypermarket,7367.73
row_00226,PRD-C5BDFU,6.335,Low Fat,0.0321,DAIRY,177.69,STORE-AGY,45,Large,Tier_3,Standard Supermarket,4289.55
row_00227,PRD-RDW6ET,8.992,Regular,0.0724,Fruits and Vegetables,192.77,STORE-YLW,35,Small,Tier_1,Standard Supermarket,1359.58
row_00228,PRD-RVU8FI,14.557,Low Fat,0.1913,Soft Drinks,82.41,STORE-HL7,23,Medium,Tier_3,Superstore,1193.34
row_00229,PRD-HEZ5ED,,Low Fat,0.0,Hard Drinks,173.74,STORE-7WS,47,Medium,Tier_3,Flagship Hypermarket,6010.58
row_00230,PRD-1FT8J9,12.148,Low Fat,0.1392,Health and Hygiene,227.69,STORE-AGY,45,Large,Tier_3,Standard Supermarket,1774.4
row_00231,PRD-IVLU4E,16.764,Low Fat,0.0136,OTHERS,105.82,STORE-AGY,45,Large,Tier_3,Standard Supermarket,1940.13
row_00232,PRD-OIT2UR,8.299,Regular,0.032,CANNED,151.02,STORE-89Z,33,Medium,Tier_1,Standard Supermarket,3921.34
row_00233,PRD-JLD0TT,12.497,Low Fat,0.0243,DAIRY,35.98,STORE-OYG,25,,Tier_2,Standard Supermarket,506.45
row_00234,PRD-IMZXFQ,6.893,Low Fat,0.0234,FROZEN FOODS,256.22,STORE-OYG,25,,Tier_2,Standard Supermarket,1520.21
row_00237,PRD-059SC5,20.663,Low Fat,0.0455,Health and Hygiene,145.12,STORE-HL7,23,Medium,Tier_3,Superstore,4137.24
row_00238,PRD-1WMMME,15.213,Low Fat,0.0154,OTHERS,142.34,STORE-DKU,30,,Tier_2,Standard Supermarket,2638.76
row_00239,PRD-4OOJQX,8.774,Low Fat,0.0859,Snack Foods,167.77,STORE-9RG,28,Small,Tier_2,Standard Supermarket,1405.89
row_00240,PRD-TT69UA,7.375,Low Fat,0.0532,canned,122.17,STORE-AGY,45,Large,Tier_3,Standard Supermarket,3321.95
row_00241,PRD-BE4HW4,11.661,Low Fat,0.0746,baking goods,121.45,STORE-DKU,30,,Tier_2,Standard Supermarket,2104.62
row_00242,PRD-I4J38V,12.905,Low Fat,0.0643,FROZEN FOODS,147.03,STORE-AGY,45,Large,Tier_3,Standard Supermarket,2185.79
row_00243,PRD-4GYSMJ,8.722,Low Fat,0.1681,Household,211.39,STORE-JOR,34,,Tier_3,Corner Shop,203.82
row_00244,PRD-U0CRF5,14.149,Regular,0.0256,fruits and vegetables,200.84,STORE-89Z,33,Medium,Tier_1,Standard Supermarket,2786.2
row_00245,PRD-T93K2H,11.025,Low Fat,0.0655,Household,191.77,STORE-AGY,45,Large,Tier_3,Standard Supermarket,2643.16
row_00246,PRD-KDGVNM,6.633,Low Fat,0.0557,CANNED,144.62,STORE-9RG,28,Small,Tier_2,Standard Supermarket,2060.29
row_00248,PRD-E42X6G,,Regular,0.0633,Dairy,90.6,STORE-7WS,47,Medium,Tier_3,Flagship Hypermarket,3668.03
row_00250,PRD-PKT9A9,15.253,Regular,0.0558,Canned,59.24,STORE-9RG,28,Small,Tier_2,Standard Supermarket,969.35
row_00251,PRD-DZ26FO,11.322,Low Fat,0.0176,Canned,178.13,STORE-HL7,23,Medium,Tier_3,Superstore,1459.57
row_00253,PRD-2I4RKK,8.352,Low Fat,0.1175,health and hygiene,65.37,STORE-HL7,23,Medium,Tier_3,Superstore,845.26
row_00255,PRD-G1X3J1,11.674,Low Fat,0.1155,Soft Drinks,198.25,STORE-HL7,23,Medium,Tier_3,Superstore,3708.23
row_00257,PRD-ETAGHN,,Regular,0.0404,snack foods,208.34,STORE-T5G,47,Small,Tier_1,Corner Shop,218.25
row_00258,PRD-031L36,6.637,Regular,0.0,Baking Goods,93.42,STORE-AGY,45,Large,Tier_3,Standard Supermarket,1183.33
row_00259,PRD-ZHWW3L,,Regular,0.0,Meat,95.27,STORE-T5G,47,Small,Tier_1,Corner Shop,192.71
row_00261,PRD-0G6HSH,,Regular,0.0807,BAKING GOODS,151.46,STORE-7WS,47,Medium,Tier_3,Flagship Hypermarket,1853.64
row_00262,PRD-Y0IY1L,8.553,Low Fat,0.03,snack foods,186.73,STORE-89Z,33,Medium,Tier_1,Standard Supermarket,5526.28
row_00263,PRD-2P3YVB,,Low Fat,0.0781,SOFT DRINKS,187.68,STORE-T5G,47,Small,Tier_1,Corner Shop,730.11
row_00264,PRD-PXZYDW,15.512,Low Fat,0.0569,HOUSEHOLD,136.2,STORE-HL7,23,Medium,Tier_3,Superstore,1236.43
row_00267,PRD-ZBM21Y,21.233,Low Fat,0.0208,Baking Goods,156.88,STORE-89Z,33,Medium,Tier_1,Standard Supermarket,3834.15
row_00268,PRD-C2MU46,17.87,Low Fat,0.0146,Snack Foods,191.68,STORE-DKU,30,,Tier_2,Standard Supermarket,2328.8
row_00270,PRD-9YFZQL,9.916,Low Fat,0.1031,Snack Foods,147.16,STORE-89Z,33,Medium,Tier_1,Standard Supermarket,1169.6
row_00271,PRD-8CLUBN,,Regular,0.0414,Snack Foods,37.1,STORE-7WS,47,Medium,Tier_3,Flagship Hypermarket,757.12
row_00272,PRD-SE05IT,20.196,Low Fat,0.0607,baking goods,231.53,STORE-9RG,28,Small,Tier_2,Standard Supermarket,4480.55
row_00273,PRD-AV3JCJ,16.922,Regular,0.2154,Breakfast,39.33,STORE-JOR,34,,Tier_3,Corner Shop,39.63
row_00274,PRD-ILCMG5,6.345,Regular,0.0493,Fruits and Vegetables,144.88,STORE-AGY,45,Large,Tier_3,Standard Supermarket,2773.4
row_00275,PRD-1ZUYZY,9.021,Regular,0.0457,fruits and vegetables,170.76,STORE-OYG,25,,Tier_2,Standard Supermarket,2789.98
row_00276,PRD-9YFZQL,10.134,Low Fat,0.0,Snack Foods,149.59,STORE-JOR,34,,Tier_3,Corner Shop,740.51
row_00277,PRD-VQ553K,14.9,Regular,0.0608,Fruits and Vegetables,174.52,STORE-OYG,25,,Tier_2,Standard Supermarket,2048.95
row_00278,PRD-PTOMJB,8.005,Low Fat,0.0358,SOFT DRINKS,169.93,STORE-YLW,35,Small,Tier_1,Standard Supermarket,2649.46
row_00279,PRD-08I4W0,5.653,Low Fat,0.0796,baking goods,39.17,STORE-9RG,28,Small,Tier_2,Standard Supermarket,537.02
row_00280,PRD-ONGWUL,12.935,Low Fat,0.0402,HOUSEHOLD,257.68,STORE-9RG,28,Small,Tier_2,Standard Supermarket,4832.21
row_00281,PRD-R1N6UV,17.994,Low Fat,0.0139,HOUSEHOLD,226.69,STORE-89Z,33,Medium,Tier_1,Standard Supermarket,1591.33
row_00282,PRD-J8GI5O,5.991,Regular,0.1054,FROZEN FOODS,217.0,STORE-HL7,23,Medium,Tier_3,Superstore,1466.6
row_00284,PRD-4GYSMJ,8.755,Low Fat,0.0957,HOUSEHOLD,206.15,STORE-89Z,33,Medium,Tier_1,Standard Supermarket,7184.38
row_00285,PRD-H56OB4,9.466,Low Fat,0.0458,Household,105.34,STORE-9RG,28,Small,Tier_2,Standard Supermarket,1639.09
row_00286,PRD-FSOZPT,,Regular,0.1286,Soft Drinks,229.76,STORE-T5G,47,Small,Tier_1,Corner Shop,901.39
row_00287,PRD-B0BAVM,15.588,Low Fat,0.0341,Household,122.81,STORE-89Z,33,Medium,Tier_1,Standard Supermarket,2725.23
row_00289,PRD-24SCOS,6.04,Low Fat,0.0036,hard drinks,155.83,STORE-89Z,33,Medium,Tier_1,Standard Supermarket,3016.63
row_00290,PRD-B9OF3M,17.016,Low Fat,0.0854,Fruits and Vegetables,251.81,STORE-9RG,28,Small,Tier_2,Standard Supermarket,3960.97
row_00291,PRD-WTXI27,13.486,Low Fat,0.0764,dairy,75.39,STORE-89Z,33,Medium,Tier_1,Standard Supermarket,629.01
row_00292,PRD-WFA6ZI,,Low Fat,0.0362,Dairy,243.69,STORE-7WS,47,Medium,Tier_3,Flagship Hypermarket,10477.97
row_00294,PRD-4TK3B3,8.784,Regular,0.057,FROZEN FOODS,135.27,STORE-DKU,30,,Tier_2,Standard Supermarket,1465.68
row_00295,PRD-T93K2H,11.635,Low Fat,0.0694,HOUSEHOLD,192.87,STORE-YLW,35,Small,Tier_1,Standard Supermarket,372.33
row_00297,PRD-3BD4Z1,5.921,Low Fat,0.032,fruits and vegetables,156.91,STORE-YLW,35,Small,Tier_1,Standard Supermarket,2793.13
row_00299,PRD-J4EFFF,8.184,Low Fat,0.0447,dairy,85.17,STORE-YLW,35,Small,Tier_1,Standard Supermarket,1549.79
row_00300,PRD-R5JEK1,8.769,Regular,0.0534,snack foods,117.36,STORE-JOR,34,,Tier_3,Corner Shop,442.04
row_00302,PRD-U9W2MB,,Regular,0.1568,Fruits and Vegetables,142.5,STORE-7WS,47,Medium,Tier_3,Flagship Hypermarket,6072.95
row_00303,PRD-AVC2UI,15.539,Regular,0.1149,FRUITS AND VEGETABLES,192.21,STORE-HL7,23,Medium,Tier_3,Superstore,2562.83
row_00304,PRD-0U2BL3,15.234,Low Fat,0.1053,Snack Foods,142.77,STORE-9RG,28,Small,Tier_2,Standard Supermarket,1772.09
row_00306,PRD-2T1TDG,9.145,Low Fat,0.0743,HARD DRINKS,193.01,STORE-JOR,34,,Tier_3,Corner Shop,379.55
row_00307,PRD-X7RF1F,10.013,Low Fat,0.0408,Snack Foods,42.84,STORE-AGY,45,Large,Tier_3,Standard Supermarket,174.64
row_00308,PRD-V82DIB,11.551,Regular,0.0113,Meat,110.96,STORE-AGY,45,Large,Tier_3,Standard Supermarket,1671.46
row_00309,PRD-NA7L0E,,Regular,0.0,canned,169.98,STORE-T5G,47,Small,Tier_1,Corner Shop,350.85
row_00310,PRD-KDGVNM,,Low Fat,0.0549,canned,147.43,STORE-7WS,47,Medium,Tier_3,Flagship Hypermarket,4404.89
row_00311,PRD-TV6685,18.067,Low Fat,0.0508,fruits and vegetables,143.82,STORE-89Z,33,Medium,Tier_1,Standard Supermarket,3386.28
row_00312,PRD-SB61LG,20.789,Regular,0.08,FRUITS AND VEGETABLES,184.3,STORE-JOR,34,,Tier_3,Corner Shop,574.75
row_00313,PRD-V3EOYY,,Low Fat,0.1243,Breads,218.46,STORE-T5G,47,Small,Tier_1,Corner Shop,430.1
row_00314,PRD-EF6Y39,10.424,Regular,0.0222,Snack Foods,139.77,STORE-JOR,34,,Tier_3,Corner Shop,297.46
row_00315,PRD-OF2TX0,7.689,Low Fat,0.1039,SNACK FOODS,112.58,STORE-YLW,35,Small,Tier_1,Standard Supermarket,639.79
row_00316,PRD-F727XE,,Low Fat,0.0,SNACK FOODS,122.98,STORE-7WS,47,Medium,Tier_3,Flagship Hypermarket,1698.1
row_00317,PRD-EOGKKC,14.835,Low Fat,0.011,others,57.03,STORE-OYG,25,,Tier_2,Standard Supermarket,981.48
row_00318,PRD-BUK3XF,21.284,Low Fat,0.0206,Fruits and Vegetables,105.24,STORE-YLW,35,Small,Tier_1,Standard Supermarket,896.55
row_00319,PRD-8UHW94,5.822,Regular,0.0311,FROZEN FOODS,104.42,STORE-YLW,35,Small,Tier_1,Standard Supermarket,2011.6
row_00320,PRD-VOYP59,17.006,Regular,0.1252,fruits and vegetables,184.69,STORE-OYG,25,,Tier_2,Standard Supermarket,2928.57
row_00321,PRD-EOGKKC,,Low Fat,0.0191,Others,58.38,STORE-T5G,47,Small,Tier_1,Corner Shop,222.96
row_00324,PRD-MNEL25,17.412,Regular,0.0472,Snack Foods,116.5,STORE-HL7,23,Medium,Tier_3,Superstore,2634.01
row_00326,PRD-2G2HFD,9.697,Low Fat,0.0,Household,166.11,STORE-DKU,30,,Tier_2,Standard Supermarket,1952.94
row_00328,PRD-IAZMTU,13.614,Low Fat,0.0227,Baking Goods,101.39,STORE-9RG,28,Small,Tier_2,Standard Supermarket,1482.98
row_00329,PRD-TF6NJ8,15.859,Low Fat,0.1015,fruits and vegetables,75.57,STORE-89Z,33,Medium,Tier_1,Standard Supermarket,1811.18
row_00330,PRD-54TA1S,,Regular,0.0687,breakfast,156.25,STORE-T5G,47,Small,Tier_1,Corner Shop,482.09
row_00331,PRD-5EX41Q,,Regular,0.0175,Baking Goods,176.35,STORE-7WS,47,Medium,Tier_3,Flagship Hypermarket,3316.7
row_00332,PRD-AHB3HN,10.597,Low Fat,0.1082,Snack Foods,56.99,STORE-9RG,28,Small,Tier_2,Standard Supermarket,673.13
row_00333,PRD-444NK0,5.038,Regular,0.059,Meat,125.92,STORE-AGY,45,Large,Tier_3,Standard Supermarket,378.66
row_00334,PRD-VOYP59,,Regular,0.2123,Fruits and Vegetables,183.61,STORE-T5G,47,Small,Tier_1,Corner Shop,540.93
row_00335,PRD-UL2AE5,9.729,Low Fat,0.0236,Health and Hygiene,119.5,STORE-OYG,25,,Tier_2,Standard Supermarket,1437.86
row_00338,PRD-7RS8R0,6.468,Low Fat,0.1843,fruits and vegetables,81.9,STORE-JOR,34,,Tier_3,Corner Shop,86.03
row_00339,PRD-0CHYKM,,Low Fat,0.0677,HEALTH AND HYGIENE,258.81,STORE-7WS,47,Medium,Tier_3,Flagship Hypermarket,4561.26
row_00340,PRD-F6EGQO,15.655,Low Fat,0.088,SNACK FOODS,223.66,STORE-YLW,35,Small,Tier_1,Standard Supermarket,4610.72
row_00342,PRD-1ZXOI6,12.444,Regular,0.0605,SOFT DRINKS,56.0,STORE-HL7,23,Medium,Tier_3,Superstore,1011.68
row_00343,PRD-QOHMUH,15.254,Low Fat,0.0316,Hard Drinks,44.98,STORE-AGY,45,Large,Tier_3,Standard Supermarket,576.15
row_00344,PRD-0CHYKM,9.097,Low Fat,0.0677,Health and Hygiene,273.04,STORE-89Z,33,Medium,Tier_1,Standard Supermarket,2827.91
row_00346,PRD-GU1UQX,11.031,Low Fat,0.1382,Dairy,266.77,STORE-OYG,25,,Tier_2,Standard Supermarket,3860.18
row_00347,PRD-60GBFW,13.372,Low Fat,0.0403,FROZEN FOODS,32.63,STORE-YLW,35,Small,Tier_1,Standard Supermarket,637.66
row_00348,PRD-G5MMQ7,,Regular,0.0631,Breakfast,175.43,STORE-7WS,47,Medium,Tier_3,Flagship Hypermarket,3725.67
row_00349,PRD-1N8MTZ,20.15,Low Fat,0.0252,dairy,45.28,STORE-89Z,33,Medium,Tier_1,Standard Supermarket,1601.92
row_00350,PRD-8Q2Y4P,8.836,Regular,0.0,Breakfast,54.57,STORE-HL7,23,Medium,Tier_3,Superstore,570.13
row_00351,PRD-MNUTT1,8.111,Low Fat,0.1917,CANNED,150.61,STORE-YLW,35,Small,Tier_1,Standard Supermarket,1419.19
row_00352,PRD-QYXGO4,19.559,Low Fat,0.0536,FRUITS AND VEGETABLES,56.78,STORE-9RG,28,Small,Tier_2,Standard Supermarket,632.57
row_00355,PRD-ET6ZI7,,Low Fat,0.2184,Fruits and Vegetables,114.89,STORE-T5G,47,Small,Tier_1,Corner Shop,218.69
row_00356,PRD-UIB5SQ,10.024,Low Fat,0.0284,MEAT,73.15,STORE-89Z,33,Medium,Tier_1,Standard Supermarket,550.35
row_00357,PRD-PD4RXB,,Regular,0.2101,Baking Goods,57.85,STORE-T5G,47,Small,Tier_1,Corner Shop,286.87
row_00358,PRD-C5OAOO,7.171,Low Fat,0.1209,Others,138.76,STORE-YLW,35,Small,Tier_1,Standard Supermarket,3014.01
row_00359,PRD-LUX745,16.922,Low Fat,0.0363,Health and Hygiene,91.09,STORE-89Z,33,Medium,Tier_1,Standard Supermarket,1544.81
row_00360,PRD-EPZHPC,,Low Fat,0.0,SOFT DRINKS,265.31,STORE-T5G,47,Small,Tier_1,Corner Shop,811.62
row_00361,PRD-C6G610,7.5,Low Fat,0.0714,SNACK FOODS,111.63,STORE-HL7,23,Medium,Tier_3,Superstore,1096.42
row_00362,PRD-FGQJFY,7.692,Regular,0.1663,BAKING GOODS,39.75,STORE-OYG,25,,Tier_2,Standard Supermarket,849.39
row_00364,PRD-YZSJHT,9.858,Regular,0.0,Breads,100.15,STORE-89Z,33,Medium,Tier_1,Standard Supermarket,2262.3
row_00365,PRD-SILU2D,6.536,Low Fat,0.0106,CANNED,113.26,STORE-HL7,23,Medium,Tier_3,Superstore,2388.41
row_00366,PRD-IPH6H7,,Low Fat,0.0418,fruits and vegetables,142.64,STORE-7WS,47,Medium,Tier_3,Flagship Hypermarket,4243.93
row_00367,PRD-K9LSG4,19.833,Low Fat,0.0875,SNACK FOODS,118.34,STORE-JOR,34,,Tier_3,Corner Shop,116.83
row_00369,PRD-YL84PO,9.04,Regular,0.0135,Snack Foods,197.36,STORE-89Z,33,Medium,Tier_1,Standard Supermarket,379.35
row_00371,PRD-UMPYO0,7.549,Low Fat,0.0421,Baking Goods,97.9,STORE-DKU,30,,Tier_2,Standard Supermarket,1128.62
row_00372,PRD-XV9XJM,10.603,Regular,0.0,Starchy Foods,77.12,STORE-YLW,35,Small,Tier_1,Standard Supermarket,1497.65
row_00376,PRD-KGPPR8,19.797,Regular,0.0648,Baking Goods,164.29,STORE-OYG,25,,Tier_2,Standard Supermarket,2674.85
row_00378,PRD-PSFZVE,17.878,Low Fat,0.0,Snack Foods,104.24,STORE-YLW,35,Small,Tier_1,Standard Supermarket,2922.64
row_00379,PRD-7JH2LK,,Low Fat,0.0762,SNACK FOODS,120.25,STORE-7WS,47,Medium,Tier_3,Flagship Hypermarket,4318.68
row_00380,PRD-4TFZC6,9.585,Low Fat,0.1324,Fruits and Vegetables,188.46,STORE-DKU,30,,Tier_2,Standard Supermarket,3387.37
row_00381,PRD-K15UL9,,Low Fat,0.1194,Frozen Foods,93.53,STORE-7WS,47,Medium,Tier_3,Flagship Hypermarket,3958.07
row_00382,PRD-TY5H59,14.696,Low Fat,0.0529,Fruits and Vegetables,216.16,STORE-9RG,28,Small,Tier_2,Standard Supermarket,4946.09
row_00383,PRD-MVV44C,,Regular,0.0669,meat,236.43,STORE-7WS,47,Medium,Tier_3,Flagship Hypermarket,3459.65
row_00384,PRD-ZN1N5R,12.143,Regular,0.0349,MEAT,198.69,STORE-OYG,25,,Tier_2,Standard Supermarket,3109.67
row_00386,PRD-ILAZCL,7.949,Low Fat,0.0103,snack foods,249.95,STORE-DKU,30,,Tier_2,Standard Supermarket,763.31
row_00387,PRD-1HOH9O,14.492,Low Fat,0.0252,Household,198.02,STORE-YLW,35,Small,Tier_1,Standard Supermarket,2419.0
row_00388,PRD-1IQXZX,,Low Fat,0.0448,frozen foods,44.15,STORE-7WS,47,Medium,Tier_3,Flagship Hypermarket,700.2
row_00390,PRD-MECOSF,6.01,Regular,0.0194,soft drinks,49.38,STORE-OYG,25,,Tier_2,Standard Supermarket,1522.72
row_00392,PRD-3S195J,4.561,Low Fat,0.0,Hard Drinks,178.87,STORE-YLW,35,Small,Tier_1,Standard Supermarket,1246.88
row_00393,PRD-T6T18U,12.081,Low Fat,0.0303,Canned,76.13,STORE-9RG,28,Small,Tier_2,Standard Supermarket,2141.39
row_00394,PRD-CDIT16,14.358,Low Fat,0.0686,household,263.77,STORE-DKU,30,,Tier_2,Standard Supermarket,2777.4
row_00395,PRD-PDRI65,11.498,Low Fat,0.0169,health and hygiene,131.22,STORE-OYG,25,,Tier_2,Standard Supermarket,1883.67
row_00396,PRD-5RX1SQ,,Regular,0.0495,DAIRY,121.83,STORE-7WS,47,Medium,Tier_3,Flagship Hypermarket,3884.07
row_00397,PRD-USV9I5,18.519,Regular,0.0697,FRUITS AND VEGETABLES,255.0,STORE-89Z,33,Medium,Tier_1,Standard Supermarket,5597.43
row_00398,PRD-UMMSR8,,Low Fat,0.0548,Snack Foods,51.83,STORE-T5G,47,Small,Tier_1,Corner Shop,48.48
row_00399,PRD-MNUTT1,8.601,Low Fat,0.1879,Canned,150.46,STORE-OYG,25,,Tier_2,Standard Supermarket,3145.69
row_00400,PRD-F13TKM,20.197,Low Fat,0.0676,Household,76.68,STORE-89Z,33,Medium,Tier_1,Standard Supermarket,1416.68
row_00401,PRD-FCYZ7S,12.481,Low Fat,0.14,Snack Foods,159.68,STORE-89Z,33,Medium,Tier_1,Standard Supermarket,2723.56
row_00402,PRD-UM4ULZ,,Regular,0.0677,fruits and vegetables,58.82,STORE-7WS,47,Medium,Tier_3,Flagship Hypermarket,2249.86
row_00403,PRD-IHO2KG,13.342,Regular,0.1283,Frozen Foods,261.31,STORE-JOR,34,,Tier_3,Corner Shop,271.47
row_00406,PRD-SDX9DA,13.484,Regular,0.0434,meat,37.22,STORE-JOR,34,,Tier_3,Corner Shop,72.52
row_00408,PRD-LUJBU0,8.203,Regular,0.0476,BAKING GOODS,110.36,STORE-AGY,45,Large,Tier_3,Standard Supermarket,3873.67
row_00409,PRD-QP5L7C,20.834,Low Fat,0.0379,Frozen Foods,191.21,STORE-HL7,23,Medium,Tier_3,Superstore,1874.45
row_00410,PRD-S57TCO,5.628,Regular,0.0461,Baking Goods,131.64,STORE-9RG,28,Small,Tier_2,Standard Supermarket,2279.74
row_00411,PRD-NA7L0E,15.863,Regular,0.0272,canned,168.36,STORE-YLW,35,Small,Tier_1,Standard Supermarket,4055.22
row_00412,PRD-J4EFFF,8.261,Low Fat,0.0442,Dairy,87.87,STORE-9RG,28,Small,Tier_2,Standard Supermarket,1163.64
row_00413,PRD-I379U2,20.045,Low Fat,0.0341,Soft Drinks,57.1,STORE-OYG,25,,Tier_2,Standard Supermarket,1436.5
row_00414,PRD-CZD9MX,15.446,Regular,0.1062,Fruits and Vegetables,172.72,STORE-OYG,25,,Tier_2,Standard Supermarket,3214.82
row_00417,PRD-CFZYY9,15.599,Low Fat,0.0889,Frozen Foods,221.54,STORE-YLW,35,Small,Tier_1,Standard Supermarket,5344.89
row_00418,PRD-32QVLN,,Regular,0.0,dairy,181.27,STORE-7WS,47,Medium,Tier_3,Flagship Hypermarket,6191.26
row_00419,PRD-N3VBIA,19.855,Low Fat,0.0602,Household,247.17,STORE-AGY,45,Large,Tier_3,Standard Supermarket,1735.17
row_00420,PRD-8A5PN4,5.724,Regular,0.0765,Fruits and Vegetables,262.53,STORE-HL7,23,Medium,Tier_3,Superstore,3759.61
row_00421,PRD-VM43VV,,Low Fat,0.1138,health and hygiene,158.89,STORE-7WS,47,Medium,Tier_3,Flagship Hypermarket,1555.42
row_00422,PRD-1L8SUG,17.132,Regular,0.0549,starchy foods,65.89,STORE-OYG,25,,Tier_2,Standard Supermarket,1731.36
row_00424,PRD-6O0HUH,19.966,Regular,0.0257,fruits and vegetables,230.27,STORE-JOR,34,,Tier_3,Corner Shop,451.89
row_00425,PRD-KD6FLE,16.428,Low Fat,0.023,soft drinks,193.24,STORE-HL7,23,Medium,Tier_3,Superstore,5560.71
row_00426,PRD-CXN22P,16.006,Low Fat,0.0888,dairy,98.57,STORE-YLW,35,Small,Tier_1,Standard Supermarket,1389.4
row_00427,PRD-DV8A43,7.545,Regular,0.1387,SNACK FOODS,46.36,STORE-HL7,23,Medium,Tier_3,Superstore,915.53
row_00428,PRD-VP8H4N,8.704,Low Fat,0.0988,CANNED,50.97,STORE-AGY,45,Large,Tier_3,Standard Supermarket,857.77
row_00429,PRD-CUZREN,13.648,Low Fat,0.0567,Dairy,239.58,STORE-89Z,33,Medium,Tier_1,Standard Supermarket,5712.22
row_00432,PRD-Y0VDVE,15.943,Low Fat,0.045,dairy,240.49,STORE-DKU,30,,Tier_2,Standard Supermarket,2928.2
row_00433,PRD-FF5E8I,15.91,Low Fat,0.0362,Soft Drinks,179.17,STORE-YLW,35,Small,Tier_1,Standard Supermarket,5800.04
row_00434,PRD-8A170X,18.326,Low Fat,0.0685,frozen foods,248.03,STORE-JOR,34,,Tier_3,Corner Shop,241.27
row_00436,PRD-679O2X,,Low Fat,0.0513,Snack Foods,190.13,STORE-7WS,47,Medium,Tier_3,Flagship Hypermarket,9323.55
row_00440,PRD-1RUPFR,,Low Fat,0.072,HARD DRINKS,36.74,STORE-7WS,47,Medium,Tier_3,Flagship Hypermarket,801.91
row_00442,PRD-QYXGO4,20.278,Low Fat,0.0916,fruits and vegetables,55.76,STORE-JOR,34,,Tier_3,Corner Shop,54.93
row_00443,PRD-7MX3JP,19.4,Low Fat,0.0432,Fruits and Vegetables,117.2,STORE-HL7,23,Medium,Tier_3,Superstore,2269.61
row_00444,PRD-RPHBL5,,Regular,0.0451,Snack Foods,177.16,STORE-7WS,47,Medium,Tier_3,Flagship Hypermarket,2742.94
row_00445,PRD-HQ57UY,16.005,Regular,0.1089,Frozen Foods,37.87,STORE-YLW,35,Small,Tier_1,Standard Supermarket,273.04
row_00446,PRD-PXXK71,7.833,Low Fat,0.0676,health and hygiene,44.02,STORE-AGY,45,Large,Tier_3,Standard Supermarket,831.51
row_00450,PRD-XQFXKD,14.404,Low Fat,0.0933,Canned,136.8,STORE-HL7,23,Medium,Tier_3,Superstore,848.79
row_00451,PRD-YOQF1P,13.425,Regular,0.0132,FRUITS AND VEGETABLES,117.85,STORE-9RG,28,Small,Tier_2,Standard Supermarket,3316.55
row_00452,PRD-I7KBCW,,Low Fat,0.0786,Meat,195.14,STORE-7WS,47,Medium,Tier_3,Flagship Hypermarket,5961.75
row_00453,PRD-DSN8CW,15.764,Regular,0.044,Snack Foods,168.62,STORE-9RG,28,Small,Tier_2,Standard Supermarket,2797.3
row_00454,PRD-30D7TU,19.678,Low Fat,0.0122,Fruits and Vegetables,189.67,STORE-89Z,33,Medium,Tier_1,Standard Supermarket,2430.99
row_00455,PRD-BAZHAK,19.703,Low Fat,0.1049,frozen foods,112.69,STORE-9RG,28,Small,Tier_2,Standard Supermarket,1225.31
row_00456,PRD-MS2LEL,,Low Fat,0.1189,snack foods,221.02,STORE-7WS,47,Medium,Tier_3,Flagship Hypermarket,3895.47
row_00457,PRD-D5KXKQ,19.674,Low Fat,0.0561,Seafood,200.02,STORE-OYG,25,,Tier_2,Standard Supermarket,4377.47
row_00458,PRD-VGA3ZI,,Low Fat,0.0458,health and hygiene,145.19,STORE-T5G,47,Small,Tier_1,Corner Shop,592.58
row_00459,PRD-PJ1TV2,17.967,Regular,0.0284,Fruits and Vegetables,142.51,STORE-YLW,35,Small,Tier_1,Standard Supermarket,2556.01
row_00461,PRD-SYOY6G,16.462,Regular,0.0226,Snack Foods,43.01,STORE-YLW,35,Small,Tier_1,Standard Supermarket,354.46
row_00462,PRD-MNUTT1,8.233,Low Fat,0.1804,Canned,148.82,STORE-9RG,28,Small,Tier_2,Standard Supermarket,4342.66
row_00463,PRD-T2XRGI,21.497,Regular,0.0,Starchy Foods,177.25,STORE-89Z,33,Medium,Tier_1,Standard Supermarket,2844.59
row_00464,PRD-N7P05D,11.333,Regular,0.0232,dairy,187.45,STORE-89Z,33,Medium,Tier_1,Standard Supermarket,4117.05
row_00466,PRD-T2DADY,17.085,Low Fat,0.0205,Others,78.34,STORE-9RG,28,Small,Tier_2,Standard Supermarket,1753.76
row_00467,PRD-JOYJNE,17.61,Low Fat,0.044,dairy,168.74,STORE-OYG,25,,Tier_2,Standard Supermarket,2420.31
row_00468,PRD-F727XE,18.342,Low Fat,0.0529,snack foods,118.21,STORE-89Z,33,Medium,Tier_1,Standard Supermarket,1467.08
row_00469,PRD-Y0PRZV,6.679,Regular,0.0741,Breads,145.07,STORE-AGY,45,Large,Tier_3,Standard Supermarket,2573.8
row_00470,PRD-G1X3J1,11.711,Low Fat,0.1101,Soft Drinks,197.07,STORE-YLW,35,Small,Tier_1,Standard Supermarket,2481.28
row_00471,PRD-IAZMTU,14.099,Low Fat,0.0238,BAKING GOODS,102.61,STORE-YLW,35,Small,Tier_1,Standard Supermarket,1840.03
row_00473,PRD-OECBPM,18.688,Low Fat,0.0463,Hard Drinks,173.24,STORE-AGY,45,Large,Tier_3,Standard Supermarket,1079.16
row_00474,PRD-HFH2XF,,Regular,0.0438,Breads,106.92,STORE-7WS,47,Medium,Tier_3,Flagship Hypermarket,2283.09
row_00475,PRD-3I603D,17.838,Low Fat,0.0258,FROZEN FOODS,265.12,STORE-89Z,33,Medium,Tier_1,Standard Supermarket,3440.21
row_00477,PRD-NQ65QD,5.992,Low Fat,0.0767,Dairy,62.16,STORE-YLW,35,Small,Tier_1,Standard Supermarket,1281.42
row_00479,PRD-6O3NRD,11.329,Low Fat,0.0076,Meat,196.34,STORE-9RG,28,Small,Tier_2,Standard Supermarket,2649.63
row_00481,PRD-D7OODG,19.497,Regular,0.0519,fruits and vegetables,77.4,STORE-89Z,33,Medium,Tier_1,Standard Supermarket,1471.77
row_00482,PRD-SCRO8S,14.94,Regular,0.103,fruits and vegetables,43.18,STORE-HL7,23,Medium,Tier_3,Superstore,129.59
row_00483,PRD-T2DADY,,Low Fat,0.0365,Others,76.4,STORE-T5G,47,Small,Tier_1,Corner Shop,83.86
row_00484,PRD-OAEDOE,13.063,Low Fat,0.0187,Dairy,75.66,STORE-HL7,23,Medium,Tier_3,Superstore,1458.85
row_00486,PRD-QDI07H,17.721,Regular,0.161,dairy,235.95,STORE-HL7,23,Medium,Tier_3,Superstore,4205.04
row_00487,PRD-VTTR5G,13.855,Regular,0.0549,breakfast,234.67,STORE-AGY,45,Large,Tier_3,Standard Supermarket,1328.61
row_00489,PRD-SBYDKN,6.335,Low Fat,0.0108,meat,66.64,STORE-89Z,33,Medium,Tier_1,Standard Supermarket,1857.38
row_00490,PRD-KXWNRE,8.37,Regular,0.032,Soft Drinks,125.29,STORE-HL7,23,Medium,Tier_3,Superstore,995.95
row_00491,PRD-PRFP9S,14.0,Low Fat,0.0253,Frozen Foods,76.54,STORE-89Z,33,Medium,Tier_1,Standard Supermarket,1324.73
row_00492,PRD-8VYI78,15.904,Low Fat,0.0732,household,221.64,STORE-OYG,25,,Tier_2,Standard Supermarket,2436.47
row_00493,PRD-299PG3,8.417,Regular,0.0416,CANNED,183.17,STORE-YLW,35,Small,Tier_1,Standard Supermarket,7599.13
row_00494,PRD-3RA1PP,21.177,Low Fat,0.1256,Snack Foods,192.0,STORE-YLW,35,Small,Tier_1,Standard Supermarket,1544.12
row_00495,PRD-199BRB,14.134,Regular,0.0312,CANNED,50.17,STORE-YLW,35,Small,Tier_1,Standard Supermarket,712.44
row_00496,PRD-0TB4QO,6.648,Regular,0.0866,Snack Foods,130.42,STORE-DKU,30,,Tier_2,Standard Supermarket,1751.26
row_00497,PRD-0V4GIA,9.12,Low Fat,0.1038,Snack Foods,184.55,STORE-9RG,28,Small,Tier_2,Standard Supermarket,2475.94
row_00501,PRD-1ZUYZY,8.533,Regular,0.0,FRUITS AND VEGETABLES,169.26,STORE-AGY,45,Large,Tier_3,Standard Supermarket,505.24
row_00502,PRD-2GKFSF,5.797,Low Fat,0.0247,Household,153.67,STORE-HL7,23,Medium,Tier_3,Superstore,445.59
row_00503,PRD-6EGA7N,16.294,Low Fat,0.0,Canned,185.61,STORE-HL7,23,Medium,Tier_3,Superstore,2649.39
row_00505,PRD-OKCXPA,10.341,Low Fat,0.0519,CANNED,48.99,STORE-JOR,34,,Tier_3,Corner Shop,293.35
row_00506,PRD-Y7084P,18.253,Low Fat,0.0257,Meat,86.67,STORE-DKU,30,,Tier_2,Standard Supermarket,884.48
row_00507,PRD-1GAGQO,12.792,Low Fat,0.0554,SEAFOOD,51.71,STORE-DKU,30,,Tier_2,Standard Supermarket,751.4
row_00509,PRD-X7CODR,,Low Fat,0.0239,Household,100.89,STORE-T5G,47,Small,Tier_1,Corner Shop,396.4
row_00510,PRD-MITKRF,9.517,Regular,0.1024,BAKING GOODS,91.09,STORE-89Z,33,Medium,Tier_1,Standard Supermarket,432.39
row_00511,PRD-JJ4AL0,,Low Fat,0.0414,FROZEN FOODS,111.05,STORE-89Z,33,Medium,Tier_1,Standard Supermarket,3316.75
row_00512,PRD-TQ9DZG,8.365,Low Fat,0.0306,Fruits and Vegetables,39.76,STORE-OYG,25,,Tier_2,Standard Supermarket,587.14
row_00513,PRD-IJOTIN,17.994,Low Fat,0.0664,FROZEN FOODS,147.57,STORE-9RG,28,Small,Tier_2,Standard Supermarket,1857.32
row_00514,PRD-8LMN4R,15.161,Low Fat,0.0534,soft drinks,45.1,STORE-HL7,23,Medium,Tier_3,Superstore,167.34
row_00515,PRD-5HJHWF,9.213,Low Fat,0.0448,snack foods,82.21,STORE-DKU,30,,Tier_2,Standard Supermarket,670.51
row_00516,PRD-J3GHQ5,9.111,Low Fat,0.0429,Fruits and Vegetables,91.03,STORE-HL7,23,Medium,Tier_3,Superstore,1254.5
row_00517,PRD-DFNIAJ,4.752,Low Fat,0.0931,Breads,118.41,STORE-DKU,30,,Tier_2,Standard Supermarket,1718.04
row_00521,PRD-C1HY2U,19.985,Low Fat,0.0719,Dairy,111.17,STORE-9RG,28,Small,Tier_2,Standard Supermarket,1223.51
row_00522,PRD-LV9PLM,,Low Fat,0.0616,Health and Hygiene,270.28,STORE-7WS,47,Medium,Tier_3,Flagship Hypermarket,6602.56
row_00523,PRD-J51IFI,12.12,Low Fat,0.0217,Breads,163.95,STORE-DKU,30,,Tier_2,Standard Supermarket,3935.29
row_00524,PRD-V0PRKG,7.963,Low Fat,0.0678,SOFT DRINKS,252.06,STORE-OYG,25,,Tier_2,Standard Supermarket,5424.45
row_00527,PRD-WOLYTS,,Regular,0.0,Fruits and Vegetables,123.01,STORE-7WS,47,Medium,Tier_3,Flagship Hypermarket,2821.27
row_00528,PRD-X5M8PJ,4.972,Regular,0.131,SNACK FOODS,140.19,STORE-89Z,33,Medium,Tier_1,Standard Supermarket,2018.61
row_00529,PRD-0TRD9L,14.897,Regular,0.0198,FROZEN FOODS,130.19,STORE-9RG,28,Small,Tier_2,Standard Supermarket,2765.92
row_00532,PRD-VTAQXP,,Regular,0.1757,DAIRY,42.52,STORE-T5G,47,Small,Tier_1,Corner Shop,43.28
row_00533,PRD-55LOSM,,Low Fat,0.0,Snack Foods,251.36,STORE-7WS,47,Medium,Tier_3,Flagship Hypermarket,6476.15
row_00535,PRD-2DT1EG,5.574,Low Fat,0.1317,Health and Hygiene,122.25,STORE-89Z,33,Medium,Tier_1,Standard Supermarket,3018.67
row_00536,PRD-EFRJYJ,,Regular,0.2367,SEAFOOD,175.54,STORE-T5G,47,Small,Tier_1,Corner Shop,179.36
row_00537,PRD-6THSXO,10.643,Low Fat,0.0269,FROZEN FOODS,109.17,STORE-DKU,30,,Tier_2,Standard Supermarket,321.03
row_00539,PRD-VG9YSQ,12.973,Regular,0.1022,FROZEN FOODS,200.87,STORE-HL7,23,Medium,Tier_3,Superstore,3027.56
row_00540,PRD-EF6Y39,10.246,Regular,0.0135,SNACK FOODS,139.67,STORE-9RG,28,Small,Tier_2,Standard Supermarket,3214.14
row_00541,PRD-OQTFZN,11.806,Regular,0.136,fruits and vegetables,184.16,STORE-YLW,35,Small,Tier_1,Standard Supermarket,3462.25
row_00542,PRD-QP5M3G,7.365,Low Fat,0.0152,canned,90.78,STORE-AGY,45,Large,Tier_3,Standard Supermarket,724.51
row_00544,PRD-MHLD93,6.321,Low Fat,0.1212,CANNED,212.17,STORE-YLW,35,Small,Tier_1,Standard Supermarket,6347.48
row_00545,PRD-0JL6QK,19.482,Low Fat,0.131,Snack Foods,105.7,STORE-89Z,33,Medium,Tier_1,Standard Supermarket,1155.79
row_00546,PRD-KE6H76,8.524,Regular,0.0312,baking goods,98.5,STORE-DKU,30,,Tier_2,Standard Supermarket,2846.95
row_00547,PRD-IV473J,19.859,Regular,0.0189,FROZEN FOODS,177.87,STORE-9RG,28,Small,Tier_2,Standard Supermarket,2986.83
row_00548,PRD-93OBAJ,8.492,Regular,0.1199,Snack Foods,173.63,STORE-DKU,30,,Tier_2,Standard Supermarket,1879.38
row_00549,PRD-7Q94JB,14.895,Regular,0.0681,Frozen Foods,147.89,STORE-89Z,33,Medium,Tier_1,Standard Supermarket,4722.88
row_00550,PRD-1QW65X,5.965,Low Fat,0.0916,HOUSEHOLD,130.78,STORE-9RG,28,Small,Tier_2,Standard Supermarket,2142.85
row_00552,PRD-9YFZQL,9.974,Low Fat,0.104,snack foods,145.8,STORE-HL7,23,Medium,Tier_3,Superstore,1380.81
row_00553,PRD-JQMLJE,7.114,Low Fat,0.0369,Dairy,62.56,STORE-HL7,23,Medium,Tier_3,Superstore,1365.86
row_00554,PRD-8LXUM3,,Low Fat,0.1053,Dairy,148.02,STORE-T5G,47,Small,Tier_1,Corner Shop,137.83
row_00556,PRD-I67HN3,21.191,Low Fat,0.0105,HOUSEHOLD,230.04,STORE-9RG,28,Small,Tier_2,Standard Supermarket,1951.09
row_00557,PRD-ZE8YM4,11.165,Low Fat,0.0707,others,67.67,STORE-9RG,28,Small,Tier_2,Standard Supermarket,2472.31
row_00558,PRD-JZETKP,7.809,Low Fat,0.0152,BAKING GOODS,87.31,STORE-AGY,45,Large,Tier_3,Standard Supermarket,1084.5
row_00560,PRD-UDD467,8.934,Low Fat,0.0291,dairy,152.13,STORE-AGY,45,Large,Tier_3,Standard Supermarket,1383.87
row_00562,PRD-0U24IQ,5.937,Low Fat,0.1352,DAIRY,91.95,STORE-9RG,28,Small,Tier_2,Standard Supermarket,1482.79
row_00563,PRD-1GN81E,13.111,Regular,0.1294,SNACK FOODS,266.19,STORE-DKU,30,,Tier_2,Standard Supermarket,5842.36
row_00564,PRD-TY5H59,14.908,Low Fat,0.0538,Fruits and Vegetables,222.05,STORE-OYG,25,,Tier_2,Standard Supermarket,1264.46
row_00565,PRD-90E4B0,9.119,Low Fat,0.0437,Household,247.34,STORE-89Z,33,Medium,Tier_1,Standard Supermarket,2335.04
row_00566,PRD-1NG2QG,8.048,Regular,0.1468,FROZEN FOODS,152.49,STORE-DKU,30,,Tier_2,Standard Supermarket,1630.87
row_00567,PRD-KYAFJ4,6.639,Low Fat,0.0891,FRUITS AND VEGETABLES,129.15,STORE-89Z,33,Medium,Tier_1,Standard Supermarket,1926.76
row_00568,PRD-7MX3JP,19.534,Low Fat,0.0404,fruits and vegetables,120.48,STORE-89Z,33,Medium,Tier_1,Standard Supermarket,2251.97
row_00570,PRD-ESG687,18.253,Low Fat,0.1807,DAIRY,157.27,STORE-89Z,33,Medium,Tier_1,Standard Supermarket,3231.91
row_00571,PRD-YC4OM3,11.92,Low Fat,0.0187,dairy,169.5,STORE-JOR,34,,Tier_3,Corner Shop,676.46
row_00573,PRD-DRIIPJ,12.318,Low Fat,0.0382,SNACK FOODS,112.3,STORE-YLW,35,Small,Tier_1,Standard Supermarket,3232.7
row_00574,PRD-4CYXQB,17.757,Low Fat,0.1948,snack foods,188.02,STORE-JOR,34,,Tier_3,Corner Shop,188.55
row_00575,PRD-F7NY03,16.803,Regular,0.0537,frozen foods,113.94,STORE-9RG,28,Small,Tier_2,Standard Supermarket,1504.27
row_00576,PRD-U9G2LT,7.694,Regular,0.068,SNACK FOODS,56.45,STORE-89Z,33,Medium,Tier_1,Standard Supermarket,1312.3
row_00578,PRD-CXIFSU,,Low Fat,0.0097,Baking Goods,183.49,STORE-T5G,47,Small,Tier_1,Corner Shop,557.43
row_00579,PRD-6MLGK8,19.571,Regular,0.0239,FRUITS AND VEGETABLES,184.55,STORE-9RG,28,Small,Tier_2,Standard Supermarket,2450.09
row_00581,PRD-BPT359,5.002,Regular,0.128,baking goods,51.93,STORE-HL7,23,Medium,Tier_3,Superstore,561.41
row_00582,PRD-NHLLA9,13.51,Low Fat,0.0757,Health and Hygiene,57.18,STORE-AGY,45,Large,Tier_3,Standard Supermarket,274.98
row_00583,PRD-EU7OL7,18.039,Regular,0.0202,meat,253.94,STORE-OYG,25,,Tier_2,Standard Supermarket,6183.71
row_00586,PRD-V3EOYY,15.714,Low Fat,0.0659,Breads,216.33,STORE-AGY,45,Large,Tier_3,Standard Supermarket,4116.15
row_00587,PRD-KV05SZ,,Low Fat,0.1629,HARD DRINKS,128.14,STORE-T5G,47,Small,Tier_1,Corner Shop,125.65
row_00588,PRD-JEDKTS,,Low Fat,0.0477,soft drinks,94.4,STORE-7WS,47,Medium,Tier_3,Flagship Hypermarket,2517.42
row_00589,PRD-57923T,11.899,Regular,0.1093,dairy,221.98,STORE-89Z,33,Medium,Tier_1,Standard Supermarket,2704.37
row_00590,PRD-JTGE75,6.641,Regular,0.0333,BREADS,162.55,STORE-YLW,35,Small,Tier_1,Standard Supermarket,2577.71
row_00592,PRD-L06G9E,14.947,Low Fat,0.0772,SNACK FOODS,90.06,STORE-AGY,45,Large,Tier_3,Standard Supermarket,2596.16
row_00593,PRD-ZTKB9Z,,Low Fat,0.0606,household,217.82,STORE-7WS,47,Medium,Tier_3,Flagship Hypermarket,4166.46
row_00594,PRD-KFRZWZ,13.025,Low Fat,0.0718,Meat,52.0,STORE-DKU,30,,Tier_2,Standard Supermarket,574.89
row_00595,PRD-L9EKA0,6.067,Regular,0.1504,Soft Drinks,43.61,STORE-AGY,45,Large,Tier_3,Standard Supermarket,497.48
row_00596,PRD-GVJICS,15.631,Regular,0.1681,Snack Foods,158.36,STORE-89Z,33,Medium,Tier_1,Standard Supermarket,3753.1
row_00597,PRD-6NJ4OG,8.044,Low Fat,0.1128,snack foods,153.25,STORE-89Z,33,Medium,Tier_1,Standard Supermarket,3384.47
row_00598,PRD-G52EFU,16.248,Low Fat,0.0558,Fruits and Vegetables,128.59,STORE-YLW,35,Small,Tier_1,Standard Supermarket,727.23
row_00599,PRD-4B2PMS,,Low Fat,0.0,HEALTH AND HYGIENE,149.43,STORE-AGY,45,Large,Tier_3,Standard Supermarket,3063.05
row_00600,PRD-KUE98H,9.489,Low Fat,0.1142,BREADS,66.1,STORE-HL7,23,Medium,Tier_3,Superstore,959.08
row_00602,PRD-1LWNLR,11.517,Low Fat,0.0943,baking goods,251.26,STORE-JOR,34,,Tier_3,Corner Shop,238.34
row_00604,PRD-BZNC9Q,7.067,Regular,0.1434,MEAT,182.67,STORE-DKU,30,,Tier_2,Standard Supermarket,2937.04
row_00605,PRD-RY40KH,12.206,Low Fat,0.0299,Fruits and Vegetables,104.26,STORE-OYG,25,,Tier_2,Standard Supermarket,2121.13
row_00606,PRD-G3QWQF,,Regular,0.0761,Baking Goods,100.58,STORE-7WS,47,Medium,Tier_3,Flagship Hypermarket,3175.31
row_00607,PRD-K82WU9,6.227,Regular,0.1024,Fruits and Vegetables,128.22,STORE-89Z,33,Medium,Tier_1,Standard Supermarket,2002.87
row_00608,PRD-HFH2XF,15.058,Regular,0.0424,BREADS,105.67,STORE-9RG,28,Small,Tier_2,Standard Supermarket,1814.8
row_00609,PRD-D7J32F,7.045,Low Fat,0.0778,FRUITS AND VEGETABLES,146.55,STORE-DKU,30,,Tier_2,Standard Supermarket,4561.6
row_00610,PRD-C1B3EU,18.454,Regular,0.0929,frozen foods,47.33,STORE-DKU,30,,Tier_2,Standard Supermarket,727.86
row_00611,PRD-53JSJC,15.333,Low Fat,0.0593,HOUSEHOLD,241.29,STORE-9RG,28,Small,Tier_2,Standard Supermarket,4422.63
row_00612,PRD-4AAL09,20.563,Low Fat,0.0853,Others,36.66,STORE-89Z,33,Medium,Tier_1,Standard Supermarket,789.5
row_00614,PRD-BH7RPX,4.967,Low Fat,0.0348,HOUSEHOLD,164.04,STORE-OYG,25,,Tier_2,Standard Supermarket,2867.83
row_00615,PRD-1K1QT6,13.735,Low Fat,0.0095,HOUSEHOLD,180.22,STORE-9RG,28,Small,Tier_2,Standard Supermarket,3598.12
row_00616,PRD-DE4M6H,6.603,Regular,0.0782,Frozen Foods,40.79,STORE-JOR,34,,Tier_3,Corner Shop,72.19
row_00617,PRD-WG1IQ4,19.478,Low Fat,0.0459,Fruits and Vegetables,125.48,STORE-AGY,45,Large,Tier_3,Standard Supermarket,1294.79
row_00619,PRD-VOYP59,16.371,Regular,0.1242,Fruits and Vegetables,178.31,STORE-89Z,33,Medium,Tier_1,Standard Supermarket,4281.05
row_00621,PRD-WJIQXP,12.451,Regular,0.0756,Frozen Foods,188.15,STORE-9RG,28,Small,Tier_2,Standard Supermarket,4161.5
row_00624,PRD-TIGUE8,15.159,Low Fat,0.0636,household,133.49,STORE-YLW,35,Small,Tier_1,Standard Supermarket,3833.84
row_00625,PRD-T4BXVH,,Low Fat,0.0217,FRUITS AND VEGETABLES,108.64,STORE-7WS,47,Medium,Tier_3,Flagship Hypermarket,1838.82
row_00626,PRD-0FOH3H,13.636,Regular,0.0301,Dairy,145.85,STORE-HL7,23,Medium,Tier_3,Superstore,831.31
row_00627,PRD-QP2PX3,6.853,Regular,0.0386,Dairy,98.16,STORE-OYG,25,,Tier_2,Standard Supermarket,572.54
row_00628,PRD-6625CS,10.664,Regular,0.0383,Meat,225.47,STORE-HL7,23,Medium,Tier_3,Superstore,5005.86
row_00629,PRD-3KK8SL,11.326,Regular,0.0451,fruits and vegetables,201.35,STORE-AGY,45,Large,Tier_3,Standard Supermarket,1003.76
row_00630,PRD-I1NNSM,,Regular,0.0255,Baking Goods,145.55,STORE-7WS,47,Medium,Tier_3,Flagship Hypermarket,4387.61
row_00631,PRD-2PCIGY,7.725,Low Fat,0.0858,Fruits and Vegetables,62.09,STORE-HL7,23,Medium,Tier_3,Superstore,1791.26
row_00633,PRD-ZIFT9Y,15.822,Regular,0.027,Fruits and Vegetables,102.44,STORE-HL7,23,Medium,Tier_3,Superstore,587.06
row_00634,PRD-52UH5B,16.696,Low Fat,0.0721,CANNED,203.26,STORE-DKU,30,,Tier_2,Standard Supermarket,2142.42
row_00636,PRD-GH9N12,11.339,Regular,0.1009,Baking Goods,105.17,STORE-AGY,45,Large,Tier_3,Standard Supermarket,1116.16
row_00639,PRD-OAEDOE,,Low Fat,0.03,dairy,74.42,STORE-T5G,47,Small,Tier_1,Corner Shop,294.48
row_00642,PRD-T14KTM,11.054,Low Fat,0.0329,Health and Hygiene,166.04,STORE-DKU,30,,Tier_2,Standard Supermarket,1311.85
row_00643,PRD-1FT8J9,,Low Fat,0.1401,Health and Hygiene,229.31,STORE-7WS,47,Medium,Tier_3,Flagship Hypermarket,6691.1
row_00644,PRD-59JSU0,15.184,Regular,0.1682,Meat,128.01,STORE-JOR,34,,Tier_3,Corner Shop,390.54
row_00645,PRD-TGIQHG,6.521,Low Fat,0.0827,hard drinks,112.04,STORE-HL7,23,Medium,Tier_3,Superstore,1907.11
row_00647,PRD-QP2PX3,6.998,Regular,0.0629,Dairy,95.65,STORE-JOR,34,,Tier_3,Corner Shop,201.42
row_00648,PRD-ZYK421,9.157,Low Fat,0.0669,Household,33.1,STORE-JOR,34,,Tier_3,Corner Shop,34.79
row_00650,PRD-U1YBPE,10.229,Low Fat,0.0115,HOUSEHOLD,239.95,STORE-OYG,25,,Tier_2,Standard Supermarket,3948.43
row_00651,PRD-V1VXVU,5.2,Low Fat,0.0886,health and hygiene,102.91,STORE-DKU,30,,Tier_2,Standard Supermarket,526.76
row_00652,PRD-JEDKTS,15.475,Low Fat,0.0491,SOFT DRINKS,94.76,STORE-9RG,28,Small,Tier_2,Standard Supermarket,1483.35
row_00653,PRD-D5KXKQ,19.417,Low Fat,0.0538,Seafood,192.89,STORE-9RG,28,Small,Tier_2,Standard Supermarket,4052.36
row_00654,PRD-OOBWF4,15.477,Low Fat,0.0141,Frozen Foods,37.5,STORE-AGY,45,Large,Tier_3,Standard Supermarket,303.37
row_00655,PRD-LFS04I,10.858,Regular,0.0113,Snack Foods,74.12,STORE-HL7,23,Medium,Tier_3,Superstore,504.52
row_00657,PRD-0Y2EFZ,16.105,Regular,0.1155,CANNED,113.12,STORE-YLW,35,Small,Tier_1,Standard Supermarket,343.33
row_00658,PRD-Q8V88B,4.714,Regular,0.0979,Canned,226.77,STORE-AGY,45,Large,Tier_3,Standard Supermarket,4563.92
row_00660,PRD-9K044M,7.218,Regular,0.0735,Starchy Foods,57.48,STORE-JOR,34,,Tier_3,Corner Shop,60.14
row_00664,PRD-YHVNT3,9.368,Low Fat,0.0399,Others,87.43,STORE-OYG,25,,Tier_2,Standard Supermarket,1631.72
row_00665,PRD-BAZHAK,18.728,Low Fat,0.1011,Frozen Foods,110.79,STORE-AGY,45,Large,Tier_3,Standard Supermarket,1795.22
row_00666,PRD-5I0GQM,18.778,Low Fat,0.1473,breakfast,97.76,STORE-OYG,25,,Tier_2,Standard Supermarket,1864.33
row_00668,PRD-ZKEARJ,16.261,Low Fat,0.0167,Health and Hygiene,105.84,STORE-AGY,45,Large,Tier_3,Standard Supermarket,961.22
row_00669,PRD-EVZUBR,17.148,Low Fat,0.0572,frozen foods,43.21,STORE-YLW,35,Small,Tier_1,Standard Supermarket,402.94
row_00671,PRD-YP2KNW,,Regular,0.1036,Fruits and Vegetables,162.72,STORE-T5G,47,Small,Tier_1,Corner Shop,467.81
row_00672,PRD-VHT24B,7.209,Low Fat,0.0491,Dairy,158.01,STORE-DKU,30,,Tier_2,Standard Supermarket,2112.92
row_00675,PRD-J2E42T,13.353,Low Fat,0.1403,Frozen Foods,147.86,STORE-9RG,28,Small,Tier_2,Standard Supermarket,4023.14
row_00676,PRD-LQY3T3,,Low Fat,0.1611,Household,191.55,STORE-T5G,47,Small,Tier_1,Corner Shop,194.16
row_00677,PRD-52DNR9,8.837,Regular,0.1109,Soft Drinks,125.75,STORE-HL7,23,Medium,Tier_3,Superstore,1649.43
row_00678,PRD-9IT02F,17.11,Low Fat,0.0662,Household,112.32,STORE-YLW,35,Small,Tier_1,Standard Supermarket,1284.59
row_00679,PRD-RLBUOB,7.583,Regular,0.0205,seafood,182.13,STORE-9RG,28,Small,Tier_2,Standard Supermarket,4569.19
row_00680,PRD-YC4OM3,12.136,Low Fat,0.0118,DAIRY,166.39,STORE-89Z,33,Medium,Tier_1,Standard Supermarket,3289.1
row_00682,PRD-RLM5MP,20.236,Regular,0.0566,Breads,103.53,STORE-YLW,35,Small,Tier_1,Standard Supermarket,2360.87
row_00685,PRD-NSQDTZ,17.937,Low Fat,0.0475,Snack Foods,118.32,STORE-YLW,35,Small,Tier_1,Standard Supermarket,2599.37
row_00686,PRD-RACGN7,11.989,Low Fat,0.0594,Health and Hygiene,83.07,STORE-9RG,28,Small,Tier_2,Standard Supermarket,1191.86
row_00687,PRD-322N64,,Low Fat,0.0,Dairy,90.01,STORE-7WS,47,Medium,Tier_3,Flagship Hypermarket,2069.77
row_00688,PRD-E7QYO7,10.34,Regular,0.0429,FRUITS AND VEGETABLES,117.2,STORE-9RG,28,Small,Tier_2,Standard Supermarket,1904.9
row_00691,PRD-T5J284,13.078,Regular,0.1528,Snack Foods,184.25,STORE-89Z,33,Medium,Tier_1,Standard Supermarket,3957.62
row_00692,PRD-VHT24B,7.143,Low Fat,0.048,Dairy,159.67,STORE-9RG,28,Small,Tier_2,Standard Supermarket,2377.9
row_00693,PRD-Y7084P,,Low Fat,0.0463,Meat,90.5,STORE-T5G,47,Small,Tier_1,Corner Shop,175.06
row_00694,PRD-7VMGGA,11.256,Low Fat,0.0359,health and hygiene,101.11,STORE-9RG,28,Small,Tier_2,Standard Supermarket,3013.35
row_00695,PRD-FL9NP6,7.401,Low Fat,0.0568,Health and Hygiene,55.72,STORE-DKU,30,,Tier_2,Standard Supermarket,623.44
row_00696,PRD-Y0IY1L,8.419,Low Fat,0.0298,SNACK FOODS,188.81,STORE-YLW,35,Small,Tier_1,Standard Supermarket,3630.89
row_00697,PRD-6O3NRD,11.248,Low Fat,0.0073,Meat,196.42,STORE-YLW,35,Small,Tier_1,Standard Supermarket,2303.94
row_00699,PRD-R73A70,18.827,Regular,0.0265,MEAT,199.22,STORE-AGY,45,Large,Tier_3,Standard Supermarket,2796.12
row_00701,PRD-N7P05D,11.495,Regular,0.0239,Dairy,182.15,STORE-YLW,35,Small,Tier_1,Standard Supermarket,3387.08
row_00703,PRD-52DNR9,9.015,Regular,0.1104,SOFT DRINKS,123.3,STORE-OYG,25,,Tier_2,Standard Supermarket,1068.69
row_00706,PRD-ET6ZI7,17.477,Low Fat,0.1312,fruits and vegetables,111.7,STORE-HL7,23,Medium,Tier_3,Superstore,1814.99
row_00707,PRD-U3P1ZC,16.73,Low Fat,0.1282,BREADS,89.45,STORE-YLW,35,Small,Tier_1,Standard Supermarket,1540.87
row_00708,PRD-S1AWP0,,Low Fat,0.214,FROZEN FOODS,78.71,STORE-T5G,47,Small,Tier_1,Corner Shop,229.13
row_00709,PRD-KTGBTY,11.829,Low Fat,0.0193,Hard Drinks,41.57,STORE-YLW,35,Small,Tier_1,Standard Supermarket,312.56
row_00712,PRD-V3OJ57,8.818,Low Fat,0.0401,FROZEN FOODS,53.13,STORE-HL7,23,Medium,Tier_3,Superstore,585.36
row_00713,PRD-90O7Y2,,Low Fat,0.0965,Soft Drinks,194.59,STORE-7WS,47,Medium,Tier_3,Flagship Hypermarket,6803.68
row_00715,PRD-IYIJE7,12.728,Low Fat,0.095,Snack Foods,212.13,STORE-AGY,45,Large,Tier_3,Standard Supermarket,4367.7
row_00717,PRD-RACGN7,11.928,Low Fat,0.0585,health and hygiene,78.79,STORE-89Z,33,Medium,Tier_1,Standard Supermarket,1257.74
row_00718,PRD-V3ISY0,11.567,Low Fat,0.0097,HEALTH AND HYGIENE,48.76,STORE-DKU,30,,Tier_2,Standard Supermarket,757.96
row_00719,PRD-C0AR0O,5.093,Regular,0.0294,Snack Foods,106.96,STORE-OYG,25,,Tier_2,Standard Supermarket,2263.97
row_00722,PRD-098QST,7.014,Low Fat,0.0223,Frozen Foods,264.46,STORE-HL7,23,Medium,Tier_3,Superstore,5535.33
row_00724,PRD-ATSWZZ,11.101,Low Fat,0.0482,household,121.07,STORE-JOR,34,,Tier_3,Corner Shop,364.74
row_00725,PRD-0HHXSC,20.123,Low Fat,0.027,Household,74.91,STORE-OYG,25,,Tier_2,Standard Supermarket,1632.36
row_00726,PRD-8YT0FG,11.013,Low Fat,0.0206,Health and Hygiene,259.33,STORE-AGY,45,Large,Tier_3,Standard Supermarket,4201.96
row_00727,PRD-PPPTFE,12.047,Regular,0.1646,CANNED,118.72,STORE-AGY,45,Large,Tier_3,Standard Supermarket,2410.06
row_00728,PRD-6AOBHT,19.762,Low Fat,0.0,household,124.5,STORE-OYG,25,,Tier_2,Standard Supermarket,1970.18
row_00729,PRD-JLQFJT,18.976,Low Fat,0.0418,household,126.51,STORE-89Z,33,Medium,Tier_1,Standard Supermarket,1044.94
row_00731,PRD-ZLVU35,,Low Fat,0.0151,BREADS,225.6,STORE-7WS,47,Medium,Tier_3,Flagship Hypermarket,3384.19
row_00734,PRD-M5VWIP,5.834,Low Fat,0.0689,frozen foods,117.84,STORE-9RG,28,Small,Tier_2,Standard Supermarket,2022.77
row_00735,PRD-CBFCQN,13.026,Low Fat,0.0222,baking goods,116.95,STORE-89Z,33,Medium,Tier_1,Standard Supermarket,1974.57
row_00736,PRD-HCAZ89,13.645,Regular,0.0306,SNACK FOODS,79.95,STORE-JOR,34,,Tier_3,Corner Shop,151.86
row_00737,PRD-SUDBCI,13.129,Low Fat,0.046,SNACK FOODS,179.69,STORE-89Z,33,Medium,Tier_1,Standard Supermarket,2627.84
row_00738,PRD-MHBMBN,10.233,Regular,0.0388,SNACK FOODS,125.94,STORE-AGY,45,Large,Tier_3,Standard Supermarket,1460.22
row_00739,PRD-0V4GIA,9.324,Low Fat,0.175,snack foods,184.61,STORE-JOR,34,,Tier_3,Corner Shop,356.68
row_00740,PRD-RY40KH,12.305,Low Fat,0.0496,Fruits and Vegetables,102.16,STORE-JOR,34,,Tier_3,Corner Shop,422.41
row_00742,PRD-AFT69N,,Regular,0.0144,frozen foods,178.54,STORE-7WS,47,Medium,Tier_3,Flagship Hypermarket,3861.15
row_00743,PRD-YY4QJ7,12.965,Regular,0.198,BREADS,141.34,STORE-JOR,34,,Tier_3,Corner Shop,276.72
row_00744,PRD-2H3TZR,9.658,Low Fat,0.1536,soft drinks,169.79,STORE-JOR,34,,Tier_3,Corner Shop,334.98
row_00745,PRD-6RDQYB,10.418,Regular,0.0126,Meat,198.95,STORE-AGY,45,Large,Tier_3,Standard Supermarket,2639.1
row_00746,PRD-TC2QWF,15.218,Regular,0.1606,Canned,185.81,STORE-HL7,23,Medium,Tier_3,Superstore,1239.4
row_00747,PRD-T6T18U,12.453,Low Fat,0.0288,Canned,76.08,STORE-HL7,23,Medium,Tier_3,Superstore,603.59
row_00748,PRD-YFXOBU,8.866,Regular,0.0673,fruits and vegetables,197.89,STORE-9RG,28,Small,Tier_2,Standard Supermarket,2652.11
row_00749,PRD-4KDSBS,6.33,Low Fat,0.0479,Baking Goods,99.71,STORE-AGY,45,Large,Tier_3,Standard Supermarket,1344.26
row_00750,PRD-58B6PJ,16.003,Regular,0.0671,Dairy,74.65,STORE-OYG,25,,Tier_2,Standard Supermarket,1781.82
row_00751,PRD-6MLGK8,,Regular,0.0235,FRUITS AND VEGETABLES,180.67,STORE-7WS,47,Medium,Tier_3,Flagship Hypermarket,4507.15
row_00752,PRD-C3DXMR,17.033,Low Fat,0.0368,snack foods,88.81,STORE-YLW,35,Small,Tier_1,Standard Supermarket,2042.6
row_00754,PRD-X5M8PJ,4.955,Regular,0.1308,Snack Foods,141.87,STORE-HL7,23,Medium,Tier_3,Superstore,556.31
row_00756,PRD-53EF9P,12.221,Low Fat,0.0283,HOUSEHOLD,149.15,STORE-DKU,30,,Tier_2,Standard Supermarket,1220.01
row_00757,PRD-XSDJWS,18.175,Low Fat,0.0916,frozen foods,194.24,STORE-AGY,45,Large,Tier_3,Standard Supermarket,2277.44
row_00758,PRD-6RX35U,13.953,Regular,0.0739,Frozen Foods,195.46,STORE-AGY,45,Large,Tier_3,Standard Supermarket,3892.22
row_00759,PRD-LJZEJB,6.637,Low Fat,0.1505,dairy,195.11,STORE-JOR,34,,Tier_3,Corner Shop,786.44
row_00761,PRD-UMPYO0,7.945,Low Fat,0.0451,Baking Goods,92.5,STORE-OYG,25,,Tier_2,Standard Supermarket,2472.68
row_00762,PRD-PUWBWJ,12.41,Regular,0.0727,dairy,249.22,STORE-89Z,33,Medium,Tier_1,Standard Supermarket,4746.17
row_00763,PRD-G52EFU,16.303,Low Fat,0.0569,Fruits and Vegetables,125.82,STORE-9RG,28,Small,Tier_2,Standard Supermarket,1363.35
row_00765,PRD-F7NY03,16.462,Regular,0.051,Frozen Foods,113.96,STORE-OYG,25,,Tier_2,Standard Supermarket,2366.31
row_00766,PRD-R08XCC,18.64,Regular,0.1774,Meat,49.14,STORE-89Z,33,Medium,Tier_1,Standard Supermarket,1344.96
row_00767,PRD-W3QN3T,15.905,Low Fat,0.0411,snack foods,139.32,STORE-89Z,33,Medium,Tier_1,Standard Supermarket,2716.92
row_00768,PRD-41CMGC,,Low Fat,0.0428,fruits and vegetables,234.03,STORE-7WS,47,Medium,Tier_3,Flagship Hypermarket,7040.21
row_00769,PRD-1HOH9O,14.242,Low Fat,0.045,Household,195.56,STORE-JOR,34,,Tier_3,Corner Shop,609.92
row_00772,PRD-6AOBHT,20.36,Low Fat,0.0407,Household,130.53,STORE-89Z,33,Medium,Tier_1,Standard Supermarket,2780.83
row_00773,PRD-PCHMB2,13.895,Regular,0.0327,Canned,97.29,STORE-9RG,28,Small,Tier_2,Standard Supermarket,2475.13
row_00775,PRD-UIB5SQ,10.227,Low Fat,0.0284,Meat,74.84,STORE-YLW,35,Small,Tier_1,Standard Supermarket,796.06
row_00776,PRD-RD47WO,15.834,Regular,0.1032,Snack Foods,168.23,STORE-9RG,28,Small,Tier_2,Standard Supermarket,3838.22
row_00777,PRD-AANYGU,,Low Fat,0.0608,Snack Foods,174.54,STORE-T5G,47,Small,Tier_1,Corner Shop,537.6
row_00778,PRD-C3Y7HA,16.796,Low Fat,0.0205,Fruits and Vegetables,53.71,STORE-DKU,30,,Tier_2,Standard Supermarket,749.17
row_00779,PRD-HYF9SX,16.85,Regular,0.0246,soft drinks,39.94,STORE-9RG,28,Small,Tier_2,Standard Supermarket,755.13
row_00780,PRD-KTGBTY,,Low Fat,0.0,Hard Drinks,38.47,STORE-7WS,47,Medium,Tier_3,Flagship Hypermarket,1062.53
row_00781,PRD-YOZV8C,17.832,Low Fat,0.1692,HOUSEHOLD,170.96,STORE-YLW,35,Small,Tier_1,Standard Supermarket,2886.59
row_00782,PRD-95CTT5,7.889,Low Fat,0.0708,Fruits and Vegetables,188.85,STORE-OYG,25,,Tier_2,Standard Supermarket,2633.33
row_00784,PRD-MQEEB6,,Low Fat,0.0743,CANNED,78.45,STORE-7WS,47,Medium,Tier_3,Flagship Hypermarket,2346.04
row_00785,PRD-NAMSQE,12.264,Regular,0.1865,Baking Goods,76.95,STORE-DKU,30,,Tier_2,Standard Supermarket,1414.03
row_00786,PRD-VDCG3B,21.056,Regular,0.1317,seafood,236.27,STORE-89Z,33,Medium,Tier_1,Standard Supermarket,2425.92
row_00787,PRD-L9CYMT,19.84,Low Fat,0.0441,Dairy,87.7,STORE-AGY,45,Large,Tier_3,Standard Supermarket,1168.45
row_00788,PRD-U2HRJK,5.261,Regular,0.0253,Breads,95.01,STORE-89Z,33,Medium,Tier_1,Standard Supermarket,1206.16
row_00789,PRD-NMRS5Y,,Low Fat,0.0325,baking goods,91.04,STORE-7WS,47,Medium,Tier_3,Flagship Hypermarket,1068.64
row_00790,PRD-6AOBHT,20.187,Low Fat,0.0394,Household,128.18,STORE-AGY,45,Large,Tier_3,Standard Supermarket,1014.32
row_00791,PRD-UM4ULZ,13.375,Regular,0.0749,Fruits and Vegetables,61.37,STORE-OYG,25,,Tier_2,Standard Supermarket,1334.95
row_00792,PRD-0YLTZ9,,Low Fat,0.0913,dairy,76.01,STORE-7WS,47,Medium,Tier_3,Flagship Hypermarket,2571.71
row_00793,PRD-SIIAEB,12.383,Low Fat,0.0949,Snack Foods,119.68,STORE-9RG,28,Small,Tier_2,Standard Supermarket,2485.64
row_00794,PRD-1LWNLR,,Low Fat,0.055,BAKING GOODS,247.55,STORE-7WS,47,Medium,Tier_3,Flagship Hypermarket,5858.87
row_00795,PRD-S2MXCB,,Low Fat,0.0849,Household,180.41,STORE-7WS,47,Medium,Tier_3,Flagship Hypermarket,4021.64
row_00797,PRD-OONR06,9.753,Regular,0.0609,frozen foods,227.46,STORE-9RG,28,Small,Tier_2,Standard Supermarket,3302.82
row_00798,PRD-E42X6G,,Regular,0.1117,Dairy,86.25,STORE-T5G,47,Small,Tier_1,Corner Shop,357.83
row_00799,PRD-UT6HR4,,Low Fat,0.0517,Health and Hygiene,127.46,STORE-T5G,47,Small,Tier_1,Corner Shop,130.32
row_00800,PRD-1NG2QG,7.831,Regular,0.2425,frozen foods,154.16,STORE-JOR,34,,Tier_3,Corner Shop,627.58
row_00801,PRD-OEM1VZ,,Regular,0.0792,dairy,192.25,STORE-7WS,47,Medium,Tier_3,Flagship Hypermarket,7986.05
row_00802,PRD-6HEP2U,18.427,Low Fat,0.0126,Snack Foods,144.76,STORE-89Z,33,Medium,Tier_1,Standard Supermarket,3509.4
row_00803,PRD-FUDM7O,20.004,Regular,0.0226,Fruits and Vegetables,219.2,STORE-AGY,45,Large,Tier_3,Standard Supermarket,3676.06
row_00805,PRD-30D7TU,19.21,Low Fat,0.0128,FRUITS AND VEGETABLES,191.2,STORE-OYG,25,,Tier_2,Standard Supermarket,4870.76
row_00806,PRD-HCW81X,8.419,Low Fat,0.0106,Hard Drinks,147.17,STORE-AGY,45,Large,Tier_3,Standard Supermarket,2920.53
row_00807,PRD-N6HW1H,,Regular,0.1099,starchy foods,90.82,STORE-T5G,47,Small,Tier_1,Corner Shop,187.45
row_00809,PRD-F1RCAV,,Low Fat,0.083,Hard Drinks,151.62,STORE-7WS,47,Medium,Tier_3,Flagship Hypermarket,2348.45
row_00810,PRD-V5WMKZ,6.302,Low Fat,0.1041,Breakfast,131.18,STORE-JOR,34,,Tier_3,Corner Shop,125.69
row_00811,PRD-UE8YM7,20.701,Low Fat,0.0439,Dairy,174.54,STORE-AGY,45,Large,Tier_3,Standard Supermarket,2562.45
row_00813,PRD-CPCMJT,19.744,Low Fat,0.0944,HOUSEHOLD,250.94,STORE-89Z,33,Medium,Tier_1,Standard Supermarket,3440.94
row_00816,PRD-YW8YG4,5.525,Low Fat,0.0687,FROZEN FOODS,255.71,STORE-OYG,25,,Tier_2,Standard Supermarket,8894.14
row_00817,PRD-BH7RPX,5.048,Low Fat,0.0353,Household,164.77,STORE-9RG,28,Small,Tier_2,Standard Supermarket,2159.77
row_00818,PRD-ORDJGF,19.873,Low Fat,0.0052,DAIRY,267.26,STORE-YLW,35,Small,Tier_1,Standard Supermarket,2684.64
row_00820,PRD-ATSN1U,19.542,Low Fat,0.0239,SOFT DRINKS,84.8,STORE-AGY,45,Large,Tier_3,Standard Supermarket,1061.92
row_00821,PRD-VRHX1Z,7.815,Low Fat,0.1224,Fruits and Vegetables,116.6,STORE-YLW,35,Small,Tier_1,Standard Supermarket,961.76
row_00822,PRD-1ZL2WT,13.213,Regular,0.0441,Fruits and Vegetables,158.74,STORE-YLW,35,Small,Tier_1,Standard Supermarket,3640.81
row_00823,PRD-W10HOA,6.686,Low Fat,0.0421,snack foods,93.54,STORE-YLW,35,Small,Tier_1,Standard Supermarket,2319.44
row_00824,PRD-BVGKP7,15.891,Regular,0.0246,FRUITS AND VEGETABLES,100.54,STORE-DKU,30,,Tier_2,Standard Supermarket,1310.35
row_00827,PRD-PD4RXB,16.024,Regular,0.127,Baking Goods,61.96,STORE-YLW,35,Small,Tier_1,Standard Supermarket,2700.15
row_00828,PRD-25OW9Y,12.375,Low Fat,0.0366,Meat,65.54,STORE-9RG,28,Small,Tier_2,Standard Supermarket,895.71
row_00829,PRD-8KQGUY,,Low Fat,0.0503,Household,118.99,STORE-T5G,47,Small,Tier_1,Corner Shop,370.2
row_00830,PRD-Y7T0DJ,,Low Fat,0.1269,FRUITS AND VEGETABLES,90.47,STORE-7WS,47,Medium,Tier_3,Flagship Hypermarket,3088.47
row_00831,PRD-UMPYO0,7.858,Low Fat,0.042,BAKING GOODS,90.4,STORE-HL7,23,Medium,Tier_3,Superstore,1389.62
row_00833,PRD-ZJZCZV,8.539,Low Fat,0.0377,snack foods,100.58,STORE-OYG,25,,Tier_2,Standard Supermarket,1234.84
row_00834,PRD-W103DG,8.305,Low Fat,0.0172,soft drinks,192.85,STORE-AGY,45,Large,Tier_3,Standard Supermarket,3639.69
row_00836,PRD-639BCP,21.375,Regular,0.0607,Baking Goods,92.34,STORE-AGY,45,Large,Tier_3,Standard Supermarket,643.14
row_00837,PRD-TUWAR7,11.013,Low Fat,0.0658,household,35.86,STORE-HL7,23,Medium,Tier_3,Superstore,374.96
row_00838,PRD-KGPPR8,19.631,Regular,0.0639,BAKING GOODS,163.55,STORE-9RG,28,Small,Tier_2,Standard Supermarket,3160.56
row_00839,PRD-Z8TUBC,20.385,Low Fat,0.0217,household,79.51,STORE-9RG,28,Small,Tier_2,Standard Supermarket,1191.92
row_00841,PRD-GLI4UP,13.99,Low Fat,0.0384,Starchy Foods,128.78,STORE-9RG,28,Small,Tier_2,Standard Supermarket,2648.51
row_00842,PRD-GZGU9E,,Low Fat,0.1801,Dairy,234.1,STORE-T5G,47,Small,Tier_1,Corner Shop,953.76
row_00843,PRD-3MS556,17.835,Regular,0.0646,baking goods,159.27,STORE-JOR,34,,Tier_3,Corner Shop,320.8
row_00846,PRD-THVKB8,8.863,Regular,0.0902,DAIRY,266.31,STORE-9RG,28,Small,Tier_2,Standard Supermarket,1909.61
row_00847,PRD-7MBAPO,9.935,Regular,0.0,fruits and vegetables,218.78,STORE-AGY,45,Large,Tier_3,Standard Supermarket,3476.3
row_00848,PRD-HFVMHX,8.136,Low Fat,0.0186,Health and Hygiene,239.38,STORE-YLW,35,Small,Tier_1,Standard Supermarket,7438.99
row_00849,PRD-9WWKQF,17.659,Low Fat,0.0703,Canned,156.37,STORE-89Z,33,Medium,Tier_1,Standard Supermarket,4055.98
row_00850,PRD-MDLMQ0,15.981,Low Fat,0.0574,health and hygiene,146.53,STORE-AGY,45,Large,Tier_3,Standard Supermarket,2501.31
row_00852,PRD-F26B46,18.425,Low Fat,0.0592,Dairy,84.01,STORE-89Z,33,Medium,Tier_1,Standard Supermarket,1799.56
row_00853,PRD-Y0PRZV,,Regular,0.0774,Breads,142.81,STORE-7WS,47,Medium,Tier_3,Flagship Hypermarket,3771.48
row_00854,PRD-PCUYHY,15.264,Low Fat,0.0923,Baking Goods,157.45,STORE-OYG,25,,Tier_2,Standard Supermarket,2685.4
row_00855,PRD-ZE8YM4,10.892,Low Fat,0.0732,Others,68.17,STORE-HL7,23,Medium,Tier_3,Superstore,132.57
row_00857,PRD-EDLQ9E,7.947,Regular,0.0524,breads,251.84,STORE-JOR,34,,Tier_3,Corner Shop,245.96
row_00858,PRD-HBRPOI,11.709,Low Fat,0.0,SOFT DRINKS,141.31,STORE-DKU,30,,Tier_2,Standard Supermarket,3892.63
row_00859,PRD-N5F3DX,16.697,Regular,0.0159,SNACK FOODS,232.44,STORE-HL7,23,Medium,Tier_3,Superstore,2669.97
row_00860,PRD-VDV7PE,11.155,Low Fat,0.0379,Health and Hygiene,39.61,STORE-DKU,30,,Tier_2,Standard Supermarket,507.16
row_00861,PRD-0KDULB,20.448,Low Fat,0.0708,Household,90.54,STORE-DKU,30,,Tier_2,Standard Supermarket,2006.03
row_00862,PRD-CX9J1I,14.264,Low Fat,0.0961,Soft Drinks,174.16,STORE-YLW,35,Small,Tier_1,Standard Supermarket,2340.15
row_00863,PRD-VRURQT,16.496,Regular,0.0606,DAIRY,178.39,STORE-AGY,45,Large,Tier_3,Standard Supermarket,2257.32
row_00864,PRD-UH8IUN,7.956,Regular,0.0415,MEAT,84.75,STORE-DKU,30,,Tier_2,Standard Supermarket,1026.32
row_00865,PRD-ZGIUDT,15.117,Low Fat,0.0928,Health and Hygiene,114.08,STORE-OYG,25,,Tier_2,Standard Supermarket,782.62
row_00866,PRD-25OW9Y,,Low Fat,0.0388,Meat,66.1,STORE-7WS,47,Medium,Tier_3,Flagship Hypermarket,2497.7
row_00867,PRD-3A1DU1,5.793,Low Fat,0.0769,household,164.68,STORE-9RG,28,Small,Tier_2,Standard Supermarket,1166.65
row_00869,PRD-ZLVU35,13.88,Low Fat,0.0159,breads,232.11,STORE-9RG,28,Small,Tier_2,Standard Supermarket,6740.09
row_00870,PRD-A0G7G2,16.389,Low Fat,0.0348,FRUITS AND VEGETABLES,264.33,STORE-DKU,30,,Tier_2,Standard Supermarket,4258.64
row_00871,PRD-R2JCPS,8.76,Low Fat,0.0219,Canned,52.08,STORE-DKU,30,,Tier_2,Standard Supermarket,955.99
row_00872,PRD-40V1GK,17.654,Low Fat,0.0266,Snack Foods,252.2,STORE-HL7,23,Medium,Tier_3,Superstore,3744.86
row_00873,PRD-29S85M,19.61,Low Fat,0.0663,snack foods,175.34,STORE-OYG,25,,Tier_2,Standard Supermarket,2701.68
row_00876,PRD-44P39J,11.569,Regular,0.0696,frozen foods,254.98,STORE-AGY,45,Large,Tier_3,Standard Supermarket,4925.05
row_00877,PRD-UZET1P,13.389,Low Fat,0.036,FRUITS AND VEGETABLES,179.71,STORE-YLW,35,Small,Tier_1,Standard Supermarket,2452.83
row_00878,PRD-W4Z56R,5.606,Low Fat,0.0825,Fruits and Vegetables,161.16,STORE-OYG,25,,Tier_2,Standard Supermarket,1464.63
row_00879,PRD-ILAZCL,8.079,Low Fat,0.0101,SNACK FOODS,244.47,STORE-9RG,28,Small,Tier_2,Standard Supermarket,3738.98
row_00881,PRD-FYZF7M,14.225,Low Fat,0.0903,HEALTH AND HYGIENE,165.03,STORE-89Z,33,Medium,Tier_1,Standard Supermarket,2916.01
row_00883,PRD-BLMMDP,15.996,Regular,0.007,SNACK FOODS,41.36,STORE-9RG,28,Small,Tier_2,Standard Supermarket,489.78
row_00885,PRD-7IOABT,7.479,Low Fat,0.0861,Frozen Foods,151.48,STORE-AGY,45,Large,Tier_3,Standard Supermarket,2911.83
row_00886,PRD-7SMC67,,Low Fat,0.2503,Breakfast,126.5,STORE-T5G,47,Small,Tier_1,Corner Shop,388.65
row_00887,PRD-18NL4I,18.937,Regular,0.0207,Fruits and Vegetables,118.93,STORE-OYG,25,,Tier_2,Standard Supermarket,1719.64
row_00888,PRD-33VFUM,,Low Fat,0.0908,health and hygiene,120.63,STORE-T5G,47,Small,Tier_1,Corner Shop,355.53
row_00889,PRD-A8C4XU,,Regular,0.1409,MEAT,234.3,STORE-T5G,47,Small,Tier_1,Corner Shop,681.7
row_00890,PRD-VD6XDH,20.624,Low Fat,0.1158,snack foods,169.85,STORE-JOR,34,,Tier_3,Corner Shop,541.36
row_00892,PRD-WCAQ6Y,12.239,Regular,0.1049,fruits and vegetables,82.93,STORE-89Z,33,Medium,Tier_1,Standard Supermarket,1368.23
row_00893,PRD-7MBAPO,9.975,Regular,0.0523,Fruits and Vegetables,223.91,STORE-89Z,33,Medium,Tier_1,Standard Supermarket,637.83
row_00894,PRD-D5KXKQ,,Low Fat,0.0538,seafood,198.8,STORE-7WS,47,Medium,Tier_3,Flagship Hypermarket,3667.14
row_00895,PRD-HVVZBL,18.775,Regular,0.065,Dairy,118.6,STORE-HL7,23,Medium,Tier_3,Superstore,1596.69
row_00896,PRD-U0J0N0,8.838,Low Fat,0.0256,Frozen Foods,207.26,STORE-OYG,25,,Tier_2,Standard Supermarket,6377.33
row_00897,PRD-AVC2UI,14.904,Regular,0.1118,Fruits and Vegetables,195.23,STORE-9RG,28,Small,Tier_2,Standard Supermarket,3754.19
row_00898,PRD-DZQ5YW,17.552,Regular,0.0782,Snack Foods,101.86,STORE-JOR,34,,Tier_3,Corner Shop,101.16
row_00900,PRD-25OW9Y,,Low Fat,0.0661,Meat,65.64,STORE-T5G,47,Small,Tier_1,Corner Shop,187.01
row_00901,PRD-BOVVPN,9.806,Low Fat,0.0571,HEALTH AND HYGIENE,199.89,STORE-OYG,25,,Tier_2,Standard Supermarket,3358.0
row_00902,PRD-1GXI9D,13.539,Low Fat,0.0354,Frozen Foods,182.29,STORE-AGY,45,Large,Tier_3,Standard Supermarket,6366.33
row_00903,PRD-MU6FGK,16.267,Low Fat,0.0276,FROZEN FOODS,56.12,STORE-YLW,35,Small,Tier_1,Standard Supermarket,1016.28
row_00904,PRD-C1HY2U,20.045,Low Fat,0.0752,DAIRY,110.56,STORE-AGY,45,Large,Tier_3,Standard Supermarket,637.45
row_00907,PRD-3KEGH5,6.006,Low Fat,0.0,canned,228.53,STORE-DKU,30,,Tier_2,Standard Supermarket,5307.24
row_00908,PRD-FP4E8T,,Low Fat,0.0259,FRUITS AND VEGETABLES,118.0,STORE-7WS,47,Medium,Tier_3,Flagship Hypermarket,4334.99
row_00909,PRD-TE0XFZ,7.573,Regular,0.0,FROZEN FOODS,219.84,STORE-9RG,28,Small,Tier_2,Standard Supermarket,4129.45
row_00910,PRD-NSLK6R,,Regular,0.0698,Baking Goods,187.76,STORE-7WS,47,Medium,Tier_3,Flagship Hypermarket,3572.72
row_00911,PRD-N3QXKH,13.832,Low Fat,0.0,dairy,234.73,STORE-89Z,33,Medium,Tier_1,Standard Supermarket,1835.48
row_00912,PRD-WJRNZT,17.39,Low Fat,0.0405,household,162.42,STORE-AGY,45,Large,Tier_3,Standard Supermarket,2311.02
row_00913,PRD-1ZUYZY,8.935,Regular,0.0468,fruits and vegetables,170.32,STORE-YLW,35,Small,Tier_1,Standard Supermarket,3065.07
row_00915,PRD-0Y2EFZ,15.534,Regular,0.1121,CANNED,116.23,STORE-HL7,23,Medium,Tier_3,Superstore,757.68
row_00916,PRD-AG1OL7,15.635,Low Fat,0.0208,SOFT DRINKS,211.29,STORE-OYG,25,,Tier_2,Standard Supermarket,5283.57
row_00917,PRD-ONUBR9,8.848,Low Fat,0.0,canned,47.6,STORE-AGY,45,Large,Tier_3,Standard Supermarket,576.32
row_00918,PRD-CXN22P,15.794,Low Fat,0.144,Dairy,93.76,STORE-JOR,34,,Tier_3,Corner Shop,184.8
row_00919,PRD-KL9Z6V,,Low Fat,0.1679,fruits and vegetables,36.93,STORE-7WS,47,Medium,Tier_3,Flagship Hypermarket,1311.18
row_00920,PRD-LCSXU1,11.725,Regular,0.0568,Baking Goods,168.4,STORE-9RG,28,Small,Tier_2,Standard Supermarket,3064.62
row_00921,PRD-C2MU46,17.704,Low Fat,0.0152,SNACK FOODS,194.47,STORE-YLW,35,Small,Tier_1,Standard Supermarket,3114.22
row_00922,PRD-30DM7X,9.378,Regular,0.1051,SOFT DRINKS,41.99,STORE-9RG,28,Small,Tier_2,Standard Supermarket,445.6
row_00923,PRD-7N4YTU,17.963,Low Fat,0.1286,Snack Foods,264.82,STORE-JOR,34,,Tier_3,Corner Shop,498.71
row_00925,PRD-95CTT5,7.791,Low Fat,0.1202,fruits and vegetables,192.89,STORE-JOR,34,,Tier_3,Corner Shop,389.8
row_00926,PRD-AQA355,17.481,Low Fat,0.1121,FROZEN FOODS,39.93,STORE-OYG,25,,Tier_2,Standard Supermarket,317.38
row_00927,PRD-6NJX8K,,Low Fat,0.0375,household,236.23,STORE-7WS,47,Medium,Tier_3,Flagship Hypermarket,7581.74
row_00928,PRD-78ZC9Y,17.041,Low Fat,0.0532,Dairy,223.65,STORE-YLW,35,Small,Tier_1,Standard Supermarket,4440.05
row_00929,PRD-G7TBTN,,Low Fat,0.0586,Snack Foods,53.61,STORE-9RG,28,Small,Tier_2,Standard Supermarket,586.48
row_00930,PRD-NI9NWR,12.325,Low Fat,0.0779,HEALTH AND HYGIENE,37.54,STORE-DKU,30,,Tier_2,Standard Supermarket,616.42
row_00931,PRD-4EYNIN,7.027,Low Fat,0.0806,Household,120.14,STORE-9RG,28,Small,Tier_2,Standard Supermarket,1877.94
row_00932,PRD-1APTC7,20.326,Low Fat,0.0601,HEALTH AND HYGIENE,111.29,STORE-OYG,25,,Tier_2,Standard Supermarket,1543.07
row_00933,PRD-CM8SJU,20.752,Low Fat,0.0221,Others,152.95,STORE-DKU,30,,Tier_2,Standard Supermarket,4105.27
row_00934,PRD-PLE5H3,10.43,Low Fat,0.0284,FRUITS AND VEGETABLES,102.37,STORE-9RG,28,Small,Tier_2,Standard Supermarket,1286.3
row_00935,PRD-CFZYY9,,Low Fat,0.1494,FROZEN FOODS,210.6,STORE-T5G,47,Small,Tier_1,Corner Shop,1086.27
row_00936,PRD-5YE8T5,14.587,Regular,0.0364,FRUITS AND VEGETABLES,158.56,STORE-9RG,28,Small,Tier_2,Standard Supermarket,2256.78
row_00937,PRD-I379U2,19.112,Low Fat,0.0572,Soft Drinks,55.25,STORE-JOR,34,,Tier_3,Corner Shop,158.4
row_00938,PRD-1AS2YU,18.776,Low Fat,0.0897,Baking Goods,134.25,STORE-JOR,34,,Tier_3,Corner Shop,262.69
row_00939,PRD-YX3CXX,12.942,Low Fat,0.0466,breads,61.94,STORE-HL7,23,Medium,Tier_3,Superstore,634.26
row_00940,PRD-VKXTUF,21.069,Low Fat,0.0411,Fruits and Vegetables,96.97,STORE-JOR,34,,Tier_3,Corner Shop,94.69
row_00941,PRD-3D9PH3,18.601,Low Fat,0.1327,hard drinks,160.34,STORE-OYG,25,,Tier_2,Standard Supermarket,1465.85
row_00942,PRD-P6SDYY,19.752,Regular,0.1044,MEAT,161.84,STORE-JOR,34,,Tier_3,Corner Shop,691.36
row_00943,PRD-24SCOS,,Low Fat,0.0062,HARD DRINKS,155.81,STORE-T5G,47,Small,Tier_1,Corner Shop,454.4
row_00944,PRD-D4K7YJ,18.021,Regular,0.0,Starchy Foods,187.78,STORE-YLW,35,Small,Tier_1,Standard Supermarket,4370.77
row_00945,PRD-ATSWZZ,11.075,Low Fat,0.0301,Household,116.45,STORE-DKU,30,,Tier_2,Standard Supermarket,708.31
row_00949,PRD-Y4II63,17.07,Low Fat,0.1318,Household,128.37,STORE-OYG,25,,Tier_2,Standard Supermarket,2532.31
row_00950,PRD-JN3LYX,13.966,Low Fat,0.1288,DAIRY,117.54,STORE-HL7,23,Medium,Tier_3,Superstore,2016.51
row_00951,PRD-QEYOOU,19.158,Regular,0.0,Frozen Foods,235.02,STORE-9RG,28,Small,Tier_2,Standard Supermarket,3221.02
row_00952,PRD-GJ1QQ8,20.548,Low Fat,0.1431,Baking Goods,119.19,STORE-JOR,34,,Tier_3,Corner Shop,119.57
row_00953,PRD-S6KFRX,19.035,Low Fat,0.2884,household,169.54,STORE-JOR,34,,Tier_3,Corner Shop,1010.2
row_00954,PRD-BFDNHH,,Regular,0.09,Snack Foods,152.75,STORE-7WS,47,Medium,Tier_3,Flagship Hypermarket,3675.02
row_00955,PRD-ZKHI80,13.399,Low Fat,0.025,Household,173.34,STORE-AGY,45,Large,Tier_3,Standard Supermarket,2704.68
row_00956,PRD-SVH3EJ,6.292,Low Fat,0.0128,meat,39.55,STORE-OYG,25,,Tier_2,Standard Supermarket,1101.33
row_00957,PRD-9AHW2P,13.704,Regular,0.056,SNACK FOODS,225.07,STORE-YLW,35,Small,Tier_1,Standard Supermarket,5328.78
row_00958,PRD-5AH9WE,,Low Fat,0.0928,Household,194.63,STORE-7WS,47,Medium,Tier_3,Flagship Hypermarket,5919.06
row_00959,PRD-299PG3,8.648,Regular,0.0409,Canned,187.17,STORE-89Z,33,Medium,Tier_1,Standard Supermarket,1637.3
row_00960,PRD-BJPI4H,6.901,Low Fat,0.0148,Soft Drinks,125.68,STORE-OYG,25,,Tier_2,Standard Supermarket,1662.16
row_00961,PRD-THVKB8,,Regular,0.0859,dairy,257.16,STORE-7WS,47,Medium,Tier_3,Flagship Hypermarket,9523.15
row_00962,PRD-VKXTUF,,Low Fat,0.0394,FRUITS AND VEGETABLES,96.17,STORE-T5G,47,Small,Tier_1,Corner Shop,183.69
row_00964,PRD-L6HYC1,7.152,Regular,0.1481,SNACK FOODS,101.88,STORE-HL7,23,Medium,Tier_3,Superstore,1887.24
row_00965,PRD-SIY7PG,14.325,Low Fat,0.0421,Household,42.56,STORE-JOR,34,,Tier_3,Corner Shop,41.85
row_00966,PRD-FYZF7M,14.402,Low Fat,0.0901,health and hygiene,156.49,STORE-OYG,25,,Tier_2,Standard Supermarket,2280.52
row_00967,PRD-1K1QT6,14.001,Low Fat,0.0164,HOUSEHOLD,180.54,STORE-JOR,34,,Tier_3,Corner Shop,341.3
row_00968,PRD-O15RRZ,12.656,Low Fat,0.102,Frozen Foods,39.76,STORE-OYG,25,,Tier_2,Standard Supermarket,1316.09
row_00969,PRD-BLMMDP,15.878,Regular,0.0074,snack foods,39.02,STORE-DKU,30,,Tier_2,Standard Supermarket,703.95
row_00970,PRD-JEDKTS,,Low Fat,0.087,Soft Drinks,93.44,STORE-T5G,47,Small,Tier_1,Corner Shop,95.14
row_00971,PRD-5WVO01,5.036,Low Fat,0.0316,Health and Hygiene,35.83,STORE-AGY,45,Large,Tier_3,Standard Supermarket,391.36
row_00972,PRD-OI4J3X,,Regular,0.166,Fruits and Vegetables,63.64,STORE-7WS,47,Medium,Tier_3,Flagship Hypermarket,2400.73
row_00973,PRD-H4PNZP,17.932,Regular,0.0124,Fruits and Vegetables,58.62,STORE-89Z,33,Medium,Tier_1,Standard Supermarket,1697.28
row_00974,PRD-C5BV1L,15.487,Low Fat,0.0227,household,100.43,STORE-HL7,23,Medium,Tier_3,Superstore,998.09
row_00975,PRD-JQHUCI,7.825,Regular,0.1487,Canned,51.22,STORE-DKU,30,,Tier_2,Standard Supermarket,1163.15
row_00976,PRD-1LYFSP,,Low Fat,0.3201,Fruits and Vegetables,228.19,STORE-T5G,47,Small,Tier_1,Corner Shop,850.7
row_00978,PRD-UVYP1N,14.85,Regular,0.0976,Snack Foods,161.95,STORE-DKU,30,,Tier_2,Standard Supermarket,4133.37
row_00979,PRD-7R37F7,10.51,Regular,0.0262,fruits and vegetables,219.0,STORE-YLW,35,Small,Tier_1,Standard Supermarket,2960.09
row_00982,PRD-VTAQXP,6.1,Regular,0.0998,DAIRY,44.51,STORE-AGY,45,Large,Tier_3,Standard Supermarket,344.63
row_00983,PRD-QYXGO4,19.573,Low Fat,0.0559,Fruits and Vegetables,56.65,STORE-89Z,33,Medium,Tier_1,Standard Supermarket,835.29
row_00985,PRD-TKW2J2,7.235,Regular,0.0537,BREADS,229.82,STORE-9RG,28,Small,Tier_2,Standard Supermarket,5897.21
row_00986,PRD-NZLAXA,18.392,Low Fat,0.041,Household,248.52,STORE-AGY,45,Large,Tier_3,Standard Supermarket,6413.1
row_00987,PRD-V33B4H,14.085,Regular,0.0854,Meat,121.43,STORE-YLW,35,Small,Tier_1,Standard Supermarket,2099.6
row_00988,PRD-YC4OM3,12.171,Low Fat,0.0111,DAIRY,161.8,STORE-YLW,35,Small,Tier_1,Standard Supermarket,2267.19
row_00989,PRD-X272HP,4.664,Low Fat,0.0,Soft Drinks,113.24,STORE-DKU,30,,Tier_2,Standard Supermarket,1195.4
row_00990,PRD-1IQXZX,,Low Fat,0.0749,Frozen Foods,41.83,STORE-T5G,47,Small,Tier_1,Corner Shop,40.83
row_00991,PRD-6HEP2U,17.795,Low Fat,0.0128,snack foods,141.77,STORE-HL7,23,Medium,Tier_3,Superstore,2565.8
row_00992,PRD-6O3NRD,11.567,Low Fat,0.0073,Meat,198.69,STORE-DKU,30,,Tier_2,Standard Supermarket,944.09
row_00993,PRD-LF7XE7,15.543,Low Fat,0.1798,Fruits and Vegetables,115.89,STORE-AGY,45,Large,Tier_3,Standard Supermarket,664.83
row_00994,PRD-TS5BJJ,6.194,Low Fat,0.0352,HOUSEHOLD,253.78,STORE-JOR,34,,Tier_3,Corner Shop,248.12
row_00995,PRD-8CX8FG,14.392,Regular,0.0881,FROZEN FOODS,231.06,STORE-YLW,35,Small,Tier_1,Standard Supermarket,3106.47
row_01000,PRD-YCKVJK,13.255,Regular,0.1916,canned,219.26,STORE-OYG,25,,Tier_2,Standard Supermarket,3068.13
row_01002,PRD-3I603D,17.627,Low Fat,0.0274,Frozen Foods,259.49,STORE-AGY,45,Large,Tier_3,Standard Supermarket,4924.98
row_01003,PRD-59JSU0,15.469,Regular,0.0958,meat,135.65,STORE-DKU,30,,Tier_2,Standard Supermarket,1458.32
row_01004,PRD-R3PE29,5.498,Low Fat,0.1802,Soft Drinks,142.75,STORE-AGY,45,Large,Tier_3,Standard Supermarket,1941.78
row_01005,PRD-Q8V88B,,Regular,0.1036,Canned,230.09,STORE-7WS,47,Medium,Tier_3,Flagship Hypermarket,5621.86
row_01006,PRD-LUX745,16.269,Low Fat,0.0363,Health and Hygiene,94.33,STORE-DKU,30,,Tier_2,Standard Supermarket,849.55
row_01007,PRD-45H02C,13.195,Regular,0.0307,CANNED,60.64,STORE-HL7,23,Medium,Tier_3,Superstore,557.61
row_01008,PRD-X497W1,10.296,Low Fat,0.046,HARD DRINKS,157.33,STORE-89Z,33,Medium,Tier_1,Standard Supermarket,1868.1
row_01009,PRD-WEPXSK,14.482,Low Fat,0.0453,Soft Drinks,77.46,STORE-9RG,28,Small,Tier_2,Standard Supermarket,1570.36
row_01010,PRD-UUSRZR,,Regular,0.0592,FROZEN FOODS,152.17,STORE-7WS,47,Medium,Tier_3,Flagship Hypermarket,6025.88
row_01011,PRD-49DBZ7,10.883,Low Fat,0.1566,Snack Foods,104.58,STORE-9RG,28,Small,Tier_2,Standard Supermarket,772.27
row_01012,PRD-V94X2H,13.957,Low Fat,0.0351,Snack Foods,236.31,STORE-AGY,45,Large,Tier_3,Standard Supermarket,3159.67
row_01013,PRD-JDXA1F,9.996,Low Fat,0.0266,MEAT,124.39,STORE-AGY,45,Large,Tier_3,Standard Supermarket,2212.8
row_01014,PRD-MLWBFJ,6.363,Low Fat,0.0311,baking goods,92.41,STORE-AGY,45,Large,Tier_3,Standard Supermarket,1186.64
row_01015,PRD-ZE84LM,7.18,Low Fat,0.0235,frozen foods,98.46,STORE-89Z,33,Medium,Tier_1,Standard Supermarket,1450.95
row_01016,PRD-7Y6KY9,20.418,Low Fat,0.0313,BAKING GOODS,176.74,STORE-9RG,28,Small,Tier_2,Standard Supermarket,4760.87
row_01018,PRD-6O0HUH,20.674,Regular,0.0,Fruits and Vegetables,228.53,STORE-DKU,30,,Tier_2,Standard Supermarket,1403.32
row_01019,PRD-BJPI4H,6.978,Low Fat,0.0,soft drinks,127.94,STORE-AGY,45,Large,Tier_3,Standard Supermarket,2417.12
row_01020,PRD-N3R81D,18.588,Regular,0.0918,Frozen Foods,181.84,STORE-DKU,30,,Tier_2,Standard Supermarket,1790.52
row_01021,PRD-0JGL4C,,Regular,0.2399,Canned,40.6,STORE-T5G,47,Small,Tier_1,Corner Shop,78.58
row_01022,PRD-JLD0TT,12.352,Low Fat,0.0239,DAIRY,34.47,STORE-9RG,28,Small,Tier_2,Standard Supermarket,487.03
row_01023,PRD-I85FVO,20.403,Low Fat,0.0646,Household,60.79,STORE-DKU,30,,Tier_2,Standard Supermarket,1184.24
row_01024,PRD-VLTBHO,17.394,Low Fat,0.1516,Meat,163.49,STORE-HL7,23,Medium,Tier_3,Superstore,2016.06
row_01027,PRD-WT29FN,17.627,Low Fat,0.0086,Baking Goods,80.54,STORE-HL7,23,Medium,Tier_3,Superstore,665.74
row_01028,PRD-W4Z56R,5.81,Low Fat,0.0853,FRUITS AND VEGETABLES,161.42,STORE-DKU,30,,Tier_2,Standard Supermarket,1800.57
row_01029,PRD-299PG3,8.823,Regular,0.0393,Canned,187.35,STORE-AGY,45,Large,Tier_3,Standard Supermarket,3781.74
row_01030,PRD-00CVW9,7.55,Regular,0.0776,breads,78.82,STORE-YLW,35,Small,Tier_1,Standard Supermarket,1932.29
row_01033,PRD-KTGBTY,11.575,Low Fat,0.0196,hard drinks,39.24,STORE-89Z,33,Medium,Tier_1,Standard Supermarket,569.64
row_01035,PRD-EGC2DP,6.991,Low Fat,0.0593,Snack Foods,220.23,STORE-DKU,30,,Tier_2,Standard Supermarket,1990.24
row_01036,PRD-KSF4HT,,Low Fat,0.0576,Seafood,109.19,STORE-T5G,47,Small,Tier_1,Corner Shop,329.09
row_01037,PRD-AY7R54,17.761,Low Fat,0.0773,Household,229.03,STORE-AGY,45,Large,Tier_3,Standard Supermarket,4492.77
row_01038,PRD-NY1QEG,9.161,Low Fat,0.0398,Frozen Foods,62.72,STORE-DKU,30,,Tier_2,Standard Supermarket,793.55
row_01039,PRD-2UHCIN,20.807,Low Fat,0.0253,Household,176.54,STORE-YLW,35,Small,Tier_1,Standard Supermarket,2457.26
row_01040,PRD-2YAZQT,15.069,Regular,0.0816,frozen foods,48.36,STORE-AGY,45,Large,Tier_3,Standard Supermarket,293.74
row_01041,PRD-P8192C,8.527,Low Fat,0.0683,Household,214.94,STORE-9RG,28,Small,Tier_2,Standard Supermarket,2444.19
row_01042,PRD-KK5FI1,12.252,Regular,0.0758,canned,88.05,STORE-OYG,25,,Tier_2,Standard Supermarket,1395.85
row_01045,PRD-HYF9SX,17.02,Regular,0.0243,SOFT DRINKS,38.43,STORE-89Z,33,Medium,Tier_1,Standard Supermarket,595.56
row_01047,PRD-ILCMG5,,Regular,0.0865,FRUITS AND VEGETABLES,141.96,STORE-T5G,47,Small,Tier_1,Corner Shop,292.33
row_01048,PRD-JDXA1F,9.708,Low Fat,0.027,Meat,130.07,STORE-89Z,33,Medium,Tier_1,Standard Supermarket,3176.82
row_01049,PRD-9LB7L5,18.642,Regular,0.1735,Dairy,155.93,STORE-89Z,33,Medium,Tier_1,Standard Supermarket,2062.6
row_01051,PRD-JZ2N82,12.723,Low Fat,0.0963,Household,45.24,STORE-AGY,45,Large,Tier_3,Standard Supermarket,665.14
row_01052,PRD-0948NP,9.451,Low Fat,0.036,Fruits and Vegetables,139.39,STORE-OYG,25,,Tier_2,Standard Supermarket,1756.1
row_01053,PRD-ZFV8YU,7.737,Low Fat,0.0885,fruits and vegetables,132.0,STORE-JOR,34,,Tier_3,Corner Shop,128.56
row_01054,PRD-2I8L31,19.989,Low Fat,0.0369,Fruits and Vegetables,120.8,STORE-YLW,35,Small,Tier_1,Standard Supermarket,2310.73
row_01055,PRD-3UEA3G,15.285,Low Fat,0.1643,Dairy,37.06,STORE-HL7,23,Medium,Tier_3,Superstore,255.72
row_01056,PRD-53JSJC,,Low Fat,0.0606,household,232.56,STORE-7WS,47,Medium,Tier_3,Flagship Hypermarket,2636.98
row_01057,PRD-HYF9SX,17.162,Regular,0.0,SOFT DRINKS,40.13,STORE-YLW,35,Small,Tier_1,Standard Supermarket,350.12
row_01058,PRD-AVC2UI,15.454,Regular,0.1185,fruits and vegetables,191.97,STORE-YLW,35,Small,Tier_1,Standard Supermarket,1762.73
row_01059,PRD-6GKHNX,8.674,Low Fat,0.0492,Health and Hygiene,128.26,STORE-AGY,45,Large,Tier_3,Standard Supermarket,642.85
row_01060,PRD-ESG687,17.819,Low Fat,0.1779,Dairy,153.2,STORE-OYG,25,,Tier_2,Standard Supermarket,1525.28
row_01061,PRD-WT29FN,,Low Fat,0.0086,baking goods,83.07,STORE-7WS,47,Medium,Tier_3,Flagship Hypermarket,1463.19
row_01062,PRD-M5VWIP,5.913,Low Fat,0.0735,FROZEN FOODS,122.5,STORE-89Z,33,Medium,Tier_1,Standard Supermarket,1113.74
row_01063,PRD-MHZN3M,17.459,Low Fat,0.0279,MEAT,145.97,STORE-JOR,34,,Tier_3,Corner Shop,428.4
row_01065,PRD-994LX9,7.631,Low Fat,0.1413,Dairy,105.03,STORE-YLW,35,Small,Tier_1,Standard Supermarket,419.73
row_01066,PRD-P2S2O8,10.543,Low Fat,0.0241,Fruits and Vegetables,56.66,STORE-HL7,23,Medium,Tier_3,Superstore,544.69
row_01067,PRD-MQEEB6,17.296,Low Fat,0.0733,Canned,76.14,STORE-89Z,33,Medium,Tier_1,Standard Supermarket,635.99
row_01068,PRD-AK2WNJ,,Low Fat,0.1363,Baking Goods,175.13,STORE-T5G,47,Small,Tier_1,Corner Shop,356.21
row_01069,PRD-ANNREG,,Regular,0.0337,Canned,139.18,STORE-7WS,47,Medium,Tier_3,Flagship Hypermarket,2513.6
row_01070,PRD-83UJSO,,Low Fat,0.0186,health and hygiene,129.38,STORE-7WS,47,Medium,Tier_3,Flagship Hypermarket,3479.85
row_01071,PRD-GH9N12,10.972,Regular,0.1028,Baking Goods,100.05,STORE-YLW,35,Small,Tier_1,Standard Supermarket,1012.58
row_01072,PRD-V82DIB,11.842,Regular,0.0107,meat,107.75,STORE-HL7,23,Medium,Tier_3,Superstore,339.82
row_01073,PRD-BAZHAK,,Low Fat,0.0989,frozen foods,112.32,STORE-7WS,47,Medium,Tier_3,Flagship Hypermarket,4189.22
row_01074,PRD-AVC2UI,15.153,Regular,0.0,fruits and vegetables,198.04,STORE-89Z,33,Medium,Tier_1,Standard Supermarket,2426.43
row_01075,PRD-LYF3YR,6.507,Low Fat,0.0062,household,163.72,STORE-9RG,28,Small,Tier_2,Standard Supermarket,2658.56
row_01076,PRD-97XGCK,15.53,Low Fat,0.0,Baking Goods,109.94,STORE-HL7,23,Medium,Tier_3,Superstore,1445.81
row_01079,PRD-Q7U1KU,12.911,Low Fat,0.0219,Dairy,118.65,STORE-DKU,30,,Tier_2,Standard Supermarket,1993.58
row_01080,PRD-AAFH5J,20.276,Low Fat,0.0197,Fruits and Vegetables,86.78,STORE-HL7,23,Medium,Tier_3,Superstore,722.79
row_01081,PRD-R2JCPS,8.901,Low Fat,0.0211,Canned,52.01,STORE-89Z,33,Medium,Tier_1,Standard Supermarket,704.49
row_01082,PRD-71SD9E,13.97,Low Fat,0.0671,Snack Foods,200.97,STORE-DKU,30,,Tier_2,Standard Supermarket,2132.34
row_01083,PRD-444NK0,5.028,Regular,0.0624,Meat,124.17,STORE-YLW,35,Small,Tier_1,Standard Supermarket,3335.59
row_01084,PRD-8KYLHT,9.162,Low Fat,0.1762,SNACK FOODS,106.92,STORE-89Z,33,Medium,Tier_1,Standard Supermarket,1946.23
row_01086,PRD-GZ0C99,,Regular,0.0255,Meat,245.33,STORE-T5G,47,Small,Tier_1,Corner Shop,1035.23
row_01087,PRD-KINNDW,19.917,Regular,0.0,FROZEN FOODS,81.41,STORE-OYG,25,,Tier_2,Standard Supermarket,1105.66
row_01088,PRD-KYKE9F,13.614,Low Fat,0.0367,SNACK FOODS,241.15,STORE-DKU,30,,Tier_2,Standard Supermarket,2219.25
row_01089,PRD-M2PZNT,,Low Fat,0.0186,Others,159.66,STORE-7WS,47,Medium,Tier_3,Flagship Hypermarket,5805.06
row_01091,PRD-JB3VCF,13.415,Regular,0.0124,SNACK FOODS,58.32,STORE-9RG,28,Small,Tier_2,Standard Supermarket,940.42
row_01092,PRD-4EYNIN,7.053,Low Fat,0.0769,Household,115.54,STORE-AGY,45,Large,Tier_3,Standard Supermarket,2428.48
row_01094,PRD-83UJSO,18.336,Low Fat,0.0185,health and hygiene,132.65,STORE-9RG,28,Small,Tier_2,Standard Supermarket,3258.1
row_01095,PRD-OQTFZN,11.971,Regular,0.1311,Fruits and Vegetables,182.82,STORE-AGY,45,Large,Tier_3,Standard Supermarket,2517.62
row_01096,PRD-N7XY43,16.02,Low Fat,0.0806,Canned,92.77,STORE-AGY,45,Large,Tier_3,Standard Supermarket,1881.33
row_01097,PRD-9IT02F,17.268,Low Fat,0.0,HOUSEHOLD,117.97,STORE-HL7,23,Medium,Tier_3,Superstore,1402.5
row_01098,PRD-XWMUWB,18.833,Low Fat,0.0343,Snack Foods,179.66,STORE-OYG,25,,Tier_2,Standard Supermarket,3264.93
row_01099,PRD-FNO6B9,8.097,Regular,0.1309,soft drinks,191.56,STORE-HL7,23,Medium,Tier_3,Superstore,4633.09
row_01100,PRD-V3OJ57,,Low Fat,0.0417,Frozen Foods,54.66,STORE-7WS,47,Medium,Tier_3,Flagship Hypermarket,991.18
row_01101,PRD-N7P05D,11.666,Regular,0.0226,Dairy,183.09,STORE-OYG,25,,Tier_2,Standard Supermarket,1636.5
row_01102,PRD-TFZHI9,8.833,Low Fat,0.1481,Health and Hygiene,93.33,STORE-HL7,23,Medium,Tier_3,Superstore,1018.13
row_01103,PRD-BA4ILA,,Regular,0.2044,Fruits and Vegetables,110.85,STORE-T5G,47,Small,Tier_1,Corner Shop,348.41
row_01106,PRD-QP2PX3,7.061,Regular,0.0395,Dairy,99.88,STORE-DKU,30,,Tier_2,Standard Supermarket,587.57
row_01109,PRD-J0G50R,20.025,Low Fat,0.0627,Canned,89.05,STORE-YLW,35,Small,Tier_1,Standard Supermarket,1802.93
row_01110,PRD-AG1OL7,15.075,Low Fat,0.0193,Soft Drinks,212.44,STORE-AGY,45,Large,Tier_3,Standard Supermarket,3080.48
row_01112,PRD-SILU2D,6.408,Low Fat,0.0104,CANNED,118.05,STORE-YLW,35,Small,Tier_1,Standard Supermarket,1735.96
row_01113,PRD-MLWBFJ,6.355,Low Fat,0.0299,Baking Goods,93.28,STORE-YLW,35,Small,Tier_1,Standard Supermarket,998.61
row_01114,PRD-YUG5GN,12.078,Low Fat,0.1259,FRUITS AND VEGETABLES,47.25,STORE-OYG,25,,Tier_2,Standard Supermarket,280.22
row_01116,PRD-F88JRF,18.099,Regular,0.0631,Frozen Foods,150.53,STORE-YLW,35,Small,Tier_1,Standard Supermarket,2076.77
row_01117,PRD-1GXI9D,,Low Fat,0.0366,FROZEN FOODS,183.23,STORE-7WS,47,Medium,Tier_3,Flagship Hypermarket,5924.51
row_01118,PRD-25OW9Y,12.436,Low Fat,0.0636,MEAT,64.22,STORE-JOR,34,,Tier_3,Corner Shop,268.44
row_01120,PRD-BOVVPN,10.109,Low Fat,0.0546,Health and Hygiene,200.38,STORE-AGY,45,Large,Tier_3,Standard Supermarket,574.07
row_01121,PRD-4JP18M,18.345,Low Fat,0.0516,SNACK FOODS,125.23,STORE-YLW,35,Small,Tier_1,Standard Supermarket,820.09
row_01122,PRD-1UBYH8,7.673,Low Fat,0.0589,Breakfast,166.77,STORE-89Z,33,Medium,Tier_1,Standard Supermarket,1169.5
row_01125,PRD-0X3FG6,21.078,Regular,0.1652,Fruits and Vegetables,126.05,STORE-JOR,34,,Tier_3,Corner Shop,242.43
row_01127,PRD-ZHWW3L,12.356,Regular,0.0197,Meat,96.89,STORE-89Z,33,Medium,Tier_1,Standard Supermarket,1553.42
row_01128,PRD-NNQFKP,14.928,Low Fat,0.1142,Soft Drinks,34.87,STORE-89Z,33,Medium,Tier_1,Standard Supermarket,611.68
row_01130,PRD-NHLLA9,13.735,Low Fat,0.077,Health and Hygiene,55.62,STORE-9RG,28,Small,Tier_2,Standard Supermarket,503.96
row_01131,PRD-T4BXVH,8.804,Low Fat,0.0344,FRUITS AND VEGETABLES,113.2,STORE-JOR,34,,Tier_3,Corner Shop,328.27
row_01132,PRD-K2W2CW,16.723,Low Fat,0.0487,CANNED,118.75,STORE-DKU,30,,Tier_2,Standard Supermarket,3322.17
row_01133,PRD-T6MJXK,19.135,Low Fat,0.0232,Dairy,97.88,STORE-OYG,25,,Tier_2,Standard Supermarket,697.42
row_01134,PRD-4AAL09,,Low Fat,0.1471,Others,37.41,STORE-T5G,47,Small,Tier_1,Corner Shop,107.15
row_01135,PRD-WV98Y3,20.108,Low Fat,0.0,Snack Foods,124.35,STORE-89Z,33,Medium,Tier_1,Standard Supermarket,1480.89
row_01136,PRD-X7CODR,19.268,Low Fat,0.0141,Household,100.71,STORE-HL7,23,Medium,Tier_3,Superstore,1465.72
row_01137,PRD-6YLBXP,17.45,Regular,0.1353,canned,259.36,STORE-HL7,23,Medium,Tier_3,Superstore,6564.05
row_01138,PRD-EFRJYJ,5.403,Regular,0.1377,Seafood,174.79,STORE-89Z,33,Medium,Tier_1,Standard Supermarket,3154.64
row_01139,PRD-V2V1IT,10.294,Low Fat,0.0452,Frozen Foods,135.78,STORE-AGY,45,Large,Tier_3,Standard Supermarket,1462.39
row_01140,PRD-I4J38V,13.631,Low Fat,0.061,Frozen Foods,147.13,STORE-9RG,28,Small,Tier_2,Standard Supermarket,1300.98
row_01141,PRD-202SK1,19.741,Low Fat,0.0852,canned,184.71,STORE-OYG,25,,Tier_2,Standard Supermarket,5154.93
row_01142,PRD-U3BDL2,8.796,Regular,0.0541,Breads,131.12,STORE-YLW,35,Small,Tier_1,Standard Supermarket,1575.99
row_01143,PRD-OAEDOE,13.226,Low Fat,0.0,DAIRY,76.57,STORE-YLW,35,Small,Tier_1,Standard Supermarket,975.84
row_01144,PRD-FTNWN0,17.678,Low Fat,0.1424,breads,94.25,STORE-OYG,25,,Tier_2,Standard Supermarket,1667.5
row_01147,PRD-Y20K05,,Low Fat,0.0093,MEAT,118.77,STORE-7WS,47,Medium,Tier_3,Flagship Hypermarket,2849.27
row_01149,PRD-0V6RAS,11.748,Regular,0.0478,fruits and vegetables,165.8,STORE-YLW,35,Small,Tier_1,Standard Supermarket,1298.91
row_01150,PRD-H56OB4,9.172,Low Fat,0.0465,HOUSEHOLD,108.46,STORE-DKU,30,,Tier_2,Standard Supermarket,2017.93
row_01151,PRD-TFZHI9,8.612,Low Fat,0.1488,health and hygiene,97.71,STORE-YLW,35,Small,Tier_1,Standard Supermarket,1933.58
row_01152,PRD-KJ6I53,7.75,Low Fat,0.1781,Household,37.16,STORE-DKU,30,,Tier_2,Standard Supermarket,430.13
row_01153,PRD-WJIQXP,,Regular,0.1313,Frozen Foods,195.42,STORE-T5G,47,Small,Tier_1,Corner Shop,187.33
row_01154,PRD-LQY3T3,16.022,Low Fat,0.0889,Household,191.68,STORE-AGY,45,Large,Tier_3,Standard Supermarket,2595.9
row_01155,PRD-KE6H76,8.421,Regular,0.0295,Baking Goods,99.89,STORE-YLW,35,Small,Tier_1,Standard Supermarket,485.14
row_01156,PRD-PUWBWJ,12.342,Regular,0.0736,Dairy,262.3,STORE-OYG,25,,Tier_2,Standard Supermarket,10130.9
row_01157,PRD-CJ2XX2,8.415,Low Fat,0.0345,Fruits and Vegetables,36.56,STORE-OYG,25,,Tier_2,Standard Supermarket,825.6
row_01158,PRD-DFNIAJ,,Low Fat,0.0885,breads,117.48,STORE-7WS,47,Medium,Tier_3,Flagship Hypermarket,3648.76
row_01159,PRD-Y54CLR,,Regular,0.133,Snack Foods,167.39,STORE-7WS,47,Medium,Tier_3,Flagship Hypermarket,1009.24
row_01160,PRD-75E78H,7.255,Low Fat,0.0304,household,178.27,STORE-89Z,33,Medium,Tier_1,Standard Supermarket,6440.14
row_01161,PRD-2G9O9Y,,Regular,0.157,Canned,248.67,STORE-T5G,47,Small,Tier_1,Corner Shop,1019.68
row_01163,PRD-3OZLL1,6.415,Low Fat,0.1369,snack foods,131.2,STORE-89Z,33,Medium,Tier_1,Standard Supermarket,3152.92
row_01164,PRD-TGIQHG,6.241,Low Fat,0.1375,Hard Drinks,108.58,STORE-JOR,34,,Tier_3,Corner Shop,108.78
row_01166,PRD-RY40KH,12.171,Low Fat,0.0299,fruits and vegetables,101.08,STORE-AGY,45,Large,Tier_3,Standard Supermarket,316.53
row_01167,PRD-UC3160,17.435,Regular,0.1312,meat,114.21,STORE-JOR,34,,Tier_3,Corner Shop,352.01
row_01168,PRD-XQL9QP,5.533,Regular,0.0696,Breads,264.98,STORE-9RG,28,Small,Tier_2,Standard Supermarket,5174.6
row_01169,PRD-5OIBGD,16.599,Low Fat,0.1102,Snack Foods,154.26,STORE-DKU,30,,Tier_2,Standard Supermarket,2829.92
row_01170,PRD-QWRZFX,,Regular,0.0065,Baking Goods,120.58,STORE-7WS,47,Medium,Tier_3,Flagship Hypermarket,3617.78
row_01171,PRD-Q7U1KU,13.472,Low Fat,0.0,DAIRY,114.64,STORE-9RG,28,Small,Tier_2,Standard Supermarket,2632.69
row_01172,PRD-OS7E3D,9.383,Low Fat,0.03,Household,43.64,STORE-9RG,28,Small,Tier_2,Standard Supermarket,139.24
row_01173,PRD-0AB7R8,13.01,Regular,0.167,FRUITS AND VEGETABLES,169.31,STORE-9RG,28,Small,Tier_2,Standard Supermarket,3601.71
row_01174,PRD-6852FC,12.08,Low Fat,0.0161,Hard Drinks,178.69,STORE-AGY,45,Large,Tier_3,Standard Supermarket,4216.91
row_01175,PRD-9JRSNV,17.622,Low Fat,0.0358,SOFT DRINKS,160.84,STORE-9RG,28,Small,Tier_2,Standard Supermarket,5870.66
row_01176,PRD-1LYFSP,19.588,Low Fat,0.1761,fruits and vegetables,216.41,STORE-OYG,25,,Tier_2,Standard Supermarket,3535.86
row_01177,PRD-P45GAD,8.657,Low Fat,0.1212,HOUSEHOLD,94.09,STORE-9RG,28,Small,Tier_2,Standard Supermarket,860.32
row_01179,PRD-S1R8NF,13.865,Regular,0.0248,snack foods,80.37,STORE-DKU,30,,Tier_2,Standard Supermarket,551.73
row_01180,PRD-9QWB0H,,Low Fat,0.0448,Breads,105.01,STORE-T5G,47,Small,Tier_1,Corner Shop,100.58
row_01181,PRD-CUZREN,13.867,Low Fat,0.0596,Dairy,242.61,STORE-9RG,28,Small,Tier_2,Standard Supermarket,5808.4
row_01182,PRD-JZETKP,7.807,Low Fat,0.0142,Baking Goods,85.69,STORE-DKU,30,,Tier_2,Standard Supermarket,2616.56
row_01184,PRD-UDD467,8.935,Low Fat,0.0283,dairy,154.76,STORE-HL7,23,Medium,Tier_3,Superstore,1177.57
row_01185,PRD-9U47YU,11.219,Regular,0.0056,Fruits and Vegetables,168.72,STORE-AGY,45,Large,Tier_3,Standard Supermarket,2399.11
row_01186,PRD-MELISH,,Low Fat,0.0491,Snack Foods,148.45,STORE-T5G,47,Small,Tier_1,Corner Shop,146.15
row_01187,PRD-BE4HW4,,Low Fat,0.1299,baking goods,120.13,STORE-T5G,47,Small,Tier_1,Corner Shop,120.59
row_01188,PRD-WZMTFC,9.123,Low Fat,0.0,Household,114.11,STORE-OYG,25,,Tier_2,Standard Supermarket,2481.8
row_01189,PRD-IALDTG,5.534,Low Fat,0.0,Baking Goods,144.67,STORE-89Z,33,Medium,Tier_1,Standard Supermarket,1191.9
row_01193,PRD-5UL5NW,7.167,Low Fat,0.0478,Dairy,81.58,STORE-AGY,45,Large,Tier_3,Standard Supermarket,2696.86
row_01194,PRD-3MS556,17.548,Regular,0.0368,Baking Goods,158.15,STORE-HL7,23,Medium,Tier_3,Superstore,3371.52
row_01195,PRD-90E4B0,9.353,Low Fat,0.0455,Household,248.31,STORE-AGY,45,Large,Tier_3,Standard Supermarket,3098.24
row_01196,PRD-72AAVH,15.097,Low Fat,0.0,meat,246.31,STORE-DKU,30,,Tier_2,Standard Supermarket,3769.72
row_01198,PRD-LUSMF0,12.726,Low Fat,0.0814,meat,217.4,STORE-HL7,23,Medium,Tier_3,Superstore,6735.8
row_01199,PRD-HYS3T2,6.288,Low Fat,0.0698,SNACK FOODS,121.34,STORE-89Z,33,Medium,Tier_1,Standard Supermarket,1162.9
row_01200,PRD-1RUPFR,8.252,Low Fat,0.1222,Hard Drinks,40.24,STORE-JOR,34,,Tier_3,Corner Shop,72.24
row_01201,PRD-031L36,,Regular,0.142,Baking Goods,95.61,STORE-7WS,47,Medium,Tier_3,Flagship Hypermarket,2427.63
row_01203,PRD-ZBM21Y,20.549,Low Fat,0.0212,Baking Goods,158.83,STORE-9RG,28,Small,Tier_2,Standard Supermarket,1572.72
row_01204,PRD-2I8L31,21.025,Low Fat,0.0372,fruits and vegetables,118.62,STORE-AGY,45,Large,Tier_3,Standard Supermarket,2080.91
row_01206,PRD-IT7I1J,19.636,Regular,0.0734,Snack Foods,114.71,STORE-OYG,25,,Tier_2,Standard Supermarket,677.84
row_01208,PRD-IALDTG,5.478,Low Fat,0.1035,Baking Goods,149.62,STORE-DKU,30,,Tier_2,Standard Supermarket,1710.56
row_01210,PRD-7ZGA6X,15.056,Low Fat,0.0775,BAKING GOODS,92.19,STORE-89Z,33,Medium,Tier_1,Standard Supermarket,2333.85
row_01214,PRD-B2HWYW,19.537,Low Fat,0.0251,household,48.93,STORE-HL7,23,Medium,Tier_3,Superstore,581.04
row_01216,PRD-8CX8FG,14.026,Regular,0.0894,frozen foods,235.82,STORE-HL7,23,Medium,Tier_3,Superstore,2309.9
row_01217,PRD-6HEP2U,18.6,Low Fat,0.0124,SNACK FOODS,142.8,STORE-OYG,25,,Tier_2,Standard Supermarket,854.36
row_01218,PRD-I379U2,20.028,Low Fat,0.0326,Soft Drinks,57.64,STORE-YLW,35,Small,Tier_1,Standard Supermarket,807.25
row_01219,PRD-HBRPOI,11.553,Low Fat,0.0432,Soft Drinks,142.15,STORE-OYG,25,,Tier_2,Standard Supermarket,2641.61
row_01220,PRD-7Y9HQQ,12.486,Low Fat,0.0297,starchy foods,252.56,STORE-AGY,45,Large,Tier_3,Standard Supermarket,2188.75
row_01221,PRD-J10FFD,8.258,Low Fat,0.0134,Household,147.01,STORE-HL7,23,Medium,Tier_3,Superstore,1806.45
row_01222,PRD-OA9XM0,15.742,Regular,0.0172,MEAT,46.94,STORE-9RG,28,Small,Tier_2,Standard Supermarket,618.85
row_01223,PRD-0YLTZ9,20.906,Low Fat,0.0899,dairy,75.85,STORE-89Z,33,Medium,Tier_1,Standard Supermarket,2279.94
row_01224,PRD-LUSMF0,12.847,Low Fat,0.0806,MEAT,215.74,STORE-89Z,33,Medium,Tier_1,Standard Supermarket,3158.86
row_01225,PRD-IFY7O0,,Regular,0.0,Fruits and Vegetables,181.95,STORE-T5G,47,Small,Tier_1,Corner Shop,189.23
row_01226,PRD-57923T,11.679,Regular,0.1092,Dairy,227.39,STORE-DKU,30,,Tier_2,Standard Supermarket,3011.06
row_01227,PRD-V4B1K1,7.223,Low Fat,0.0074,Baking Goods,50.32,STORE-OYG,25,,Tier_2,Standard Supermarket,332.09
row_01228,PRD-YOZV8C,17.864,Low Fat,0.168,household,176.37,STORE-AGY,45,Large,Tier_3,Standard Supermarket,3074.15
row_01229,PRD-IUYATD,10.938,Low Fat,0.0328,Household,118.76,STORE-89Z,33,Medium,Tier_1,Standard Supermarket,2322.23
row_01230,PRD-3818YO,5.141,Low Fat,0.0411,frozen foods,192.61,STORE-89Z,33,Medium,Tier_1,Standard Supermarket,2873.83
row_01231,PRD-XSDJWS,17.943,Low Fat,0.0856,Frozen Foods,190.58,STORE-HL7,23,Medium,Tier_3,Superstore,4705.47
row_01232,PRD-V5WMKZ,6.616,Low Fat,0.0642,breakfast,135.28,STORE-9RG,28,Small,Tier_2,Standard Supermarket,2091.0
row_01233,PRD-MECOSF,,Regular,0.0198,Soft Drinks,49.22,STORE-7WS,47,Medium,Tier_3,Flagship Hypermarket,1052.13
row_01234,PRD-VQ553K,14.494,Regular,0.0598,fruits and vegetables,169.95,STORE-89Z,33,Medium,Tier_1,Standard Supermarket,3352.53
row_01235,PRD-0JL6QK,19.492,Low Fat,0.124,snack foods,104.7,STORE-OYG,25,,Tier_2,Standard Supermarket,1187.08
row_01236,PRD-U2HRJK,5.395,Regular,0.0253,breads,96.78,STORE-DKU,30,,Tier_2,Standard Supermarket,2326.03
row_01238,PRD-SVH3EJ,,Low Fat,0.0128,meat,37.88,STORE-7WS,47,Medium,Tier_3,Flagship Hypermarket,1062.12
row_01239,PRD-1N8MTZ,19.037,Low Fat,0.0248,dairy,44.63,STORE-DKU,30,,Tier_2,Standard Supermarket,583.91
row_01240,PRD-0ZYCMV,,Low Fat,0.0119,Fruits and Vegetables,161.71,STORE-7WS,47,Medium,Tier_3,Flagship Hypermarket,5384.21
row_01241,PRD-MRKSQJ,,Regular,0.1286,snack foods,95.05,STORE-7WS,47,Medium,Tier_3,Flagship Hypermarket,2362.83
row_01242,PRD-JD2GVF,9.514,Low Fat,0.0293,baking goods,188.9,STORE-9RG,28,Small,Tier_2,Standard Supermarket,3045.03
row_01243,PRD-1L8SUG,,Regular,0.054,starchy foods,62.54,STORE-7WS,47,Medium,Tier_3,Flagship Hypermarket,960.82
row_01244,PRD-WTIGY6,11.425,Regular,0.1414,snack foods,166.5,STORE-JOR,34,,Tier_3,Corner Shop,165.72
row_01245,PRD-1RUPFR,8.564,Low Fat,0.0724,hard drinks,36.84,STORE-9RG,28,Small,Tier_2,Standard Supermarket,730.63
row_01247,PRD-58B6PJ,15.639,Regular,0.0679,DAIRY,78.23,STORE-AGY,45,Large,Tier_3,Standard Supermarket,899.02
row_01248,PRD-55LOSM,7.432,Low Fat,0.0204,SNACK FOODS,252.73,STORE-89Z,33,Medium,Tier_1,Standard Supermarket,3083.5
row_01249,PRD-X7Z97Z,8.718,Low Fat,0.0947,HOUSEHOLD,53.05,STORE-YLW,35,Small,Tier_1,Standard Supermarket,1079.8
row_01250,PRD-A46JZO,14.895,Low Fat,0.0198,Health and Hygiene,50.44,STORE-JOR,34,,Tier_3,Corner Shop,202.48
row_01251,PRD-53EF9P,12.263,Low Fat,0.0289,Household,151.24,STORE-HL7,23,Medium,Tier_3,Superstore,3711.24
row_01252,PRD-JLQFJT,19.776,Low Fat,0.0432,Household,129.83,STORE-9RG,28,Small,Tier_2,Standard Supermarket,3761.37
row_01253,PRD-S1R8NF,13.538,Regular,0.0426,Snack Foods,81.64,STORE-JOR,34,,Tier_3,Corner Shop,81.21
row_01255,PRD-JMV47T,6.101,Regular,0.0096,meat,152.03,STORE-OYG,25,,Tier_2,Standard Supermarket,3642.19
row_01256,PRD-6JKLOQ,11.266,Low Fat,0.1715,BAKING GOODS,155.45,STORE-DKU,30,,Tier_2,Standard Supermarket,2919.24
row_01257,PRD-AQ6L6G,6.281,Low Fat,0.0777,soft drinks,114.58,STORE-HL7,23,Medium,Tier_3,Superstore,2351.48
row_01258,PRD-WOLYTS,12.255,Regular,0.043,fruits and vegetables,124.2,STORE-HL7,23,Medium,Tier_3,Superstore,1428.47
row_01259,PRD-G8F1CB,,Regular,0.0676,Soft Drinks,164.47,STORE-T5G,47,Small,Tier_1,Corner Shop,493.93
row_01260,PRD-7TV5ZK,,Regular,0.139,Canned,107.96,STORE-7WS,47,Medium,Tier_3,Flagship Hypermarket,3260.23
row_01261,PRD-F3G3T3,15.468,Low Fat,0.0187,Snack Foods,241.87,STORE-9RG,28,Small,Tier_2,Standard Supermarket,4608.7
row_01262,PRD-VHS1K3,13.891,Low Fat,0.0539,SOFT DRINKS,142.18,STORE-JOR,34,,Tier_3,Corner Shop,137.1
row_01264,PRD-8UHW94,5.84,Regular,0.0319,frozen foods,99.55,STORE-HL7,23,Medium,Tier_3,Superstore,1885.14
row_01265,PRD-C5OAOO,,Low Fat,0.1255,Others,143.19,STORE-7WS,47,Medium,Tier_3,Flagship Hypermarket,3565.41
row_01267,PRD-1FO2WB,8.605,Regular,0.0254,FROZEN FOODS,111.16,STORE-OYG,25,,Tier_2,Standard Supermarket,2773.33
row_01269,PRD-74AVMI,15.648,Low Fat,0.157,snack foods,226.84,STORE-JOR,34,,Tier_3,Corner Shop,453.03
row_01270,PRD-MJ7PDZ,,Low Fat,0.0111,FROZEN FOODS,93.37,STORE-7WS,47,Medium,Tier_3,Flagship Hypermarket,1679.73
row_01271,PRD-UDA2RN,7.992,Regular,0.0926,BREAKFAST,107.65,STORE-YLW,35,Small,Tier_1,Standard Supermarket,1852.93
row_01272,PRD-9VW3RT,18.105,Low Fat,0.015,HARD DRINKS,104.33,STORE-AGY,45,Large,Tier_3,Standard Supermarket,1558.18
row_01273,PRD-1HSPTH,15.622,Low Fat,0.1243,Canned,134.08,STORE-AGY,45,Large,Tier_3,Standard Supermarket,2846.8
row_01274,PRD-7135HO,11.383,Low Fat,0.0406,Snack Foods,231.96,STORE-89Z,33,Medium,Tier_1,Standard Supermarket,4651.52
row_01275,PRD-DYYVDQ,,Regular,0.142,canned,154.68,STORE-T5G,47,Small,Tier_1,Corner Shop,151.09
row_01276,PRD-GVJICS,15.597,Regular,0.1778,Snack Foods,154.83,STORE-HL7,23,Medium,Tier_3,Superstore,2989.59
row_01278,PRD-RD47WO,15.462,Regular,0.173,Snack Foods,170.62,STORE-JOR,34,,Tier_3,Corner Shop,527.0
row_01279,PRD-1Q3TMY,7.08,Low Fat,0.113,Fruits and Vegetables,172.27,STORE-9RG,28,Small,Tier_2,Standard Supermarket,2907.1
row_01280,PRD-HP5E7A,10.945,Regular,0.0875,Snack Foods,224.71,STORE-89Z,33,Medium,Tier_1,Standard Supermarket,3783.96
row_01281,PRD-NY1QEG,9.399,Low Fat,0.0393,FROZEN FOODS,61.81,STORE-YLW,35,Small,Tier_1,Standard Supermarket,1141.92
row_01282,PRD-MGCY57,6.923,Regular,0.0,Fruits and Vegetables,226.89,STORE-89Z,33,Medium,Tier_1,Standard Supermarket,3597.06
row_01283,PRD-Z565OD,9.819,Low Fat,0.0926,Household,119.14,STORE-JOR,34,,Tier_3,Corner Shop,220.32
row_01284,PRD-YOZV8C,16.855,Low Fat,0.1653,Household,173.22,STORE-HL7,23,Medium,Tier_3,Superstore,1174.52
row_01285,PRD-MQC1A7,,Low Fat,0.307,Hard Drinks,54.61,STORE-T5G,47,Small,Tier_1,Corner Shop,107.66
row_01286,PRD-PQNOMP,17.284,Low Fat,0.0561,Baking Goods,98.18,STORE-9RG,28,Small,Tier_2,Standard Supermarket,606.74
row_01287,PRD-YZSJHT,9.409,Regular,0.0232,Breads,101.85,STORE-HL7,23,Medium,Tier_3,Superstore,1311.61
row_01288,PRD-0DTSNL,8.748,Low Fat,0.0315,household,99.3,STORE-89Z,33,Medium,Tier_1,Standard Supermarket,1455.02
row_01289,PRD-1GN81E,,Regular,0.1252,snack foods,254.06,STORE-7WS,47,Medium,Tier_3,Flagship Hypermarket,5683.68
row_01290,PRD-3BD4Z1,6.107,Low Fat,0.0304,FRUITS AND VEGETABLES,160.27,STORE-HL7,23,Medium,Tier_3,Superstore,1710.95
row_01291,PRD-52DNR9,8.746,Regular,0.1151,Soft Drinks,119.53,STORE-89Z,33,Medium,Tier_1,Standard Supermarket,1176.54
row_01292,PRD-0MUOHU,16.865,Low Fat,0.0559,BREADS,86.55,STORE-HL7,23,Medium,Tier_3,Superstore,981.21
row_01296,PRD-3NP4VY,12.184,Low Fat,0.042,Health and Hygiene,36.0,STORE-OYG,25,,Tier_2,Standard Supermarket,543.11
row_01297,PRD-N0RSKQ,,Low Fat,0.2931,Snack Foods,196.58,STORE-T5G,47,Small,Tier_1,Corner Shop,597.11
row_01298,PRD-LQK65V,17.334,Low Fat,0.0462,snack foods,125.7,STORE-AGY,45,Large,Tier_3,Standard Supermarket,1929.22
row_01299,PRD-D9146L,18.728,Low Fat,0.0777,Snack Foods,165.01,STORE-89Z,33,Medium,Tier_1,Standard Supermarket,1628.27
row_01301,PRD-DSN8CW,,Regular,0.0433,Snack Foods,173.37,STORE-7WS,47,Medium,Tier_3,Flagship Hypermarket,4690.7
row_01302,PRD-OBR9GP,5.409,Low Fat,0.0357,health and hygiene,99.65,STORE-DKU,30,,Tier_2,Standard Supermarket,941.95
row_01303,PRD-WDSS7E,,Regular,0.0699,Frozen Foods,48.84,STORE-T5G,47,Small,Tier_1,Corner Shop,183.44
row_01305,PRD-VLTBHO,16.685,Low Fat,0.1574,MEAT,155.83,STORE-9RG,28,Small,Tier_2,Standard Supermarket,3078.44
row_01306,PRD-XBXTLN,20.073,Low Fat,0.1374,STARCHY FOODS,91.5,STORE-YLW,35,Small,Tier_1,Standard Supermarket,1105.55
row_01307,PRD-TCFV3C,16.574,Low Fat,0.0984,fruits and vegetables,115.63,STORE-DKU,30,,Tier_2,Standard Supermarket,898.9
row_01308,PRD-9LB7L5,18.525,Regular,0.167,DAIRY,150.31,STORE-9RG,28,Small,Tier_2,Standard Supermarket,2110.5
row_01309,PRD-HFH2XF,14.597,Regular,0.0446,Breads,109.45,STORE-HL7,23,Medium,Tier_3,Superstore,1389.87
row_01310,PRD-T2XRGI,,Regular,0.0122,Starchy Foods,173.2,STORE-T5G,47,Small,Tier_1,Corner Shop,342.06
row_01312,PRD-V77G1P,14.786,Low Fat,0.026,FROZEN FOODS,146.02,STORE-9RG,28,Small,Tier_2,Standard Supermarket,2282.7
row_01313,PRD-5JN7BS,,Regular,0.0313,Snack Foods,217.11,STORE-7WS,47,Medium,Tier_3,Flagship Hypermarket,6386.34
row_01316,PRD-6Z6CCC,,Low Fat,0.2198,Canned,93.25,STORE-T5G,47,Small,Tier_1,Corner Shop,482.26
row_01317,PRD-7FS31F,10.998,Regular,0.0589,fruits and vegetables,239.04,STORE-HL7,23,Medium,Tier_3,Superstore,2029.04
row_01318,PRD-QIRRQA,10.782,Low Fat,0.0848,Dairy,195.23,STORE-9RG,28,Small,Tier_2,Standard Supermarket,4613.34
row_01319,PRD-XYXASW,15.031,Low Fat,0.0456,Breads,120.18,STORE-DKU,30,,Tier_2,Standard Supermarket,1323.22
row_01320,PRD-T93K2H,11.214,Low Fat,0.0637,HOUSEHOLD,195.76,STORE-DKU,30,,Tier_2,Standard Supermarket,1293.64
row_01321,PRD-JJTFPH,,Low Fat,0.0683,HARD DRINKS,178.41,STORE-7WS,47,Medium,Tier_3,Flagship Hypermarket,5954.03
row_01322,PRD-9TK51I,11.809,Regular,0.0423,frozen foods,188.13,STORE-DKU,30,,Tier_2,Standard Supermarket,3705.39
row_01323,PRD-4JXFPK,11.953,Low Fat,0.1694,dairy,51.76,STORE-AGY,45,Large,Tier_3,Standard Supermarket,268.49
row_01324,PRD-TCFV3C,16.982,Low Fat,0.1084,fruits and vegetables,118.32,STORE-HL7,23,Medium,Tier_3,Superstore,1151.48
row_01325,PRD-KJ6I53,7.77,Low Fat,0.1894,household,35.37,STORE-AGY,45,Large,Tier_3,Standard Supermarket,439.62
row_01326,PRD-IF1HEB,19.383,Low Fat,0.098,Fruits and Vegetables,238.58,STORE-OYG,25,,Tier_2,Standard Supermarket,5162.98
row_01327,PRD-00CVW9,7.545,Regular,0.0781,BREADS,80.47,STORE-DKU,30,,Tier_2,Standard Supermarket,1122.13
row_01328,PRD-W3QN3T,15.567,Low Fat,0.0408,snack foods,144.92,STORE-OYG,25,,Tier_2,Standard Supermarket,3126.45
row_01329,PRD-TFZHI9,8.764,Low Fat,0.1484,HEALTH AND HYGIENE,96.6,STORE-OYG,25,,Tier_2,Standard Supermarket,3240.07
row_01331,PRD-0U2BL3,15.899,Low Fat,0.1057,snack foods,141.16,STORE-89Z,33,Medium,Tier_1,Standard Supermarket,1448.31
row_01333,PRD-DRIIPJ,12.531,Low Fat,0.0375,Snack Foods,115.32,STORE-DKU,30,,Tier_2,Standard Supermarket,1932.36
row_01335,PRD-F26B46,18.556,Low Fat,0.0578,DAIRY,87.84,STORE-HL7,23,Medium,Tier_3,Superstore,597.85
row_01336,PRD-4R1F1X,17.321,Low Fat,0.0083,dairy,174.7,STORE-YLW,35,Small,Tier_1,Standard Supermarket,2780.99
row_01337,PRD-ZOID71,15.304,Regular,0.0851,Fruits and Vegetables,225.78,STORE-DKU,30,,Tier_2,Standard Supermarket,6176.16
row_01338,PRD-9AHEJ8,9.0,Low Fat,0.1012,Dairy,39.17,STORE-89Z,33,Medium,Tier_1,Standard Supermarket,665.82
row_01339,PRD-59JSU0,,Regular,0.0997,MEAT,129.58,STORE-7WS,47,Medium,Tier_3,Flagship Hypermarket,3036.54
row_01340,PRD-CZ2O8N,,Regular,0.0254,BAKING GOODS,79.91,STORE-7WS,47,Medium,Tier_3,Flagship Hypermarket,3462.11
row_01341,PRD-U02KQN,19.755,Low Fat,0.0242,health and hygiene,154.39,STORE-9RG,28,Small,Tier_2,Standard Supermarket,3009.85
row_01342,PRD-CJ2XX2,8.4,Low Fat,0.0351,fruits and vegetables,35.49,STORE-89Z,33,Medium,Tier_1,Standard Supermarket,845.85
row_01343,PRD-Y0PRZV,6.597,Regular,0.0773,Breads,146.25,STORE-89Z,33,Medium,Tier_1,Standard Supermarket,3143.56
row_01344,PRD-VG0CH2,12.742,Regular,0.0644,frozen foods,107.09,STORE-AGY,45,Large,Tier_3,Standard Supermarket,1877.0
row_01346,PRD-T0VKG3,18.251,Low Fat,0.0472,Household,127.83,STORE-9RG,28,Small,Tier_2,Standard Supermarket,1119.73
row_01347,PRD-DL52AM,,Regular,0.087,Baking Goods,53.41,STORE-AGY,45,Large,Tier_3,Standard Supermarket,2296.92
row_01348,PRD-5WVO01,5.271,Low Fat,0.0291,HEALTH AND HYGIENE,33.07,STORE-HL7,23,Medium,Tier_3,Superstore,659.02
row_01349,PRD-MQC1A7,14.537,Low Fat,0.1732,Hard Drinks,54.53,STORE-AGY,45,Large,Tier_3,Standard Supermarket,747.21
row_01351,PRD-L9KV91,10.469,Low Fat,0.05,Seafood,157.45,STORE-JOR,34,,Tier_3,Corner Shop,150.9
row_01352,PRD-T5HGP8,10.468,Regular,0.1208,BAKING GOODS,164.38,STORE-AGY,45,Large,Tier_3,Standard Supermarket,1792.98
row_01353,PRD-BPCIKI,15.181,Low Fat,0.0133,Frozen Foods,62.29,STORE-89Z,33,Medium,Tier_1,Standard Supermarket,980.49
row_01354,PRD-MQEEB6,16.774,Low Fat,0.0765,canned,78.37,STORE-HL7,23,Medium,Tier_3,Superstore,976.24
row_01358,PRD-VN11V8,11.104,Low Fat,0.0605,fruits and vegetables,154.38,STORE-AGY,45,Large,Tier_3,Standard Supermarket,1050.79
row_01359,PRD-FSOZPT,19.662,Regular,0.0773,Soft Drinks,237.07,STORE-9RG,28,Small,Tier_2,Standard Supermarket,2913.12
row_01360,PRD-082UAZ,6.439,Low Fat,0.0266,HOUSEHOLD,168.86,STORE-OYG,25,,Tier_2,Standard Supermarket,2095.54
row_01361,PRD-E8N6QI,11.078,Low Fat,0.0524,Soft Drinks,229.95,STORE-OYG,25,,Tier_2,Standard Supermarket,5286.42
row_01363,PRD-6RNJLK,19.645,Low Fat,0.0351,Baking Goods,43.28,STORE-YLW,35,Small,Tier_1,Standard Supermarket,883.94
row_01364,PRD-HYF9SX,16.533,Regular,0.041,Soft Drinks,41.07,STORE-JOR,34,,Tier_3,Corner Shop,157.46
row_01365,PRD-BZNC9Q,,Regular,0.1319,Meat,185.52,STORE-7WS,47,Medium,Tier_3,Flagship Hypermarket,5896.47
row_01366,PRD-6YLBXP,17.387,Regular,0.1399,Canned,258.88,STORE-DKU,30,,Tier_2,Standard Supermarket,4046.33
row_01367,PRD-Q8DDGB,8.392,Regular,0.0351,Frozen Foods,75.71,STORE-YLW,35,Small,Tier_1,Standard Supermarket,1595.19
row_01369,PRD-YFXOBU,,Regular,0.072,Fruits and Vegetables,193.58,STORE-7WS,47,Medium,Tier_3,Flagship Hypermarket,7420.04
row_01370,PRD-GU1UQX,10.969,Low Fat,0.137,dairy,266.13,STORE-9RG,28,Small,Tier_2,Standard Supermarket,4122.7
row_01371,PRD-Z565OD,9.814,Low Fat,0.0538,Household,113.35,STORE-DKU,30,,Tier_2,Standard Supermarket,575.68
row_01372,PRD-W4Z56R,5.781,Low Fat,0.1368,Fruits and Vegetables,172.4,STORE-JOR,34,,Tier_3,Corner Shop,161.18
row_01373,PRD-OWOT0V,12.375,Regular,0.0425,canned,128.36,STORE-HL7,23,Medium,Tier_3,Superstore,1750.74
row_01374,PRD-71SD9E,14.385,Low Fat,0.0672,SNACK FOODS,202.28,STORE-AGY,45,Large,Tier_3,Standard Supermarket,4969.15
row_01376,PRD-T0HICC,,Low Fat,0.1221,snack foods,198.22,STORE-7WS,47,Medium,Tier_3,Flagship Hypermarket,6026.7
row_01377,PRD-U1YBPE,10.198,Low Fat,0.0111,Household,240.93,STORE-89Z,33,Medium,Tier_1,Standard Supermarket,4610.2
row_01378,PRD-V56VKT,9.284,Regular,0.1726,Fruits and Vegetables,138.05,STORE-DKU,30,,Tier_2,Standard Supermarket,1619.16
row_01379,PRD-ON4O79,16.261,Low Fat,0.0162,household,98.52,STORE-AGY,45,Large,Tier_3,Standard Supermarket,781.31
row_01381,PRD-3IFU71,9.084,Low Fat,0.1006,BAKING GOODS,146.15,STORE-YLW,35,Small,Tier_1,Standard Supermarket,4453.16
row_01382,PRD-SCSFW2,9.325,Regular,0.1332,frozen foods,223.58,STORE-9RG,28,Small,Tier_2,Standard Supermarket,4085.15
row_01383,PRD-NCP2VI,,Low Fat,0.0181,health and hygiene,234.63,STORE-7WS,47,Medium,Tier_3,Flagship Hypermarket,5519.07
row_01384,PRD-U58FLM,4.643,Low Fat,0.1352,BREADS,125.14,STORE-YLW,35,Small,Tier_1,Standard Supermarket,1859.94
row_01385,PRD-SYOY6G,16.654,Regular,0.0241,snack foods,46.02,STORE-DKU,30,,Tier_2,Standard Supermarket,315.95
row_01386,PRD-EPWUKF,8.943,Low Fat,0.0973,baking goods,47.36,STORE-9RG,28,Small,Tier_2,Standard Supermarket,935.71
row_01387,PRD-444NK0,5.207,Regular,0.0615,Meat,128.69,STORE-89Z,33,Medium,Tier_1,Standard Supermarket,1699.32
row_01388,PRD-N8W9UR,6.973,Low Fat,0.154,Canned,106.15,STORE-HL7,23,Medium,Tier_3,Superstore,633.73
row_01389,PRD-V0T5X3,16.312,Low Fat,0.0373,dairy,108.02,STORE-JOR,34,,Tier_3,Corner Shop,214.24
row_01391,PRD-N2D7GY,17.26,Low Fat,0.031,Others,175.22,STORE-HL7,23,Medium,Tier_3,Superstore,2492.43
row_01392,PRD-SUDBCI,13.135,Low Fat,0.0728,Snack Foods,178.05,STORE-JOR,34,,Tier_3,Corner Shop,522.38
row_01393,PRD-MNUTT1,8.478,Low Fat,0.1799,Canned,147.67,STORE-89Z,33,Medium,Tier_1,Standard Supermarket,2471.81
row_01394,PRD-63RMAJ,19.615,Low Fat,0.015,Household,178.52,STORE-OYG,25,,Tier_2,Standard Supermarket,2923.23
row_01395,PRD-12310X,8.262,Low Fat,0.0146,Health and Hygiene,180.34,STORE-YLW,35,Small,Tier_1,Standard Supermarket,705.3
row_01398,PRD-EWQGAD,5.467,Regular,0.0321,CANNED,189.83,STORE-OYG,25,,Tier_2,Standard Supermarket,3218.2
row_01399,PRD-C1B3EU,19.016,Regular,0.0928,Frozen Foods,46.66,STORE-9RG,28,Small,Tier_2,Standard Supermarket,1056.42
row_01400,PRD-I4J38V,13.626,Low Fat,0.0648,frozen foods,154.07,STORE-DKU,30,,Tier_2,Standard Supermarket,1808.92
row_01401,PRD-UE8YM7,21.01,Low Fat,0.0734,Dairy,180.32,STORE-JOR,34,,Tier_3,Corner Shop,521.05
row_01402,PRD-E42X6G,11.071,Regular,0.0639,dairy,91.36,STORE-OYG,25,,Tier_2,Standard Supermarket,1188.47
row_01403,PRD-1RXIV4,17.989,Low Fat,0.0291,SNACK FOODS,168.34,STORE-DKU,30,,Tier_2,Standard Supermarket,1914.9
row_01405,PRD-GJ1QQ8,20.473,Low Fat,0.0866,Baking Goods,122.05,STORE-YLW,35,Small,Tier_1,Standard Supermarket,1118.89
row_01406,PRD-C3Y7HA,16.226,Low Fat,0.0201,fruits and vegetables,49.17,STORE-9RG,28,Small,Tier_2,Standard Supermarket,255.66
row_01408,PRD-HYS3T2,6.138,Low Fat,0.0734,SNACK FOODS,123.08,STORE-DKU,30,,Tier_2,Standard Supermarket,2893.95
row_01409,PRD-4ILMK5,18.127,Low Fat,0.0825,Health and Hygiene,157.32,STORE-OYG,25,,Tier_2,Standard Supermarket,3642.08
row_01410,PRD-OIT2UR,8.15,Regular,0.0512,Canned,156.84,STORE-JOR,34,,Tier_3,Corner Shop,318.1
row_01411,PRD-8WJAI7,8.995,Low Fat,0.0684,snack foods,173.07,STORE-89Z,33,Medium,Tier_1,Standard Supermarket,3192.66
row_01413,PRD-MHBMBN,10.108,Regular,0.0392,Snack Foods,130.52,STORE-HL7,23,Medium,Tier_3,Superstore,1377.88
row_01414,PRD-XQFXKD,13.741,Low Fat,0.0884,CANNED,137.69,STORE-OYG,25,,Tier_2,Standard Supermarket,2739.97
row_01415,PRD-9K044M,7.228,Regular,0.0448,STARCHY FOODS,57.83,STORE-AGY,45,Large,Tier_3,Standard Supermarket,728.94
row_01416,PRD-JT10UE,,Regular,0.0804,Fruits and Vegetables,88.0,STORE-YLW,35,Small,Tier_1,Standard Supermarket,1307.91
row_01417,PRD-4RQYWN,,Low Fat,0.035,HOUSEHOLD,127.15,STORE-7WS,47,Medium,Tier_3,Flagship Hypermarket,2901.84
row_01419,PRD-QP5L7C,20.606,Low Fat,0.0387,frozen foods,195.91,STORE-DKU,30,,Tier_2,Standard Supermarket,2188.47
row_01420,PRD-GGO8YM,16.886,Regular,0.0682,Breakfast,189.71,STORE-AGY,45,Large,Tier_3,Standard Supermarket,2994.55
row_01421,PRD-ZMEPGT,7.819,Low Fat,0.0615,Soft Drinks,90.61,STORE-HL7,23,Medium,Tier_3,Superstore,1300.38
row_01422,PRD-M2AOBR,18.638,Low Fat,0.0121,household,118.56,STORE-AGY,45,Large,Tier_3,Standard Supermarket,374.52
row_01423,PRD-EPMKVT,,Low Fat,0.1341,Health and Hygiene,62.02,STORE-T5G,47,Small,Tier_1,Corner Shop,63.65
row_01425,PRD-88AENN,10.789,Regular,0.0563,fruits and vegetables,166.72,STORE-AGY,45,Large,Tier_3,Standard Supermarket,1541.11
row_01426,PRD-A0IOEJ,7.73,Low Fat,0.0115,Canned,192.81,STORE-OYG,25,,Tier_2,Standard Supermarket,2200.71
row_01427,PRD-ZE84LM,,Low Fat,0.0216,FROZEN FOODS,101.11,STORE-7WS,47,Medium,Tier_3,Flagship Hypermarket,2511.67
row_01428,PRD-FT3J41,,Regular,0.1851,Baking Goods,169.74,STORE-T5G,47,Small,Tier_1,Corner Shop,694.12
row_01429,PRD-O15RRZ,13.099,Low Fat,0.0,Frozen Foods,38.12,STORE-9RG,28,Small,Tier_2,Standard Supermarket,525.53
row_01430,PRD-ANEC1W,6.224,Low Fat,0.0124,Fruits and Vegetables,37.94,STORE-9RG,28,Small,Tier_2,Standard Supermarket,810.46
row_01431,PRD-OFGVRE,6.572,Regular,0.0309,Baking Goods,64.92,STORE-89Z,33,Medium,Tier_1,Standard Supermarket,1533.03
row_01432,PRD-639BCP,21.337,Regular,0.0599,BAKING GOODS,89.74,STORE-89Z,33,Medium,Tier_1,Standard Supermarket,276.35
row_01434,PRD-UUTRXG,,Low Fat,0.0408,fruits and vegetables,184.05,STORE-T5G,47,Small,Tier_1,Corner Shop,351.83
row_01435,PRD-ZE8YM4,10.839,Low Fat,0.0717,Others,65.73,STORE-OYG,25,,Tier_2,Standard Supermarket,956.44
row_01437,PRD-YHREVB,5.498,Low Fat,0.0473,health and hygiene,167.84,STORE-OYG,25,,Tier_2,Standard Supermarket,2191.66
row_01438,PRD-FYZF7M,,Low Fat,0.1625,Health and Hygiene,161.2,STORE-T5G,47,Small,Tier_1,Corner Shop,323.67
row_01439,PRD-NMIC1F,11.493,Regular,0.0439,Snack Foods,100.6,STORE-DKU,30,,Tier_2,Standard Supermarket,2566.83
row_01440,PRD-U58FLM,4.722,Low Fat,0.1414,Breads,128.23,STORE-OYG,25,,Tier_2,Standard Supermarket,1780.02
row_01441,PRD-P3WJRM,12.899,Low Fat,0.0317,FRUITS AND VEGETABLES,199.05,STORE-89Z,33,Medium,Tier_1,Standard Supermarket,5862.25
row_01442,PRD-HLJ2XL,,Low Fat,0.0367,Meat,59.77,STORE-7WS,47,Medium,Tier_3,Flagship Hypermarket,1088.27
row_01444,PRD-9AHEJ8,8.952,Low Fat,0.1015,DAIRY,41.9,STORE-YLW,35,Small,Tier_1,Standard Supermarket,710.03
row_01445,PRD-1J8NER,6.567,Low Fat,0.0,household,119.18,STORE-OYG,25,,Tier_2,Standard Supermarket,963.16
row_01446,PRD-A6X5Z0,19.122,Low Fat,0.0832,HEALTH AND HYGIENE,98.12,STORE-HL7,23,Medium,Tier_3,Superstore,2836.29
row_01447,PRD-3SY670,7.016,Regular,0.0,SNACK FOODS,189.48,STORE-89Z,33,Medium,Tier_1,Standard Supermarket,2593.75
row_01448,PRD-YROQ4H,,Low Fat,0.0388,Health and Hygiene,181.03,STORE-T5G,47,Small,Tier_1,Corner Shop,862.23
row_01449,PRD-ZCF0TU,11.302,Regular,0.1384,canned,222.88,STORE-89Z,33,Medium,Tier_1,Standard Supermarket,2567.89
row_01450,PRD-199BRB,13.908,Regular,0.032,Canned,53.27,STORE-DKU,30,,Tier_2,Standard Supermarket,739.34
row_01451,PRD-1HOH9O,,Low Fat,0.0251,household,195.23,STORE-7WS,47,Medium,Tier_3,Flagship Hypermarket,5545.07
row_01452,PRD-MAA7H7,14.789,Regular,0.0944,Snack Foods,49.65,STORE-89Z,33,Medium,Tier_1,Standard Supermarket,564.71
row_01453,PRD-BXIITA,,Low Fat,0.0122,OTHERS,118.58,STORE-T5G,47,Small,Tier_1,Corner Shop,252.94
row_01454,PRD-VDV7PE,10.992,Low Fat,0.0383,HEALTH AND HYGIENE,41.84,STORE-AGY,45,Large,Tier_3,Standard Supermarket,332.8
row_01455,PRD-I1NNSM,10.387,Regular,0.0452,Baking Goods,142.73,STORE-JOR,34,,Tier_3,Corner Shop,142.98
row_01457,PRD-AFT69N,12.078,Regular,0.0138,frozen foods,176.77,STORE-HL7,23,Medium,Tier_3,Superstore,558.42
row_01458,PRD-97XGCK,,Low Fat,0.0771,BAKING GOODS,114.09,STORE-7WS,47,Medium,Tier_3,Flagship Hypermarket,3441.06
row_01459,PRD-H4CI9H,6.855,Regular,0.0377,meat,179.58,STORE-HL7,23,Medium,Tier_3,Superstore,1457.6
row_01460,PRD-8LMN4R,15.088,Low Fat,0.0532,soft drinks,42.55,STORE-89Z,33,Medium,Tier_1,Standard Supermarket,540.49
row_01461,PRD-G0OA3Y,11.046,Low Fat,0.0285,Others,51.25,STORE-HL7,23,Medium,Tier_3,Superstore,808.7
row_01462,PRD-T14KTM,11.225,Low Fat,0.0334,health and hygiene,165.42,STORE-89Z,33,Medium,Tier_1,Standard Supermarket,958.95
row_01463,PRD-LMEYSN,8.906,Low Fat,0.01,OTHERS,217.42,STORE-YLW,35,Small,Tier_1,Standard Supermarket,1042.43
row_01464,PRD-RHA96G,4.879,Low Fat,0.0462,Baking Goods,190.93,STORE-89Z,33,Medium,Tier_1,Standard Supermarket,3792.07
row_01466,PRD-VP8H4N,8.497,Low Fat,0.0939,Canned,51.62,STORE-89Z,33,Medium,Tier_1,Standard Supermarket,891.81
row_01467,PRD-M82I1L,9.188,Low Fat,0.1645,Soft Drinks,227.34,STORE-9RG,28,Small,Tier_2,Standard Supermarket,3891.37
row_01468,PRD-02NFGI,6.0,Low Fat,0.0359,canned,179.44,STORE-89Z,33,Medium,Tier_1,Standard Supermarket,1644.84
row_01469,PRD-QWRZFX,6.697,Regular,0.0064,Baking Goods,124.44,STORE-OYG,25,,Tier_2,Standard Supermarket,2635.28
row_01470,PRD-ZWW54A,20.723,Low Fat,0.1059,Snack Foods,160.4,STORE-HL7,23,Medium,Tier_3,Superstore,4710.78
row_01471,PRD-OAEDOE,,Low Fat,0.0169,Dairy,76.22,STORE-7WS,47,Medium,Tier_3,Flagship Hypermarket,1264.09
row_01472,PRD-41ZE8O,7.63,Regular,0.0678,snack foods,41.09,STORE-9RG,28,Small,Tier_2,Standard Supermarket,1024.03
row_01473,PRD-FHKP7I,17.53,Regular,0.0115,CANNED,166.77,STORE-89Z,33,Medium,Tier_1,Standard Supermarket,1164.82
row_01474,PRD-AWPUBL,9.939,Regular,0.0285,CANNED,179.29,STORE-DKU,30,,Tier_2,Standard Supermarket,2898.67
row_01476,PRD-9KE7J2,16.037,Low Fat,0.136,breads,179.85,STORE-JOR,34,,Tier_3,Corner Shop,543.19
row_01477,PRD-4DAKF5,6.985,Regular,0.0362,Frozen Foods,248.74,STORE-HL7,23,Medium,Tier_3,Superstore,2748.27
row_01479,PRD-2WLNC8,8.677,Low Fat,0.0154,Household,197.95,STORE-DKU,30,,Tier_2,Standard Supermarket,2380.36
row_01480,PRD-TVSXA7,7.385,Low Fat,0.0682,Health and Hygiene,141.41,STORE-OYG,25,,Tier_2,Standard Supermarket,2497.5
row_01481,PRD-7N4YTU,17.973,Low Fat,0.0772,snack foods,260.83,STORE-AGY,45,Large,Tier_3,Standard Supermarket,989.41
row_01482,PRD-R3PE29,,Low Fat,0.3183,Soft Drinks,151.54,STORE-T5G,47,Small,Tier_1,Corner Shop,283.74
row_01483,PRD-LF7XE7,15.294,Low Fat,0.1772,fruits and vegetables,112.33,STORE-OYG,25,,Tier_2,Standard Supermarket,2484.86
row_01484,PRD-6DXZJ1,12.657,Regular,0.0695,Snack Foods,66.23,STORE-9RG,28,Small,Tier_2,Standard Supermarket,2139.85
row_01485,PRD-EMI6QW,12.323,Low Fat,0.0,Household,115.65,STORE-OYG,25,,Tier_2,Standard Supermarket,2405.17
row_01486,PRD-AQHIU3,18.9,Low Fat,0.0276,HEALTH AND HYGIENE,63.63,STORE-89Z,33,Medium,Tier_1,Standard Supermarket,1555.18
row_01487,PRD-F7NY03,16.705,Regular,0.0512,FROZEN FOODS,116.16,STORE-DKU,30,,Tier_2,Standard Supermarket,717.02
row_01488,PRD-VHT24B,7.264,Low Fat,0.0,DAIRY,155.36,STORE-OYG,25,,Tier_2,Standard Supermarket,1367.19
row_01489,PRD-0FOH3H,14.085,Regular,0.0311,Dairy,145.6,STORE-YLW,35,Small,Tier_1,Standard Supermarket,1569.5
row_01490,PRD-V3EOYY,15.523,Low Fat,0.0712,breads,214.29,STORE-YLW,35,Small,Tier_1,Standard Supermarket,4306.04
row_01491,PRD-RYI0M7,10.683,Low Fat,0.0709,FROZEN FOODS,121.92,STORE-9RG,28,Small,Tier_2,Standard Supermarket,1262.44
row_01492,PRD-8S2XEM,,Regular,0.0367,fruits and vegetables,110.62,STORE-7WS,47,Medium,Tier_3,Flagship Hypermarket,4658.84
row_01493,PRD-5BFZ63,18.709,Low Fat,0.1424,Canned,171.42,STORE-9RG,28,Small,Tier_2,Standard Supermarket,1919.89
row_01495,PRD-4PZT3E,16.28,Low Fat,0.0725,Dairy,211.93,STORE-YLW,35,Small,Tier_1,Standard Supermarket,5069.62
row_01496,PRD-Q7U1KU,,Low Fat,0.0212,Dairy,120.74,STORE-7WS,47,Medium,Tier_3,Flagship Hypermarket,2839.6
row_01498,PRD-SVH3EJ,6.346,Low Fat,0.0128,Meat,38.81,STORE-89Z,33,Medium,Tier_1,Standard Supermarket,365.97
row_01500,PRD-O69WEZ,17.674,Regular,0.0076,dairy,147.4,STORE-89Z,33,Medium,Tier_1,Standard Supermarket,1861.32
row_01502,PRD-ZN1N5R,12.092,Regular,0.0337,Meat,194.92,STORE-DKU,30,,Tier_2,Standard Supermarket,2657.23
row_01503,PRD-0KDULB,,Low Fat,0.0706,Household,92.14,STORE-7WS,47,Medium,Tier_3,Flagship Hypermarket,1851.54
row_01504,PRD-UPZ5JR,19.792,Regular,0.0837,baking goods,191.23,STORE-YLW,35,Small,Tier_1,Standard Supermarket,3357.61
row_01505,PRD-53JSJC,14.831,Low Fat,0.0619,Household,233.03,STORE-89Z,33,Medium,Tier_1,Standard Supermarket,2089.24
row_01506,PRD-6RDQYB,10.385,Regular,0.012,MEAT,189.74,STORE-DKU,30,,Tier_2,Standard Supermarket,2613.6
row_01507,PRD-0AB7R8,13.143,Regular,0.0,FRUITS AND VEGETABLES,173.96,STORE-OYG,25,,Tier_2,Standard Supermarket,2298.03
row_01509,PRD-NMIC1F,11.318,Regular,0.0448,snack foods,102.98,STORE-AGY,45,Large,Tier_3,Standard Supermarket,2512.39
row_01510,PRD-QWRZFX,6.544,Regular,0.0,Baking Goods,120.34,STORE-DKU,30,,Tier_2,Standard Supermarket,2644.75
row_01511,PRD-IQSUHA,19.833,Regular,0.0275,CANNED,158.91,STORE-HL7,23,Medium,Tier_3,Superstore,2647.01
row_01512,PRD-NKZGGE,12.979,Low Fat,0.0952,snack foods,148.84,STORE-9RG,28,Small,Tier_2,Standard Supermarket,4462.85
row_01514,PRD-J2E42T,12.958,Low Fat,0.1472,Frozen Foods,147.48,STORE-OYG,25,,Tier_2,Standard Supermarket,2669.85
row_01515,PRD-4JP18M,17.465,Low Fat,0.0505,SNACK FOODS,120.73,STORE-89Z,33,Medium,Tier_1,Standard Supermarket,2424.68
row_01516,PRD-ZJZCZV,8.393,Low Fat,0.0389,Snack Foods,99.59,STORE-YLW,35,Small,Tier_1,Standard Supermarket,1062.53
row_01517,PRD-0JL6QK,19.149,Low Fat,0.1321,Snack Foods,106.4,STORE-9RG,28,Small,Tier_2,Standard Supermarket,1906.64
row_01518,PRD-FKR26J,8.115,Low Fat,0.0527,Frozen Foods,106.0,STORE-YLW,35,Small,Tier_1,Standard Supermarket,1826.82
row_01519,PRD-J28SY2,15.739,Regular,0.0736,baking goods,257.91,STORE-9RG,28,Small,Tier_2,Standard Supermarket,4414.96
row_01520,PRD-PLCL5F,18.467,Low Fat,0.0449,Baking Goods,126.32,STORE-JOR,34,,Tier_3,Corner Shop,129.51
row_01521,PRD-F4B8DW,20.522,Low Fat,0.0347,DAIRY,214.98,STORE-AGY,45,Large,Tier_3,Standard Supermarket,1119.35
row_01522,PRD-AK5W77,8.409,Regular,0.0319,canned,224.92,STORE-DKU,30,,Tier_2,Standard Supermarket,2675.57
row_01523,PRD-QWRZFX,6.755,Regular,0.0061,BAKING GOODS,119.84,STORE-89Z,33,Medium,Tier_1,Standard Supermarket,2069.44
row_01524,PRD-EDLQ9E,,Regular,0.0315,breads,244.17,STORE-7WS,47,Medium,Tier_3,Flagship Hypermarket,3471.23
row_01525,PRD-O84W6T,15.647,Low Fat,0.0368,SNACK FOODS,126.97,STORE-OYG,25,,Tier_2,Standard Supermarket,1927.16
row_01526,PRD-VLTBHO,17.641,Low Fat,0.1587,MEAT,162.97,STORE-AGY,45,Large,Tier_3,Standard Supermarket,3520.63
row_01527,PRD-2BSMEB,6.797,Low Fat,0.0375,baking goods,48.18,STORE-9RG,28,Small,Tier_2,Standard Supermarket,301.33
row_01528,PRD-MGCY57,,Regular,0.1449,Fruits and Vegetables,224.63,STORE-T5G,47,Small,Tier_1,Corner Shop,234.88
row_01529,PRD-1LYFSP,19.615,Low Fat,0.1772,Fruits and Vegetables,220.92,STORE-AGY,45,Large,Tier_3,Standard Supermarket,2000.92
row_01530,PRD-DFNIAJ,4.791,Low Fat,0.0894,BREADS,121.15,STORE-HL7,23,Medium,Tier_3,Superstore,1990.51
row_01531,PRD-KE6H76,8.459,Regular,0.0315,BAKING GOODS,96.28,STORE-89Z,33,Medium,Tier_1,Standard Supermarket,2247.62
row_01533,PRD-49DBZ7,10.751,Low Fat,0.1565,snack foods,110.0,STORE-YLW,35,Small,Tier_1,Standard Supermarket,1075.44
row_01535,PRD-0T2RJM,7.773,Low Fat,0.0526,canned,111.72,STORE-JOR,34,,Tier_3,Corner Shop,120.16
row_01536,PRD-Q8SB7X,21.505,Regular,0.0199,Breakfast,133.64,STORE-YLW,35,Small,Tier_1,Standard Supermarket,2117.56
row_01537,PRD-BTN76M,,Low Fat,0.2933,FRUITS AND VEGETABLES,117.44,STORE-T5G,47,Small,Tier_1,Corner Shop,479.97
row_01538,PRD-FL1299,8.763,Regular,0.0528,Canned,84.95,STORE-89Z,33,Medium,Tier_1,Standard Supermarket,1672.16
row_01539,PRD-KL9Z6V,17.659,Low Fat,0.1548,Fruits and Vegetables,37.81,STORE-HL7,23,Medium,Tier_3,Superstore,568.9
row_01541,PRD-UPQZIT,,Low Fat,0.1264,SOFT DRINKS,111.9,STORE-T5G,47,Small,Tier_1,Corner Shop,114.88
row_01542,PRD-JZZGKE,10.729,Regular,0.049,Dairy,48.33,STORE-HL7,23,Medium,Tier_3,Superstore,540.75
row_01543,PRD-43Z5TX,6.164,Low Fat,0.0262,Fruits and Vegetables,160.47,STORE-HL7,23,Medium,Tier_3,Superstore,5487.3
row_01544,PRD-T2XRGI,20.94,Regular,0.007,Starchy Foods,175.68,STORE-YLW,35,Small,Tier_1,Standard Supermarket,3066.09
row_01545,PRD-5OIBGD,16.274,Low Fat,0.106,Snack Foods,156.14,STORE-89Z,33,Medium,Tier_1,Standard Supermarket,1699.7
row_01546,PRD-V14WZZ,18.192,Low Fat,0.031,HEALTH AND HYGIENE,195.82,STORE-OYG,25,,Tier_2,Standard Supermarket,2110.64
row_01547,PRD-88O5OR,12.764,Low Fat,0.0619,Soft Drinks,156.48,STORE-DKU,30,,Tier_2,Standard Supermarket,2078.05
row_01548,PRD-RMB8Q9,10.866,Low Fat,0.0351,HEALTH AND HYGIENE,85.03,STORE-DKU,30,,Tier_2,Standard Supermarket,416.59
row_01549,PRD-TS3K1S,8.731,Low Fat,0.0053,FROZEN FOODS,104.97,STORE-OYG,25,,Tier_2,Standard Supermarket,2675.72
row_01550,PRD-741NWE,9.927,Regular,0.2282,Baking Goods,50.04,STORE-JOR,34,,Tier_3,Corner Shop,98.12
row_01551,PRD-SBYDKN,6.034,Low Fat,0.0105,Meat,63.62,STORE-HL7,23,Medium,Tier_3,Superstore,737.4
row_01554,PRD-SB61LG,20.788,Regular,0.0484,FRUITS AND VEGETABLES,189.14,STORE-YLW,35,Small,Tier_1,Standard Supermarket,4054.08
row_01555,PRD-EVYY91,14.577,Low Fat,0.0282,Health and Hygiene,108.62,STORE-JOR,34,,Tier_3,Corner Shop,221.86
row_01556,PRD-MHZN3M,,Low Fat,0.0294,Meat,138.7,STORE-T5G,47,Small,Tier_1,Corner Shop,144.94
row_01557,PRD-CX9J1I,14.049,Low Fat,0.0943,Soft Drinks,175.32,STORE-DKU,30,,Tier_2,Standard Supermarket,4149.83
row_01558,PRD-ON4O79,,Low Fat,0.0165,HOUSEHOLD,95.03,STORE-7WS,47,Medium,Tier_3,Flagship Hypermarket,1475.84
row_01559,PRD-LXLIM5,12.598,Low Fat,0.0643,HEALTH AND HYGIENE,123.15,STORE-DKU,30,,Tier_2,Standard Supermarket,1497.05
row_01560,PRD-7SMC67,15.924,Low Fat,0.1372,breakfast,129.4,STORE-HL7,23,Medium,Tier_3,Superstore,2125.82
row_01561,PRD-M5VWIP,5.749,Low Fat,0.0722,Frozen Foods,117.79,STORE-AGY,45,Large,Tier_3,Standard Supermarket,1681.39
row_01562,PRD-QCMSWD,8.82,Low Fat,0.0088,FROZEN FOODS,97.97,STORE-HL7,23,Medium,Tier_3,Superstore,284.55
row_01566,PRD-UJG7IN,6.023,Low Fat,0.0969,frozen foods,127.8,STORE-HL7,23,Medium,Tier_3,Superstore,3606.19
row_01568,PRD-E4XLA5,9.459,Regular,0.1231,Baking Goods,231.2,STORE-DKU,30,,Tier_2,Standard Supermarket,4648.65
row_01569,PRD-S4MGBN,16.31,Low Fat,0.0,fruits and vegetables,178.36,STORE-YLW,35,Small,Tier_1,Standard Supermarket,2029.35
row_01570,PRD-0YF9P7,5.961,Low Fat,0.0982,Fruits and Vegetables,55.4,STORE-89Z,33,Medium,Tier_1,Standard Supermarket,527.07
row_01571,PRD-YLXYXL,7.446,Low Fat,0.0366,Baking Goods,75.39,STORE-OYG,25,,Tier_2,Standard Supermarket,1991.34
row_01574,PRD-8NY9QX,,Low Fat,0.2352,Snack Foods,149.29,STORE-T5G,47,Small,Tier_1,Corner Shop,143.44
row_01575,PRD-HR8X8C,13.225,Regular,0.124,Starchy Foods,93.47,STORE-AGY,45,Large,Tier_3,Standard Supermarket,1892.77
row_01578,PRD-NAMSQE,12.06,Regular,0.1766,BAKING GOODS,79.65,STORE-9RG,28,Small,Tier_2,Standard Supermarket,683.23
row_01579,PRD-XYXASW,,Low Fat,0.0806,breads,118.67,STORE-T5G,47,Small,Tier_1,Corner Shop,374.23
row_01580,PRD-RD47WO,15.621,Regular,0.1066,Snack Foods,171.33,STORE-HL7,23,Medium,Tier_3,Superstore,2881.42
row_01581,PRD-S4SJ2V,,Regular,0.0,Dairy,55.47,STORE-T5G,47,Small,Tier_1,Corner Shop,111.4
row_01582,PRD-28T7A9,,Low Fat,0.0613,Dairy,151.19,STORE-7WS,47,Medium,Tier_3,Flagship Hypermarket,5406.77
row_01584,PRD-MW0SKC,,Regular,0.1639,MEAT,159.52,STORE-7WS,47,Medium,Tier_3,Flagship Hypermarket,5771.5
row_01585,PRD-X36ZHB,10.51,Regular,0.0261,Baking Goods,171.36,STORE-DKU,30,,Tier_2,Standard Supermarket,5843.05
row_01587,PRD-VLHZZ3,9.894,Low Fat,0.167,FROZEN FOODS,141.7,STORE-AGY,45,Large,Tier_3,Standard Supermarket,808.61
row_01588,PRD-BFDNHH,8.493,Regular,0.1562,snack foods,155.84,STORE-JOR,34,,Tier_3,Corner Shop,433.81
row_01589,PRD-T6T18U,12.248,Low Fat,0.0314,canned,76.44,STORE-89Z,33,Medium,Tier_1,Standard Supermarket,1454.81
row_01590,PRD-CP4E30,,Low Fat,0.0,Dairy,178.17,STORE-7WS,47,Medium,Tier_3,Flagship Hypermarket,3706.42
row_01591,PRD-64V0WS,17.92,Low Fat,0.0737,snack foods,124.79,STORE-AGY,45,Large,Tier_3,Standard Supermarket,2289.92
row_01592,PRD-WJIQXP,12.656,Regular,0.0736,Frozen Foods,189.5,STORE-HL7,23,Medium,Tier_3,Superstore,1127.33
row_01593,PRD-RVRRGQ,,Regular,0.0768,dairy,110.17,STORE-7WS,47,Medium,Tier_3,Flagship Hypermarket,3272.96
row_01595,PRD-6V1JZP,16.628,Low Fat,0.0261,household,247.95,STORE-AGY,45,Large,Tier_3,Standard Supermarket,4275.14
row_01597,PRD-8669BY,17.006,Low Fat,0.1306,FRUITS AND VEGETABLES,175.42,STORE-9RG,28,Small,Tier_2,Standard Supermarket,2070.2
row_01599,PRD-DOYWLL,12.803,Low Fat,0.1099,CANNED,119.99,STORE-OYG,25,,Tier_2,Standard Supermarket,2263.59
row_01600,PRD-OSKK9O,15.762,Regular,0.0136,Fruits and Vegetables,109.89,STORE-AGY,45,Large,Tier_3,Standard Supermarket,338.74
row_01601,PRD-AQNCDZ,13.595,Regular,0.0141,CANNED,208.48,STORE-DKU,30,,Tier_2,Standard Supermarket,2347.77
row_01602,PRD-UHT6T0,15.727,Low Fat,0.0,soft drinks,75.18,STORE-AGY,45,Large,Tier_3,Standard Supermarket,2119.34
row_01603,PRD-3BD4Z1,5.934,Low Fat,0.0,FRUITS AND VEGETABLES,162.57,STORE-9RG,28,Small,Tier_2,Standard Supermarket,1640.54
row_01604,PRD-V0T5X3,16.627,Low Fat,0.0215,Dairy,108.52,STORE-HL7,23,Medium,Tier_3,Superstore,969.84
row_01606,PRD-X272HP,4.621,Low Fat,0.0732,Soft Drinks,113.23,STORE-9RG,28,Small,Tier_2,Standard Supermarket,794.21
row_01607,PRD-QKDZ1Q,16.646,Regular,0.0622,FRUITS AND VEGETABLES,224.32,STORE-89Z,33,Medium,Tier_1,Standard Supermarket,5652.01
row_01608,PRD-IV473J,20.042,Regular,0.0174,Frozen Foods,179.95,STORE-DKU,30,,Tier_2,Standard Supermarket,2439.46
row_01609,PRD-MX6K0J,19.927,Low Fat,0.0,Health and Hygiene,124.9,STORE-HL7,23,Medium,Tier_3,Superstore,1801.53
row_01610,PRD-PJGDSY,,Low Fat,0.1456,SNACK FOODS,151.24,STORE-7WS,47,Medium,Tier_3,Flagship Hypermarket,3372.29
row_01611,PRD-7G23CP,9.072,Low Fat,0.0,Canned,77.97,STORE-9RG,28,Small,Tier_2,Standard Supermarket,1729.69
row_01612,PRD-M0ZQ63,10.398,Low Fat,0.0722,DAIRY,259.88,STORE-89Z,33,Medium,Tier_1,Standard Supermarket,3277.58
row_01613,PRD-91ZPKY,16.894,Low Fat,0.1242,frozen foods,246.25,STORE-AGY,45,Large,Tier_3,Standard Supermarket,2968.2
row_01614,PRD-SQ8X3A,17.168,Regular,0.066,Baking Goods,88.2,STORE-DKU,30,,Tier_2,Standard Supermarket,1703.54
row_01615,PRD-TS3K1S,,Low Fat,0.0055,Frozen Foods,104.46,STORE-7WS,47,Medium,Tier_3,Flagship Hypermarket,3446.9
row_01617,PRD-AQHIU3,19.788,Low Fat,0.0284,HEALTH AND HYGIENE,66.29,STORE-HL7,23,Medium,Tier_3,Superstore,371.77
row_01618,PRD-2GKFSF,,Low Fat,0.0249,HOUSEHOLD,151.63,STORE-7WS,47,Medium,Tier_3,Flagship Hypermarket,3322.34
row_01619,PRD-0XPJ70,6.76,Low Fat,0.0963,Household,192.71,STORE-AGY,45,Large,Tier_3,Standard Supermarket,4340.35
row_01620,PRD-RJX4XT,,Regular,0.0258,Canned,145.89,STORE-7WS,47,Medium,Tier_3,Flagship Hypermarket,2850.51
row_01622,PRD-J28SY2,15.527,Regular,0.0737,BAKING GOODS,259.73,STORE-HL7,23,Medium,Tier_3,Superstore,2120.03
row_01623,PRD-T5HGP8,10.385,Regular,0.0,Baking Goods,158.3,STORE-DKU,30,,Tier_2,Standard Supermarket,1310.37
row_01627,PRD-SILU2D,6.373,Low Fat,0.0105,Canned,114.75,STORE-89Z,33,Medium,Tier_1,Standard Supermarket,1436.13
row_01628,PRD-6O0HUH,20.606,Regular,0.0151,Fruits and Vegetables,238.51,STORE-YLW,35,Small,Tier_1,Standard Supermarket,4321.44
row_01629,PRD-RHZPAC,9.986,Regular,0.0297,Canned,117.0,STORE-HL7,23,Medium,Tier_3,Superstore,1512.16
row_01631,PRD-AN63XD,,Low Fat,0.0104,FROZEN FOODS,184.78,STORE-T5G,47,Small,Tier_1,Corner Shop,360.25
row_01632,PRD-40MGG1,13.549,Low Fat,0.0914,SOFT DRINKS,184.47,STORE-YLW,35,Small,Tier_1,Standard Supermarket,1371.66
row_01633,PRD-JH7XEX,7.052,Low Fat,0.0406,Canned,80.59,STORE-HL7,23,Medium,Tier_3,Superstore,1006.85
row_01634,PRD-N0RSKQ,14.774,Low Fat,0.1711,snack foods,189.5,STORE-YLW,35,Small,Tier_1,Standard Supermarket,5057.28
row_01635,PRD-YGW5F2,10.081,Low Fat,0.1402,Meat,105.11,STORE-HL7,23,Medium,Tier_3,Superstore,1591.98
row_01636,PRD-VXSN74,18.024,Low Fat,0.0563,SNACK FOODS,143.91,STORE-89Z,33,Medium,Tier_1,Standard Supermarket,6220.45
row_01637,PRD-5WVO01,5.267,Low Fat,0.0296,Health and Hygiene,34.37,STORE-OYG,25,,Tier_2,Standard Supermarket,658.84
row_01638,PRD-U1OJA0,13.339,Low Fat,0.0489,BREADS,223.0,STORE-YLW,35,Small,Tier_1,Standard Supermarket,5613.97
row_01640,PRD-5GAS44,8.35,Low Fat,0.0273,soft drinks,151.48,STORE-YLW,35,Small,Tier_1,Standard Supermarket,904.67
row_01642,PRD-CEM9N4,12.049,Low Fat,0.1344,FROZEN FOODS,246.49,STORE-89Z,33,Medium,Tier_1,Standard Supermarket,1228.84
row_01644,PRD-EMI6QW,,Low Fat,0.0298,HOUSEHOLD,117.55,STORE-7WS,47,Medium,Tier_3,Flagship Hypermarket,1826.4
row_01645,PRD-I3MWRM,16.649,Low Fat,0.0341,meat,167.55,STORE-AGY,45,Large,Tier_3,Standard Supermarket,1041.37
row_01646,PRD-LCSXU1,11.519,Regular,0.0609,Baking Goods,174.9,STORE-YLW,35,Small,Tier_1,Standard Supermarket,3538.91
row_01647,PRD-KL6CEV,6.581,Low Fat,0.0888,HOUSEHOLD,88.44,STORE-9RG,28,Small,Tier_2,Standard Supermarket,2029.56
row_01649,PRD-4RQYWN,16.129,Low Fat,0.0338,HOUSEHOLD,125.3,STORE-89Z,33,Medium,Tier_1,Standard Supermarket,2984.27
row_01650,PRD-TVFDG0,5.886,Regular,0.0294,BREADS,189.38,STORE-YLW,35,Small,Tier_1,Standard Supermarket,3751.65
row_01651,PRD-S57TCO,5.393,Regular,0.0,Baking Goods,133.79,STORE-HL7,23,Medium,Tier_3,Superstore,251.18
row_01652,PRD-HDPJSA,,Low Fat,0.2276,Canned,259.97,STORE-T5G,47,Small,Tier_1,Corner Shop,1381.45
row_01653,PRD-U3BDL2,8.735,Regular,0.054,breads,130.52,STORE-DKU,30,,Tier_2,Standard Supermarket,1291.05
row_01657,PRD-C3DXMR,17.006,Low Fat,0.0347,SNACK FOODS,90.13,STORE-DKU,30,,Tier_2,Standard Supermarket,544.12
row_01658,PRD-0HHXSC,20.171,Low Fat,0.0,HOUSEHOLD,72.12,STORE-HL7,23,Medium,Tier_3,Superstore,1894.78
row_01660,PRD-MVFBO1,9.794,Low Fat,0.0628,household,229.91,STORE-AGY,45,Large,Tier_3,Standard Supermarket,4204.65
row_01661,PRD-UPQZIT,7.125,Low Fat,0.0707,soft drinks,109.04,STORE-89Z,33,Medium,Tier_1,Standard Supermarket,1125.12
row_01662,PRD-9WWKQF,17.608,Low Fat,0.0728,Canned,158.72,STORE-HL7,23,Medium,Tier_3,Superstore,811.17
row_01663,PRD-41ZE8O,7.687,Regular,0.0,Snack Foods,40.93,STORE-DKU,30,,Tier_2,Standard Supermarket,882.62
row_01665,PRD-VN8NN8,9.42,Regular,0.0763,MEAT,106.46,STORE-YLW,35,Small,Tier_1,Standard Supermarket,2989.0
row_01667,PRD-L9CYMT,19.662,Low Fat,0.0438,Dairy,91.16,STORE-89Z,33,Medium,Tier_1,Standard Supermarket,688.97
row_01668,PRD-3G4UNX,,Low Fat,0.1119,canned,193.28,STORE-7WS,47,Medium,Tier_3,Flagship Hypermarket,4841.17
row_01669,PRD-UBXCU2,8.907,Low Fat,0.02,Household,168.1,STORE-89Z,33,Medium,Tier_1,Standard Supermarket,4075.94
row_01670,PRD-9IT02F,16.903,Low Fat,0.0695,household,117.74,STORE-9RG,28,Small,Tier_2,Standard Supermarket,2939.31
row_01671,PRD-F3G3T3,14.952,Low Fat,0.0195,Snack Foods,235.38,STORE-AGY,45,Large,Tier_3,Standard Supermarket,1722.57
row_01672,PRD-3IFU71,9.168,Low Fat,0.1752,baking goods,149.01,STORE-JOR,34,,Tier_3,Corner Shop,574.74
row_01673,PRD-LUJBU0,8.258,Regular,0.0485,Baking Goods,105.23,STORE-YLW,35,Small,Tier_1,Standard Supermarket,2955.03
row_01674,PRD-195DWY,16.755,Low Fat,0.0,Fruits and Vegetables,198.6,STORE-HL7,23,Medium,Tier_3,Superstore,1419.58
row_01675,PRD-EGC2DP,6.914,Low Fat,0.0906,Snack Foods,211.07,STORE-JOR,34,,Tier_3,Corner Shop,418.9
row_01676,PRD-72AAVH,15.279,Low Fat,0.0516,meat,241.12,STORE-9RG,28,Small,Tier_2,Standard Supermarket,4405.99
row_01677,PRD-DP03EH,7.335,Low Fat,0.1573,Dairy,212.08,STORE-9RG,28,Small,Tier_2,Standard Supermarket,3817.32
row_01678,PRD-LQY3T3,16.838,Low Fat,0.0942,Household,195.85,STORE-OYG,25,,Tier_2,Standard Supermarket,3428.54
row_01679,PRD-Y7T0DJ,,Low Fat,0.2288,fruits and vegetables,84.15,STORE-T5G,47,Small,Tier_1,Corner Shop,86.96
row_01680,PRD-N5F62D,17.407,Low Fat,0.0141,frozen foods,262.36,STORE-DKU,30,,Tier_2,Standard Supermarket,5934.69
row_01681,PRD-SCRO8S,,Regular,0.1907,Fruits and Vegetables,42.61,STORE-T5G,47,Small,Tier_1,Corner Shop,128.1
row_01682,PRD-WFA6ZI,18.259,Low Fat,0.0347,Dairy,250.0,STORE-DKU,30,,Tier_2,Standard Supermarket,4833.13
row_01683,PRD-PXZYDW,14.99,Low Fat,0.0557,household,138.62,STORE-9RG,28,Small,Tier_2,Standard Supermarket,2714.6
row_01684,PRD-ZGIUDT,,Low Fat,0.1012,Health and Hygiene,114.56,STORE-7WS,47,Medium,Tier_3,Flagship Hypermarket,1664.32
row_01685,PRD-ZTKB9Z,18.671,Low Fat,0.0613,household,220.99,STORE-HL7,23,Medium,Tier_3,Superstore,3144.3
row_01686,PRD-Q4MPR9,9.914,Low Fat,0.0491,Snack Foods,158.53,STORE-JOR,34,,Tier_3,Corner Shop,324.87
row_01688,PRD-93TBZQ,14.304,Regular,0.0662,FRUITS AND VEGETABLES,90.3,STORE-DKU,30,,Tier_2,Standard Supermarket,1780.59
row_01690,PRD-61J4BY,19.864,Low Fat,0.0123,Household,153.0,STORE-YLW,35,Small,Tier_1,Standard Supermarket,2009.47
row_01691,PRD-ANEC1W,6.239,Low Fat,0.0123,FRUITS AND VEGETABLES,38.67,STORE-AGY,45,Large,Tier_3,Standard Supermarket,501.31
row_01692,PRD-5BFZ63,18.891,Low Fat,0.1435,canned,171.72,STORE-OYG,25,,Tier_2,Standard Supermarket,4241.75
row_01694,PRD-1I4EOY,19.388,Low Fat,0.0383,Fruits and Vegetables,210.76,STORE-AGY,45,Large,Tier_3,Standard Supermarket,5348.9
row_01695,PRD-L5PBHR,13.324,Low Fat,0.0206,breads,87.48,STORE-OYG,25,,Tier_2,Standard Supermarket,1901.23
row_01696,PRD-8DPOY7,12.782,Low Fat,0.007,household,41.89,STORE-YLW,35,Small,Tier_1,Standard Supermarket,386.6
row_01697,PRD-Y20K05,11.15,Low Fat,0.0093,meat,118.21,STORE-OYG,25,,Tier_2,Standard Supermarket,1900.76
row_01699,PRD-K6I2KL,9.577,Regular,0.0138,SNACK FOODS,184.59,STORE-AGY,45,Large,Tier_3,Standard Supermarket,3175.66
row_01703,PRD-741NWE,9.793,Regular,0.14,Baking Goods,51.21,STORE-HL7,23,Medium,Tier_3,Superstore,253.35
row_01704,PRD-FKR26J,8.006,Low Fat,0.054,frozen foods,106.24,STORE-DKU,30,,Tier_2,Standard Supermarket,954.07
row_01705,PRD-RMBF82,9.462,Regular,0.0358,Fruits and Vegetables,169.71,STORE-89Z,33,Medium,Tier_1,Standard Supermarket,2443.51
row_01706,PRD-9H9FM8,17.49,Low Fat,0.0498,Household,169.14,STORE-DKU,30,,Tier_2,Standard Supermarket,3026.79
row_01707,PRD-UC3160,18.042,Regular,0.0766,meat,114.14,STORE-YLW,35,Small,Tier_1,Standard Supermarket,1174.77
row_01708,PRD-TQ9DZG,8.097,Low Fat,0.0298,fruits and vegetables,41.29,STORE-DKU,30,,Tier_2,Standard Supermarket,271.94
row_01709,PRD-FCYZ7S,12.852,Low Fat,0.1322,snack foods,156.21,STORE-YLW,35,Small,Tier_1,Standard Supermarket,4165.57
row_01710,PRD-NBDVPI,,Regular,0.098,Fruits and Vegetables,221.5,STORE-T5G,47,Small,Tier_1,Corner Shop,447.61
row_01711,PRD-4R1F1X,,Low Fat,0.014,DAIRY,169.28,STORE-T5G,47,Small,Tier_1,Corner Shop,884.9
row_01712,PRD-OQTFZN,12.081,Regular,0.1371,Fruits and Vegetables,194.04,STORE-OYG,25,,Tier_2,Standard Supermarket,2204.52
row_01713,PRD-WT8JJ4,13.692,Low Fat,0.0309,Others,40.18,STORE-YLW,35,Small,Tier_1,Standard Supermarket,649.83
row_01715,PRD-1UQKER,20.596,Regular,0.1019,Baking Goods,172.05,STORE-JOR,34,,Tier_3,Corner Shop,162.69
row_01716,PRD-F4D9ZQ,7.625,Low Fat,0.0839,meat,63.43,STORE-HL7,23,Medium,Tier_3,Superstore,1178.71
row_01717,PRD-G9LC5B,19.413,Low Fat,0.1031,Household,34.56,STORE-AGY,45,Large,Tier_3,Standard Supermarket,315.75
row_01718,PRD-L9EKA0,5.939,Regular,0.0,SOFT DRINKS,42.79,STORE-89Z,33,Medium,Tier_1,Standard Supermarket,693.16
row_01719,PRD-H8LBRN,16.507,Low Fat,0.03,Household,260.99,STORE-YLW,35,Small,Tier_1,Standard Supermarket,2106.82
row_01720,PRD-9C3FUQ,15.332,Low Fat,0.1346,Hard Drinks,246.9,STORE-AGY,45,Large,Tier_3,Standard Supermarket,3282.85
row_01721,PRD-OSKK9O,,Regular,0.0129,Fruits and Vegetables,103.33,STORE-7WS,47,Medium,Tier_3,Flagship Hypermarket,1375.83
row_01722,PRD-7JTKKU,17.251,Regular,0.039,Fruits and Vegetables,79.67,STORE-HL7,23,Medium,Tier_3,Superstore,487.45
row_01723,PRD-JNNMAX,21.883,Low Fat,0.1092,Health and Hygiene,231.16,STORE-OYG,25,,Tier_2,Standard Supermarket,2955.86
row_01724,PRD-DZQ5YW,17.026,Regular,0.0455,Snack Foods,97.92,STORE-YLW,35,Small,Tier_1,Standard Supermarket,1800.68
row_01726,PRD-7XB2JA,7.875,Low Fat,0.0,Household,155.22,STORE-AGY,45,Large,Tier_3,Standard Supermarket,1684.53
row_01727,PRD-192YWO,11.993,Low Fat,0.0258,Canned,58.86,STORE-OYG,25,,Tier_2,Standard Supermarket,1312.73
row_01728,PRD-21BKSM,17.168,Low Fat,0.0338,health and hygiene,185.71,STORE-DKU,30,,Tier_2,Standard Supermarket,3000.06
row_01729,PRD-BH7RPX,5.021,Low Fat,0.036,household,166.15,STORE-YLW,35,Small,Tier_1,Standard Supermarket,2449.7
row_01730,PRD-PXZYDW,15.464,Low Fat,0.0569,Household,136.23,STORE-AGY,45,Large,Tier_3,Standard Supermarket,3778.5
row_01731,PRD-3OERXC,,Low Fat,0.1314,Household,99.17,STORE-7WS,47,Medium,Tier_3,Flagship Hypermarket,2557.05
row_01732,PRD-VP8H4N,8.544,Low Fat,0.1006,Canned,50.91,STORE-DKU,30,,Tier_2,Standard Supermarket,655.46
row_01733,PRD-OONR06,10.117,Regular,0.0652,FROZEN FOODS,229.34,STORE-AGY,45,Large,Tier_3,Standard Supermarket,466.12
row_01734,PRD-S4MGBN,17.041,Low Fat,0.1264,Fruits and Vegetables,175.98,STORE-9RG,28,Small,Tier_2,Standard Supermarket,1820.56
row_01735,PRD-PT4MX2,14.813,Regular,0.0415,fruits and vegetables,112.84,STORE-HL7,23,Medium,Tier_3,Superstore,661.91
row_01736,PRD-GD8AFP,18.806,Low Fat,0.0722,Dairy,39.31,STORE-JOR,34,,Tier_3,Corner Shop,78.57
row_01737,PRD-VB2Y6O,14.456,Low Fat,0.0192,Health and Hygiene,197.41,STORE-9RG,28,Small,Tier_2,Standard Supermarket,3966.35
row_01738,PRD-3RA1PP,20.333,Low Fat,0.1241,SNACK FOODS,202.2,STORE-9RG,28,Small,Tier_2,Standard Supermarket,4315.32
row_01739,PRD-OZ9XFZ,15.582,Regular,0.0959,Frozen Foods,88.84,STORE-AGY,45,Large,Tier_3,Standard Supermarket,1701.66
row_01740,PRD-GOAVWS,,Low Fat,0.045,SNACK FOODS,118.68,STORE-7WS,47,Medium,Tier_3,Flagship Hypermarket,2753.97
row_01741,PRD-PX2TN7,12.304,Low Fat,0.0,Baking Goods,38.31,STORE-AGY,45,Large,Tier_3,Standard Supermarket,739.39
row_01742,PRD-0Y2EFZ,15.479,Regular,0.1144,CANNED,112.23,STORE-OYG,25,,Tier_2,Standard Supermarket,3092.05
row_01744,PRD-LUJBU0,8.614,Regular,0.0464,Baking Goods,114.49,STORE-89Z,33,Medium,Tier_1,Standard Supermarket,3008.22
row_01745,PRD-UT6HR4,13.87,Low Fat,0.0288,Health and Hygiene,130.3,STORE-HL7,23,Medium,Tier_3,Superstore,2010.65
row_01746,PRD-2YAZQT,15.775,Regular,0.0867,Frozen Foods,50.46,STORE-HL7,23,Medium,Tier_3,Superstore,390.6
row_01747,PRD-L7R843,8.487,Low Fat,0.0721,Hard Drinks,246.37,STORE-OYG,25,,Tier_2,Standard Supermarket,7299.2
row_01748,PRD-S3EOQM,7.981,Low Fat,0.1568,hard drinks,144.35,STORE-YLW,35,Small,Tier_1,Standard Supermarket,1471.98
row_01749,PRD-L5PBHR,13.066,Low Fat,0.0217,breads,83.06,STORE-YLW,35,Small,Tier_1,Standard Supermarket,1319.23
row_01751,PRD-KS265G,15.256,Low Fat,0.1529,Household,60.56,STORE-YLW,35,Small,Tier_1,Standard Supermarket,834.15
row_01752,PRD-AFT69N,11.862,Regular,0.0143,frozen foods,181.25,STORE-DKU,30,,Tier_2,Standard Supermarket,3411.7
row_01753,PRD-MAA7H7,14.372,Regular,0.1025,Snack Foods,53.19,STORE-9RG,28,Small,Tier_2,Standard Supermarket,482.28
row_01754,PRD-F6ZM5U,18.425,Low Fat,0.0411,SNACK FOODS,149.31,STORE-OYG,25,,Tier_2,Standard Supermarket,2722.1
row_01755,PRD-ZDANTN,20.431,Regular,0.0233,BAKING GOODS,234.5,STORE-9RG,28,Small,Tier_2,Standard Supermarket,7720.12
row_01756,PRD-HC0BPN,10.276,Regular,0.0,fruits and vegetables,184.34,STORE-DKU,30,,Tier_2,Standard Supermarket,5080.85
row_01757,PRD-EFRJYJ,5.331,Regular,0.2413,Seafood,168.38,STORE-JOR,34,,Tier_3,Corner Shop,173.04
row_01758,PRD-1NG2QG,7.998,Regular,0.1533,FROZEN FOODS,156.52,STORE-AGY,45,Large,Tier_3,Standard Supermarket,1251.14
row_01759,PRD-FNO6B9,8.294,Regular,0.205,soft drinks,184.57,STORE-JOR,34,,Tier_3,Corner Shop,181.87
row_01760,PRD-U4W9RS,14.53,Low Fat,0.1529,BAKING GOODS,146.28,STORE-JOR,34,,Tier_3,Corner Shop,280.7
row_01761,PRD-RY40KH,12.461,Low Fat,0.0309,Fruits and Vegetables,104.87,STORE-89Z,33,Medium,Tier_1,Standard Supermarket,2014.52
row_01763,PRD-HQ57UY,,Regular,0.0,Frozen Foods,37.78,STORE-7WS,47,Medium,Tier_3,Flagship Hypermarket,1006.35
row_01764,PRD-KB5FAA,9.466,Regular,0.0269,SNACK FOODS,262.55,STORE-YLW,35,Small,Tier_1,Standard Supermarket,1805.95
row_01765,PRD-3S195J,4.705,Low Fat,0.1208,Hard Drinks,175.94,STORE-OYG,25,,Tier_2,Standard Supermarket,3577.19
row_01766,PRD-10N229,19.751,Low Fat,0.0,household,143.65,STORE-AGY,45,Large,Tier_3,Standard Supermarket,3226.13
row_01767,PRD-WFA6ZI,18.254,Low Fat,0.0592,dairy,247.87,STORE-JOR,34,,Tier_3,Corner Shop,522.44
row_01768,PRD-4OOJQX,8.97,Low Fat,0.0857,Snack Foods,167.02,STORE-HL7,23,Medium,Tier_3,Superstore,2167.68
row_01769,PRD-4KDSBS,,Low Fat,0.0,BAKING GOODS,99.07,STORE-7WS,47,Medium,Tier_3,Flagship Hypermarket,2891.15
row_01771,PRD-D4K7YJ,,Regular,0.2343,Starchy Foods,187.8,STORE-T5G,47,Small,Tier_1,Corner Shop,185.36
row_01772,PRD-J4WCO5,14.964,Regular,0.0272,baking goods,223.53,STORE-HL7,23,Medium,Tier_3,Superstore,1851.2
row_01774,PRD-7Q94JB,15.011,Regular,0.0632,FROZEN FOODS,141.45,STORE-DKU,30,,Tier_2,Standard Supermarket,3991.57
row_01775,PRD-SR6GI0,10.864,Low Fat,0.0611,fruits and vegetables,132.81,STORE-JOR,34,,Tier_3,Corner Shop,254.65
row_01776,PRD-NQ65QD,6.137,Low Fat,0.075,Dairy,60.6,STORE-89Z,33,Medium,Tier_1,Standard Supermarket,1439.61
row_01777,PRD-KFS6VF,10.961,Low Fat,0.0,hard drinks,71.14,STORE-89Z,33,Medium,Tier_1,Standard Supermarket,783.65
row_01778,PRD-26OC7T,,Low Fat,0.0822,Frozen Foods,249.77,STORE-7WS,47,Medium,Tier_3,Flagship Hypermarket,4656.13
row_01779,PRD-C2W953,17.945,Regular,0.0406,Snack Foods,99.65,STORE-HL7,23,Medium,Tier_3,Superstore,642.98
row_01780,PRD-HZXGUJ,7.881,Low Fat,0.017,Dairy,48.65,STORE-AGY,45,Large,Tier_3,Standard Supermarket,149.33
row_01781,PRD-1K1QT6,13.197,Low Fat,0.0102,Household,180.29,STORE-HL7,23,Medium,Tier_3,Superstore,2323.65
row_01783,PRD-OOQHSF,6.185,Low Fat,0.0309,household,108.59,STORE-OYG,25,,Tier_2,Standard Supermarket,2483.29
row_01785,PRD-J10FFD,8.314,Low Fat,0.0,HOUSEHOLD,140.14,STORE-DKU,30,,Tier_2,Standard Supermarket,1740.93
row_01786,PRD-X7RF1F,9.998,Low Fat,0.0433,Snack Foods,42.86,STORE-HL7,23,Medium,Tier_3,Superstore,850.85
row_01787,PRD-RD47WO,,Regular,0.1004,snack foods,171.82,STORE-7WS,47,Medium,Tier_3,Flagship Hypermarket,1469.26
row_01788,PRD-KJ6I53,7.872,Low Fat,0.3124,HOUSEHOLD,33.01,STORE-JOR,34,,Tier_3,Corner Shop,137.94
row_01789,PRD-4JXFPK,11.736,Low Fat,0.1712,DAIRY,54.14,STORE-YLW,35,Small,Tier_1,Standard Supermarket,635.21
row_01791,PRD-NF4EK6,19.378,Low Fat,0.0681,household,39.87,STORE-OYG,25,,Tier_2,Standard Supermarket,370.66
row_01793,PRD-W10HOA,6.639,Low Fat,0.0,Snack Foods,92.13,STORE-HL7,23,Medium,Tier_3,Superstore,1056.76
row_01794,PRD-5FVDDW,9.326,Regular,0.0335,Meat,153.9,STORE-OYG,25,,Tier_2,Standard Supermarket,624.09
row_01795,PRD-N7XY43,16.597,Low Fat,0.0,canned,88.01,STORE-HL7,23,Medium,Tier_3,Superstore,1580.5
row_01796,PRD-KDGVNM,6.708,Low Fat,0.0543,Canned,150.98,STORE-DKU,30,,Tier_2,Standard Supermarket,298.44
row_01797,PRD-TVFDG0,6.066,Regular,0.0474,Breads,185.97,STORE-JOR,34,,Tier_3,Corner Shop,574.2
row_01798,PRD-FY9Z9U,19.756,Regular,0.1021,canned,106.13,STORE-89Z,33,Medium,Tier_1,Standard Supermarket,1277.71
row_01799,PRD-IFY7O0,12.768,Regular,0.0464,fruits and vegetables,176.19,STORE-DKU,30,,Tier_2,Standard Supermarket,3074.93
row_01800,PRD-XQL9QP,,Regular,0.0701,Breads,252.71,STORE-7WS,47,Medium,Tier_3,Flagship Hypermarket,3176.23
row_01803,PRD-ZCF0TU,11.09,Regular,0.1347,canned,219.62,STORE-DKU,30,,Tier_2,Standard Supermarket,2172.47
row_01804,PRD-32CDXS,19.724,Regular,0.0191,Fruits and Vegetables,218.94,STORE-AGY,45,Large,Tier_3,Standard Supermarket,3149.33
row_01806,PRD-6625CS,10.541,Regular,0.0361,Meat,228.29,STORE-DKU,30,,Tier_2,Standard Supermarket,4404.76
row_01807,PRD-41CMGC,7.433,Low Fat,0.044,fruits and vegetables,231.23,STORE-9RG,28,Small,Tier_2,Standard Supermarket,3257.77
row_01809,PRD-UHT6T0,,Low Fat,0.0588,SOFT DRINKS,72.67,STORE-T5G,47,Small,Tier_1,Corner Shop,220.17
row_01810,PRD-0948NP,,Low Fat,0.0374,Fruits and Vegetables,141.94,STORE-7WS,47,Medium,Tier_3,Flagship Hypermarket,4663.11
row_01811,PRD-0TRD9L,15.179,Regular,0.0209,Frozen Foods,134.41,STORE-89Z,33,Medium,Tier_1,Standard Supermarket,941.77
row_01812,PRD-JFXKHA,20.298,Regular,0.1253,SNACK FOODS,95.29,STORE-89Z,33,Medium,Tier_1,Standard Supermarket,1326.53
row_01813,PRD-YE19ES,10.42,Regular,0.1288,dairy,118.17,STORE-YLW,35,Small,Tier_1,Standard Supermarket,1982.32
row_01814,PRD-5K9MLE,12.333,Low Fat,0.1629,HOUSEHOLD,115.85,STORE-YLW,35,Small,Tier_1,Standard Supermarket,1615.49
row_01815,PRD-UMMSR8,11.339,Low Fat,0.0,Snack Foods,51.06,STORE-9RG,28,Small,Tier_2,Standard Supermarket,825.77
row_01816,PRD-8669BY,17.347,Low Fat,0.1398,FRUITS AND VEGETABLES,169.55,STORE-DKU,30,,Tier_2,Standard Supermarket,1781.59
row_01817,PRD-6D4HQC,7.072,Low Fat,0.0812,snack foods,108.77,STORE-YLW,35,Small,Tier_1,Standard Supermarket,1958.3
row_01818,PRD-JJTFPH,9.784,Low Fat,0.0734,Hard Drinks,179.8,STORE-OYG,25,,Tier_2,Standard Supermarket,1650.21
row_01819,PRD-58CEPS,6.77,Low Fat,0.0685,Fruits and Vegetables,186.33,STORE-9RG,28,Small,Tier_2,Standard Supermarket,5225.35
row_01820,PRD-2G2HFD,,Low Fat,0.0067,Household,162.01,STORE-7WS,47,Medium,Tier_3,Flagship Hypermarket,3817.88
row_01821,PRD-L6H2NL,9.028,Low Fat,0.1279,household,48.91,STORE-JOR,34,,Tier_3,Corner Shop,47.11
row_01823,PRD-L9KV91,,Low Fat,0.0551,seafood,162.77,STORE-T5G,47,Small,Tier_1,Corner Shop,323.24
row_01824,PRD-V0T5X3,16.562,Low Fat,0.0227,DAIRY,113.89,STORE-OYG,25,,Tier_2,Standard Supermarket,3309.45
row_01825,PRD-NQ65QD,6.301,Low Fat,0.077,Dairy,62.05,STORE-DKU,30,,Tier_2,Standard Supermarket,810.42
row_01827,PRD-0YLTZ9,20.992,Low Fat,0.0935,DAIRY,78.32,STORE-AGY,45,Large,Tier_3,Standard Supermarket,305.59
row_01828,PRD-26OC7T,5.232,Low Fat,0.0803,FROZEN FOODS,250.21,STORE-YLW,35,Small,Tier_1,Standard Supermarket,1006.54
row_01830,PRD-GZ0C99,9.898,Regular,0.0149,MEAT,251.93,STORE-9RG,28,Small,Tier_2,Standard Supermarket,4106.18
row_01831,PRD-TUWAR7,10.439,Low Fat,0.061,HOUSEHOLD,36.96,STORE-9RG,28,Small,Tier_2,Standard Supermarket,770.94
row_01832,PRD-KDGVNM,6.847,Low Fat,0.0558,Canned,151.09,STORE-89Z,33,Medium,Tier_1,Standard Supermarket,2589.45
row_01833,PRD-DE4M6H,,Regular,0.0476,FROZEN FOODS,38.54,STORE-7WS,47,Medium,Tier_3,Flagship Hypermarket,893.46
row_01834,PRD-EVFXVR,14.839,Low Fat,0.0,Household,162.73,STORE-JOR,34,,Tier_3,Corner Shop,341.08
row_01835,PRD-AWPUBL,,Regular,0.0285,canned,180.2,STORE-7WS,47,Medium,Tier_3,Flagship Hypermarket,6551.4
row_01837,PRD-LI16DH,11.844,Low Fat,0.0299,frozen foods,252.93,STORE-JOR,34,,Tier_3,Corner Shop,1044.75
row_01838,PRD-WOLYTS,,Regular,0.0721,Fruits and Vegetables,117.32,STORE-T5G,47,Small,Tier_1,Corner Shop,127.88
row_01841,PRD-TIGUE8,15.463,Low Fat,0.0598,Household,127.41,STORE-HL7,23,Medium,Tier_3,Superstore,2372.31
row_01842,PRD-8LXUM3,7.14,Low Fat,0.0562,Dairy,139.07,STORE-OYG,25,,Tier_2,Standard Supermarket,2591.8
row_01843,PRD-6KHXCY,11.627,Regular,0.0573,Meat,147.64,STORE-AGY,45,Large,Tier_3,Standard Supermarket,1305.77
row_01846,PRD-F3G3T3,14.838,Low Fat,0.0199,Snack Foods,238.89,STORE-89Z,33,Medium,Tier_1,Standard Supermarket,3404.17
row_01847,PRD-3A1DU1,5.648,Low Fat,0.0812,household,170.28,STORE-YLW,35,Small,Tier_1,Standard Supermarket,2999.72
row_01848,PRD-5URYBL,8.563,Low Fat,0.1145,Household,165.55,STORE-9RG,28,Small,Tier_2,Standard Supermarket,2036.13
row_01849,PRD-77KXXS,8.427,Regular,0.071,dairy,190.68,STORE-89Z,33,Medium,Tier_1,Standard Supermarket,3390.15
row_01850,PRD-A0G7G2,,Low Fat,0.0344,fruits and vegetables,253.45,STORE-HL7,23,Medium,Tier_3,Superstore,2459.51
row_01851,PRD-3HGG9C,19.645,Low Fat,0.0,Household,190.29,STORE-AGY,45,Large,Tier_3,Standard Supermarket,3057.47
row_01852,PRD-UMPYO0,7.726,Low Fat,0.0436,baking goods,92.4,STORE-YLW,35,Small,Tier_1,Standard Supermarket,1775.5
row_01854,PRD-EFRJYJ,,Regular,0.1345,SEAFOOD,169.16,STORE-7WS,47,Medium,Tier_3,Flagship Hypermarket,3598.6
row_01855,PRD-97XGCK,16.013,Low Fat,0.0849,Baking Goods,112.79,STORE-OYG,25,,Tier_2,Standard Supermarket,1063.0
row_01856,PRD-LK2C0X,,Low Fat,0.0148,frozen foods,205.2,STORE-7WS,47,Medium,Tier_3,Flagship Hypermarket,9263.0
row_01857,PRD-EQUA7O,11.549,Regular,0.0,meat,104.63,STORE-JOR,34,,Tier_3,Corner Shop,209.48
row_01858,PRD-WJIQXP,12.335,Regular,0.0789,Frozen Foods,186.32,STORE-OYG,25,,Tier_2,Standard Supermarket,1142.18
row_01859,PRD-IEIQO7,19.078,Low Fat,0.1214,others,58.07,STORE-HL7,23,Medium,Tier_3,Superstore,848.69
row_01860,PRD-XMSTP3,14.634,Low Fat,0.0597,Snack Foods,44.55,STORE-AGY,45,Large,Tier_3,Standard Supermarket,658.62
row_01861,PRD-ZKEARJ,,Low Fat,0.029,Health and Hygiene,110.29,STORE-T5G,47,Small,Tier_1,Corner Shop,630.36
row_01863,PRD-GJY1KD,14.402,Low Fat,0.0,Household,198.74,STORE-89Z,33,Medium,Tier_1,Standard Supermarket,3622.37
row_01864,PRD-SBYDKN,6.151,Low Fat,0.0103,Meat,65.13,STORE-YLW,35,Small,Tier_1,Standard Supermarket,1129.44
row_01865,PRD-IFY7O0,,Regular,0.0461,Fruits and Vegetables,181.5,STORE-7WS,47,Medium,Tier_3,Flagship Hypermarket,2576.69
row_01866,PRD-HU814P,12.514,Low Fat,0.0093,Baking Goods,75.39,STORE-OYG,25,,Tier_2,Standard Supermarket,1207.88
row_01867,PRD-K15UL9,9.011,Low Fat,0.1162,Frozen Foods,93.99,STORE-AGY,45,Large,Tier_3,Standard Supermarket,2779.31
row_01868,PRD-OFJA5N,,Regular,0.0532,CANNED,201.47,STORE-7WS,47,Medium,Tier_3,Flagship Hypermarket,6290.91
row_01869,PRD-0KDULB,20.648,Low Fat,0.0756,HOUSEHOLD,94.85,STORE-AGY,45,Large,Tier_3,Standard Supermarket,981.38
row_01870,PRD-X272HP,4.527,Low Fat,0.0709,Soft Drinks,116.18,STORE-YLW,35,Small,Tier_1,Standard Supermarket,1221.34
row_01871,PRD-K82WU9,5.975,Regular,0.0,Fruits and Vegetables,128.29,STORE-JOR,34,,Tier_3,Corner Shop,264.3
row_01873,PRD-UT6Z84,11.174,Regular,0.0086,Dairy,147.95,STORE-OYG,25,,Tier_2,Standard Supermarket,2039.07
row_01874,PRD-N4RCER,17.757,Regular,0.152,Seafood,146.66,STORE-89Z,33,Medium,Tier_1,Standard Supermarket,2287.7
row_01875,PRD-90XDR7,12.512,Low Fat,0.0197,Breads,194.41,STORE-YLW,35,Small,Tier_1,Standard Supermarket,5651.76
row_01876,PRD-V14WZZ,18.672,Low Fat,0.0292,health and hygiene,190.7,STORE-DKU,30,,Tier_2,Standard Supermarket,3196.97
row_01877,PRD-377V1I,16.389,Regular,0.117,BAKING GOODS,183.87,STORE-JOR,34,,Tier_3,Corner Shop,181.85
row_01878,PRD-Y6X573,5.914,Low Fat,0.0783,Others,140.01,STORE-HL7,23,Medium,Tier_3,Superstore,1844.9
row_01879,PRD-GSEMU5,6.859,Regular,0.0304,FRUITS AND VEGETABLES,78.15,STORE-YLW,35,Small,Tier_1,Standard Supermarket,1414.07
row_01880,PRD-U9W2MB,13.175,Regular,0.158,fruits and vegetables,147.64,STORE-AGY,45,Large,Tier_3,Standard Supermarket,705.78
row_01881,PRD-5URYBL,8.641,Low Fat,0.1226,HOUSEHOLD,160.31,STORE-OYG,25,,Tier_2,Standard Supermarket,2692.52
row_01883,PRD-OBR9GP,5.421,Low Fat,0.0338,Health and Hygiene,99.98,STORE-OYG,25,,Tier_2,Standard Supermarket,1707.2
row_01884,PRD-LQY3T3,16.751,Low Fat,0.0907,Household,194.69,STORE-YLW,35,Small,Tier_1,Standard Supermarket,1949.76
row_01885,PRD-9AHW2P,13.744,Regular,0.0586,snack foods,226.31,STORE-AGY,45,Large,Tier_3,Standard Supermarket,4539.04
row_01887,PRD-O0V3Z0,20.277,Regular,0.104,Canned,95.79,STORE-9RG,28,Small,Tier_2,Standard Supermarket,2977.82
row_01889,PRD-74W4G2,16.157,Regular,0.0164,frozen foods,98.41,STORE-9RG,28,Small,Tier_2,Standard Supermarket,1190.39
row_01890,PRD-RZXHM8,11.001,Regular,0.0839,snack foods,152.79,STORE-9RG,28,Small,Tier_2,Standard Supermarket,3375.58
row_01891,PRD-Z16UFZ,18.05,Low Fat,0.0159,snack foods,153.78,STORE-OYG,25,,Tier_2,Standard Supermarket,437.56
row_01892,PRD-SILU2D,,Low Fat,0.0176,canned,112.18,STORE-T5G,47,Small,Tier_1,Corner Shop,113.67
row_01893,PRD-JQMLJE,7.117,Low Fat,0.0393,dairy,60.8,STORE-YLW,35,Small,Tier_1,Standard Supermarket,833.17
row_01894,PRD-TE0XFZ,7.67,Regular,0.1502,FROZEN FOODS,210.64,STORE-OYG,25,,Tier_2,Standard Supermarket,3507.64
row_01896,PRD-WJIQXP,12.758,Regular,0.1315,Frozen Foods,186.22,STORE-JOR,34,,Tier_3,Corner Shop,370.08
row_01897,PRD-J0G50R,,Low Fat,0.1098,Canned,86.51,STORE-T5G,47,Small,Tier_1,Corner Shop,170.79
row_01898,PRD-K8PK3Y,18.125,Low Fat,0.0237,Soft Drinks,153.93,STORE-HL7,23,Medium,Tier_3,Superstore,2821.55
row_01899,PRD-48C6WZ,15.665,Regular,0.0191,FRUITS AND VEGETABLES,58.79,STORE-OYG,25,,Tier_2,Standard Supermarket,512.92
row_01900,PRD-JB3VCF,,Regular,0.0,Snack Foods,59.01,STORE-T5G,47,Small,Tier_1,Corner Shop,416.51
row_01901,PRD-LFQG18,10.987,Regular,0.054,Meat,91.19,STORE-89Z,33,Medium,Tier_1,Standard Supermarket,3008.59
row_01902,PRD-LI16DH,12.035,Low Fat,0.0187,frozen foods,260.06,STORE-HL7,23,Medium,Tier_3,Superstore,1593.44
row_01903,PRD-1IQXZX,16.672,Low Fat,0.044,Frozen Foods,44.11,STORE-OYG,25,,Tier_2,Standard Supermarket,905.7
row_01904,PRD-0LMI8X,7.731,Regular,0.0564,Canned,125.26,STORE-HL7,23,Medium,Tier_3,Superstore,2462.31
row_01905,PRD-C0AR0O,,Regular,0.0518,Snack Foods,108.62,STORE-T5G,47,Small,Tier_1,Corner Shop,310.37
row_01906,PRD-UZS9IM,17.677,Low Fat,0.0427,Soft Drinks,165.34,STORE-OYG,25,,Tier_2,Standard Supermarket,3118.15
row_01907,PRD-J5S6R0,18.424,Regular,0.0,DAIRY,141.09,STORE-9RG,28,Small,Tier_2,Standard Supermarket,2099.47
row_01908,PRD-24SCOS,5.832,Low Fat,0.0037,Hard Drinks,157.59,STORE-HL7,23,Medium,Tier_3,Superstore,1347.16
row_01909,PRD-OFJA5N,,Regular,0.0928,Canned,200.82,STORE-T5G,47,Small,Tier_1,Corner Shop,404.15
row_01910,PRD-9QWB0H,6.638,Low Fat,0.024,BREADS,102.14,STORE-9RG,28,Small,Tier_2,Standard Supermarket,2664.86
row_01912,PRD-EGB41B,4.897,Low Fat,0.009,household,120.56,STORE-9RG,28,Small,Tier_2,Standard Supermarket,2693.78
row_01913,PRD-C1B3EU,19.113,Regular,0.0928,FROZEN FOODS,46.95,STORE-YLW,35,Small,Tier_1,Standard Supermarket,965.45
row_01914,PRD-F6ZM5U,18.32,Low Fat,0.0382,SNACK FOODS,152.22,STORE-AGY,45,Large,Tier_3,Standard Supermarket,2798.34
row_01916,PRD-C6G610,7.442,Low Fat,0.0715,snack foods,106.05,STORE-OYG,25,,Tier_2,Standard Supermarket,1356.86
row_01917,PRD-8KE2WT,16.104,Regular,0.0474,FROZEN FOODS,128.75,STORE-YLW,35,Small,Tier_1,Standard Supermarket,2275.28
row_01918,PRD-AK645K,11.485,Regular,0.0776,snack foods,83.48,STORE-DKU,30,,Tier_2,Standard Supermarket,484.78
row_01919,PRD-1GAGQO,12.371,Low Fat,0.0581,Seafood,52.48,STORE-OYG,25,,Tier_2,Standard Supermarket,464.02
row_01920,PRD-5GAS44,8.379,Low Fat,0.0275,Soft Drinks,154.16,STORE-DKU,30,,Tier_2,Standard Supermarket,1648.5
row_01921,PRD-8INI8M,,Regular,0.1268,Snack Foods,88.29,STORE-AGY,45,Large,Tier_3,Standard Supermarket,993.49
row_01922,PRD-69JGC3,9.233,Regular,0.1704,Meat,146.8,STORE-OYG,25,,Tier_2,Standard Supermarket,2654.66
row_01923,PRD-87AU5B,9.794,Low Fat,0.0222,Soft Drinks,48.68,STORE-JOR,34,,Tier_3,Corner Shop,181.69
row_01924,PRD-49DBZ7,10.627,Low Fat,0.1578,Snack Foods,107.21,STORE-AGY,45,Large,Tier_3,Standard Supermarket,2140.6
row_01925,PRD-3SY670,7.001,Regular,0.1422,Snack Foods,189.24,STORE-HL7,23,Medium,Tier_3,Superstore,2618.27
row_01927,PRD-UOG5JV,9.596,Low Fat,0.0264,snack foods,210.54,STORE-HL7,23,Medium,Tier_3,Superstore,645.11
row_01928,PRD-TGVS38,,Regular,0.0986,Dairy,64.13,STORE-7WS,47,Medium,Tier_3,Flagship Hypermarket,2065.75
row_01929,PRD-HP1UAK,12.682,Regular,0.0304,baking goods,175.63,STORE-DKU,30,,Tier_2,Standard Supermarket,2217.58
row_01930,PRD-PCHMB2,13.633,Regular,0.0304,CANNED,101.78,STORE-HL7,23,Medium,Tier_3,Superstore,287.35
row_01931,PRD-F7NY03,16.763,Regular,0.054,FROZEN FOODS,113.6,STORE-89Z,33,Medium,Tier_1,Standard Supermarket,2415.55
row_01933,PRD-2MR4FX,18.123,Low Fat,0.0177,Health and Hygiene,99.4,STORE-DKU,30,,Tier_2,Standard Supermarket,2047.51
row_01934,PRD-NVJUUW,,Regular,0.0897,Frozen Foods,107.25,STORE-7WS,47,Medium,Tier_3,Flagship Hypermarket,2127.6
row_01935,PRD-DXQ6WH,16.227,Low Fat,0.0124,HEALTH AND HYGIENE,40.72,STORE-HL7,23,Medium,Tier_3,Superstore,225.57
row_01936,PRD-Q8V88B,4.546,Regular,0.1004,CANNED,239.34,STORE-OYG,25,,Tier_2,Standard Supermarket,3832.71
row_01937,PRD-HP5E7A,10.442,Regular,0.0822,SNACK FOODS,230.01,STORE-OYG,25,,Tier_2,Standard Supermarket,2362.7
row_01938,PRD-R0T4EX,12.821,Low Fat,0.0699,Starchy Foods,257.66,STORE-HL7,23,Medium,Tier_3,Superstore,3573.21
row_01939,PRD-KF9QCF,16.716,Low Fat,0.0737,health and hygiene,37.7,STORE-DKU,30,,Tier_2,Standard Supermarket,566.99
row_01940,PRD-J51IFI,12.505,Low Fat,0.022,Breads,168.1,STORE-89Z,33,Medium,Tier_1,Standard Supermarket,3225.77
row_01941,PRD-3WTZL0,5.43,Low Fat,0.0461,others,98.23,STORE-AGY,45,Large,Tier_3,Standard Supermarket,2053.96
row_01942,PRD-3S195J,4.719,Low Fat,0.1256,Hard Drinks,172.8,STORE-HL7,23,Medium,Tier_3,Superstore,2006.27
row_01943,PRD-OFS80Q,,Regular,0.0257,Snack Foods,191.35,STORE-7WS,47,Medium,Tier_3,Flagship Hypermarket,6478.84
row_01944,PRD-QLQCG1,8.4,Low Fat,0.0247,Soft Drinks,105.61,STORE-AGY,45,Large,Tier_3,Standard Supermarket,942.45
row_01945,PRD-5Z8FE8,18.857,Low Fat,0.01,HOUSEHOLD,206.57,STORE-89Z,33,Medium,Tier_1,Standard Supermarket,2300.8
row_01947,PRD-4I42AF,7.545,Low Fat,0.1246,Starchy Foods,206.38,STORE-HL7,23,Medium,Tier_3,Superstore,1681.97
row_01948,PRD-OI4J3X,16.852,Regular,0.153,Fruits and Vegetables,63.78,STORE-9RG,28,Small,Tier_2,Standard Supermarket,1619.96
row_01949,PRD-QIRRQA,10.585,Low Fat,0.1372,Dairy,190.71,STORE-JOR,34,,Tier_3,Corner Shop,575.83
row_01950,PRD-RUC70S,17.696,Low Fat,0.0213,household,162.77,STORE-JOR,34,,Tier_3,Corner Shop,161.41
row_01951,PRD-0YLTZ9,20.407,Low Fat,0.0,Dairy,77.37,STORE-YLW,35,Small,Tier_1,Standard Supermarket,1581.95
row_01953,PRD-B9OF3M,17.089,Low Fat,0.0779,fruits and vegetables,262.55,STORE-DKU,30,,Tier_2,Standard Supermarket,9388.15
row_01954,PRD-24Z860,6.049,Regular,0.0118,frozen foods,92.73,STORE-HL7,23,Medium,Tier_3,Superstore,1633.56
row_01955,PRD-3D9PH3,18.804,Low Fat,0.1434,Hard Drinks,164.01,STORE-89Z,33,Medium,Tier_1,Standard Supermarket,1588.12
row_01956,PRD-RP91YM,20.535,Regular,0.0,MEAT,83.46,STORE-YLW,35,Small,Tier_1,Standard Supermarket,1820.6
row_01957,PRD-M9RIT8,8.114,Low Fat,0.0152,snack foods,158.87,STORE-AGY,45,Large,Tier_3,Standard Supermarket,2331.14
row_01958,PRD-ITAZVY,13.339,Low Fat,0.0681,Frozen Foods,48.49,STORE-AGY,45,Large,Tier_3,Standard Supermarket,655.59
row_01959,PRD-1RUPFR,8.446,Low Fat,0.0697,Hard Drinks,38.2,STORE-DKU,30,,Tier_2,Standard Supermarket,966.35
row_01960,PRD-9L4UWN,,Low Fat,0.2291,SNACK FOODS,215.24,STORE-T5G,47,Small,Tier_1,Corner Shop,214.02
row_01962,PRD-2BSMEB,6.877,Low Fat,0.0369,BAKING GOODS,49.99,STORE-YLW,35,Small,Tier_1,Standard Supermarket,202.8
row_01963,PRD-6AOBHT,20.943,Low Fat,0.0403,Household,128.07,STORE-HL7,23,Medium,Tier_3,Superstore,3701.17
row_01964,PRD-U1YBPE,10.27,Low Fat,0.011,HOUSEHOLD,239.51,STORE-9RG,28,Small,Tier_2,Standard Supermarket,4348.44
row_01965,PRD-ONGWUL,12.962,Low Fat,0.0424,household,250.71,STORE-AGY,45,Large,Tier_3,Standard Supermarket,2559.66
row_01966,PRD-ILAZCL,7.965,Low Fat,0.0104,snack foods,256.24,STORE-AGY,45,Large,Tier_3,Standard Supermarket,5683.2
row_01967,PRD-DFNIAJ,4.692,Low Fat,0.0885,Breads,116.72,STORE-OYG,25,,Tier_2,Standard Supermarket,361.09
row_01968,PRD-RJ6GD2,,Low Fat,0.0083,health and hygiene,113.85,STORE-7WS,47,Medium,Tier_3,Flagship Hypermarket,2774.65
row_01969,PRD-KMIQD4,17.547,Low Fat,0.0179,STARCHY FOODS,181.91,STORE-HL7,23,Medium,Tier_3,Superstore,3298.79
row_01970,PRD-L5PBHR,12.923,Low Fat,0.0212,breads,88.8,STORE-AGY,45,Large,Tier_3,Standard Supermarket,1056.77
row_01971,PRD-8SEN50,,Low Fat,0.1674,Others,102.81,STORE-T5G,47,Small,Tier_1,Corner Shop,224.8
row_01972,PRD-WA5IMY,11.613,Regular,0.0804,Frozen Foods,82.57,STORE-OYG,25,,Tier_2,Standard Supermarket,1885.63
row_01974,PRD-ZIX69G,8.076,Regular,0.0,fruits and vegetables,259.28,STORE-AGY,45,Large,Tier_3,Standard Supermarket,5250.35
row_01975,PRD-U0CRF5,14.297,Regular,0.0241,Fruits and Vegetables,199.42,STORE-HL7,23,Medium,Tier_3,Superstore,989.41
row_01976,PRD-U7MX3G,,Low Fat,0.0891,Household,165.89,STORE-7WS,47,Medium,Tier_3,Flagship Hypermarket,2666.09
row_01977,PRD-8S2XEM,12.43,Regular,0.0658,FRUITS AND VEGETABLES,112.87,STORE-JOR,34,,Tier_3,Corner Shop,218.3
row_01978,PRD-NVGFYG,8.832,Low Fat,0.0211,SOFT DRINKS,151.96,STORE-DKU,30,,Tier_2,Standard Supermarket,3981.4
row_01979,PRD-0JGL4C,8.235,Regular,0.1369,CANNED,39.07,STORE-89Z,33,Medium,Tier_1,Standard Supermarket,913.09
row_01980,PRD-S57TCO,5.454,Regular,0.0507,Baking Goods,129.9,STORE-AGY,45,Large,Tier_3,Standard Supermarket,3484.08
row_01981,PRD-IZED1I,16.463,Regular,0.0384,SNACK FOODS,147.01,STORE-YLW,35,Small,Tier_1,Standard Supermarket,1752.48
row_01984,PRD-195DWY,16.294,Low Fat,0.0711,FRUITS AND VEGETABLES,202.13,STORE-AGY,45,Large,Tier_3,Standard Supermarket,1902.04
row_01985,PRD-0G6HSH,6.185,Regular,0.0,BAKING GOODS,154.67,STORE-DKU,30,,Tier_2,Standard Supermarket,1090.55
row_01986,PRD-K9LSG4,20.087,Low Fat,0.0533,SNACK FOODS,119.67,STORE-YLW,35,Small,Tier_1,Standard Supermarket,2374.17
row_01987,PRD-0RH735,19.504,Low Fat,0.188,others,239.11,STORE-89Z,33,Medium,Tier_1,Standard Supermarket,3627.81
row_01988,PRD-A0IOEJ,,Low Fat,0.0205,Canned,186.6,STORE-T5G,47,Small,Tier_1,Corner Shop,578.54
row_01989,PRD-0HHXSC,,Low Fat,0.0279,Household,74.85,STORE-7WS,47,Medium,Tier_3,Flagship Hypermarket,2367.21
row_01990,PRD-PL13YL,16.563,Low Fat,0.0,Health and Hygiene,184.13,STORE-89Z,33,Medium,Tier_1,Standard Supermarket,3076.32
row_01992,PRD-ZGVTUI,10.875,Low Fat,0.1729,MEAT,97.31,STORE-JOR,34,,Tier_3,Corner Shop,97.3
row_01996,PRD-TV6685,17.708,Low Fat,0.0857,fruits and vegetables,144.89,STORE-JOR,34,,Tier_3,Corner Shop,282.58
row_01997,PRD-M9YX0J,11.778,Regular,0.0781,SNACK FOODS,33.82,STORE-9RG,28,Small,Tier_2,Standard Supermarket,778.78
row_02000,PRD-QIGCT2,,Regular,0.0553,BAKING GOODS,121.63,STORE-7WS,47,Medium,Tier_3,Flagship Hypermarket,3438.29
row_02001,PRD-199BRB,13.815,Regular,0.032,Canned,51.2,STORE-9RG,28,Small,Tier_2,Standard Supermarket,612.73
row_02002,PRD-N6HW1H,12.163,Regular,0.0645,Starchy Foods,90.31,STORE-YLW,35,Small,Tier_1,Standard Supermarket,1318.31
row_02003,PRD-FZX6AP,12.953,Regular,0.0397,SNACK FOODS,89.21,STORE-OYG,25,,Tier_2,Standard Supermarket,1172.43
row_02004,PRD-2OQEWF,18.154,Low Fat,0.0356,Others,134.7,STORE-9RG,28,Small,Tier_2,Standard Supermarket,1272.86
row_02006,PRD-V3EOYY,,Low Fat,0.071,Breads,215.93,STORE-7WS,47,Medium,Tier_3,Flagship Hypermarket,4262.89
row_02007,PRD-2I8L31,20.697,Low Fat,0.036,fruits and vegetables,123.23,STORE-HL7,23,Medium,Tier_3,Superstore,2267.44
row_02008,PRD-1RXIV4,18.18,Low Fat,0.0298,Snack Foods,166.59,STORE-HL7,23,Medium,Tier_3,Superstore,2033.62
row_02009,PRD-AHB3HN,,Low Fat,0.1076,SNACK FOODS,59.2,STORE-7WS,47,Medium,Tier_3,Flagship Hypermarket,1607.19
row_02010,PRD-HD96M8,12.071,Low Fat,0.0635,starchy foods,37.23,STORE-OYG,25,,Tier_2,Standard Supermarket,243.86
row_02012,PRD-93TBZQ,14.388,Regular,0.0633,Fruits and Vegetables,88.85,STORE-AGY,45,Large,Tier_3,Standard Supermarket,1340.9
row_02013,PRD-L9EKA0,6.1,Regular,0.1582,SOFT DRINKS,46.43,STORE-OYG,25,,Tier_2,Standard Supermarket,1056.56
row_02014,PRD-3U0H8W,12.256,Low Fat,0.0222,Frozen Foods,195.41,STORE-YLW,35,Small,Tier_1,Standard Supermarket,3105.57
row_02017,PRD-AQA355,17.182,Low Fat,0.1077,frozen foods,41.36,STORE-DKU,30,,Tier_2,Standard Supermarket,494.19
row_02019,PRD-YTXH8P,5.322,Regular,0.0467,Meat,185.29,STORE-89Z,33,Medium,Tier_1,Standard Supermarket,4443.32
row_02020,PRD-21520R,15.013,Low Fat,0.0259,Snack Foods,84.89,STORE-89Z,33,Medium,Tier_1,Standard Supermarket,1733.47
row_02021,PRD-9HXEG6,7.05,Low Fat,0.0717,HOUSEHOLD,62.3,STORE-JOR,34,,Tier_3,Corner Shop,292.35
row_02022,PRD-NSLK6R,17.478,Regular,0.0704,Baking Goods,179.56,STORE-AGY,45,Large,Tier_3,Standard Supermarket,1705.82
row_02023,PRD-U7MX3G,,Low Fat,0.1536,HOUSEHOLD,163.13,STORE-T5G,47,Small,Tier_1,Corner Shop,334.76
row_02024,PRD-TVFDG0,6.013,Regular,0.0307,Breads,185.29,STORE-OYG,25,,Tier_2,Standard Supermarket,1892.8
row_02025,PRD-47VEYF,6.269,Regular,0.0902,Meat,218.71,STORE-89Z,33,Medium,Tier_1,Standard Supermarket,3862.92
row_02026,PRD-JGLNR2,,Regular,0.0109,Snack Foods,169.85,STORE-7WS,47,Medium,Tier_3,Flagship Hypermarket,6571.94
row_02027,PRD-J51IFI,11.996,Low Fat,0.0209,Breads,165.74,STORE-AGY,45,Large,Tier_3,Standard Supermarket,3291.82
row_02028,PRD-S6KFRX,,Low Fat,0.1787,HOUSEHOLD,176.36,STORE-7WS,47,Medium,Tier_3,Flagship Hypermarket,1990.84
row_02029,PRD-CZD9MX,15.518,Regular,0.1081,fruits and vegetables,171.9,STORE-YLW,35,Small,Tier_1,Standard Supermarket,2531.05
row_02030,PRD-KYKE9F,12.961,Low Fat,0.0372,Snack Foods,238.11,STORE-OYG,25,,Tier_2,Standard Supermarket,2972.19
row_02031,PRD-M5VWIP,,Low Fat,0.1324,Frozen Foods,124.28,STORE-T5G,47,Small,Tier_1,Corner Shop,122.36
row_02032,PRD-YCKVJK,13.513,Regular,0.1863,Canned,207.8,STORE-89Z,33,Medium,Tier_1,Standard Supermarket,3898.01
row_02033,PRD-JFXKHA,19.913,Regular,0.1224,snack foods,97.21,STORE-AGY,45,Large,Tier_3,Standard Supermarket,924.47
row_02034,PRD-HU814P,,Low Fat,0.0098,Baking Goods,73.83,STORE-7WS,47,Medium,Tier_3,Flagship Hypermarket,1217.28
row_02035,PRD-5GAS44,8.367,Low Fat,0.0273,Soft Drinks,154.36,STORE-89Z,33,Medium,Tier_1,Standard Supermarket,2417.91
row_02036,PRD-6D4HQC,7.242,Low Fat,0.1447,Snack Foods,109.67,STORE-JOR,34,,Tier_3,Corner Shop,108.15
row_02037,PRD-G8F1CB,,Regular,0.0391,Soft Drinks,164.4,STORE-7WS,47,Medium,Tier_3,Flagship Hypermarket,4727.82
row_02038,PRD-9JRSNV,16.81,Low Fat,0.0367,Soft Drinks,169.65,STORE-AGY,45,Large,Tier_3,Standard Supermarket,3861.71
row_02039,PRD-ZL5GJ8,17.961,Low Fat,0.0601,meat,157.19,STORE-YLW,35,Small,Tier_1,Standard Supermarket,2951.53
row_02040,PRD-2G73AJ,9.453,Low Fat,0.0159,Dairy,243.74,STORE-89Z,33,Medium,Tier_1,Standard Supermarket,3636.61
row_02041,PRD-B2HWYW,19.639,Low Fat,0.0248,Household,47.0,STORE-9RG,28,Small,Tier_2,Standard Supermarket,1153.89
row_02042,PRD-ZE8YM4,,Low Fat,0.075,others,68.42,STORE-7WS,47,Medium,Tier_3,Flagship Hypermarket,2404.9
row_02043,PRD-QIRRQA,10.853,Low Fat,0.0788,dairy,197.21,STORE-YLW,35,Small,Tier_1,Standard Supermarket,4381.51
row_02044,PRD-TS3K1S,,Low Fat,0.0097,frozen foods,102.06,STORE-T5G,47,Small,Tier_1,Corner Shop,103.7
row_02045,PRD-1Z14YA,12.58,Low Fat,0.1257,meat,107.88,STORE-OYG,25,,Tier_2,Standard Supermarket,2313.3
row_02046,PRD-1ZXOI6,12.048,Regular,0.0623,SOFT DRINKS,54.57,STORE-OYG,25,,Tier_2,Standard Supermarket,1491.22
row_02047,PRD-IWS48A,14.681,Regular,0.0336,BAKING GOODS,98.6,STORE-AGY,45,Large,Tier_3,Standard Supermarket,2260.06
row_02048,PRD-2PCM3G,19.032,Low Fat,0.0366,Fruits and Vegetables,106.84,STORE-9RG,28,Small,Tier_2,Standard Supermarket,1823.59
row_02049,PRD-U58FLM,,Low Fat,0.2367,Breads,129.07,STORE-T5G,47,Small,Tier_1,Corner Shop,366.43
row_02050,PRD-4DAKF5,6.756,Regular,0.0349,FROZEN FOODS,250.64,STORE-OYG,25,,Tier_2,Standard Supermarket,4084.67
row_02051,PRD-8YT0FG,10.741,Low Fat,0.0219,Health and Hygiene,254.69,STORE-YLW,35,Small,Tier_1,Standard Supermarket,742.55
row_02052,PRD-C8MXAU,9.426,Regular,0.0465,Frozen Foods,51.81,STORE-9RG,28,Small,Tier_2,Standard Supermarket,613.74
row_02053,PRD-30D7TU,20.207,Low Fat,0.0131,Fruits and Vegetables,190.63,STORE-HL7,23,Medium,Tier_3,Superstore,2394.77
row_02054,PRD-XH6DLO,17.586,Low Fat,0.1207,frozen foods,116.21,STORE-AGY,45,Large,Tier_3,Standard Supermarket,978.19
row_02057,PRD-PGDZ95,14.42,Low Fat,0.1272,Frozen Foods,84.54,STORE-DKU,30,,Tier_2,Standard Supermarket,876.38
row_02058,PRD-QCMSWD,8.801,Low Fat,0.0155,frozen foods,96.5,STORE-JOR,34,,Tier_3,Corner Shop,93.83
row_02060,PRD-V4B1K1,7.294,Low Fat,0.0075,Baking Goods,47.12,STORE-9RG,28,Small,Tier_2,Standard Supermarket,607.43
row_02061,PRD-TGIQHG,6.454,Low Fat,0.0842,HARD DRINKS,108.38,STORE-AGY,45,Large,Tier_3,Standard Supermarket,3310.98
row_02062,PRD-1RUPFR,8.4,Low Fat,0.0726,hard drinks,39.17,STORE-89Z,33,Medium,Tier_1,Standard Supermarket,790.3
row_02063,PRD-CTXCWN,15.91,Low Fat,0.0202,SOFT DRINKS,153.46,STORE-AGY,45,Large,Tier_3,Standard Supermarket,1756.95
row_02064,PRD-ZDVAG1,,Low Fat,0.1412,HOUSEHOLD,35.49,STORE-7WS,47,Medium,Tier_3,Flagship Hypermarket,606.66
row_02065,PRD-88AENN,11.312,Regular,0.0529,Fruits and Vegetables,163.75,STORE-9RG,28,Small,Tier_2,Standard Supermarket,1876.17
row_02066,PRD-9WHSBP,19.43,Regular,0.0555,FROZEN FOODS,82.95,STORE-AGY,45,Large,Tier_3,Standard Supermarket,674.14
row_02067,PRD-7MX3JP,19.571,Low Fat,0.0401,fruits and vegetables,116.06,STORE-AGY,45,Large,Tier_3,Standard Supermarket,2455.19
row_02070,PRD-JFXKHA,20.437,Regular,0.1235,SNACK FOODS,97.7,STORE-HL7,23,Medium,Tier_3,Superstore,1711.86
row_02071,PRD-VRURQT,15.711,Regular,0.0662,DAIRY,179.38,STORE-OYG,25,,Tier_2,Standard Supermarket,6089.05
row_02072,PRD-R04H5W,18.687,Low Fat,0.2204,Household,187.75,STORE-JOR,34,,Tier_3,Corner Shop,549.32
row_02073,PRD-KC97HQ,17.418,Low Fat,0.0104,Snack Foods,158.93,STORE-AGY,45,Large,Tier_3,Standard Supermarket,1867.54
row_02074,PRD-N64XL2,20.599,Regular,0.1163,DAIRY,96.65,STORE-HL7,23,Medium,Tier_3,Superstore,948.2
row_02075,PRD-9RHIGZ,7.621,Low Fat,0.0565,Snack Foods,102.53,STORE-9RG,28,Small,Tier_2,Standard Supermarket,788.76
row_02077,PRD-2SLHIM,21.668,Low Fat,0.0175,meat,180.87,STORE-JOR,34,,Tier_3,Corner Shop,188.14
row_02078,PRD-31GVB3,7.497,Low Fat,0.0129,household,214.41,STORE-OYG,25,,Tier_2,Standard Supermarket,4394.31
row_02080,PRD-1UBYH8,8.098,Low Fat,0.063,breakfast,161.9,STORE-AGY,45,Large,Tier_3,Standard Supermarket,3527.34
row_02081,PRD-1XRZN0,15.116,Low Fat,0.0206,CANNED,219.84,STORE-DKU,30,,Tier_2,Standard Supermarket,5332.08
row_02082,PRD-S2II06,,Low Fat,0.1938,BAKING GOODS,54.19,STORE-T5G,47,Small,Tier_1,Corner Shop,277.18
row_02084,PRD-OFJA5N,5.315,Regular,0.0547,canned,192.69,STORE-9RG,28,Small,Tier_2,Standard Supermarket,770.29
row_02085,PRD-8669BY,,Low Fat,0.2487,FRUITS AND VEGETABLES,174.0,STORE-T5G,47,Small,Tier_1,Corner Shop,174.26
row_02087,PRD-F3G3T3,15.179,Low Fat,0.0194,Snack Foods,233.46,STORE-OYG,25,,Tier_2,Standard Supermarket,3171.03
row_02088,PRD-EQUA7O,11.53,Regular,0.0255,Meat,101.41,STORE-89Z,33,Medium,Tier_1,Standard Supermarket,2522.58
row_02089,PRD-BPCIKI,14.964,Low Fat,0.0141,FROZEN FOODS,63.38,STORE-DKU,30,,Tier_2,Standard Supermarket,983.64
row_02090,PRD-LKS9L3,6.24,Regular,0.0485,Baking Goods,224.34,STORE-YLW,35,Small,Tier_1,Standard Supermarket,4525.58
row_02091,PRD-00EIUE,8.888,Regular,0.0693,Canned,180.86,STORE-9RG,28,Small,Tier_2,Standard Supermarket,2782.79
row_02092,PRD-98BNVW,19.335,Regular,0.0633,fruits and vegetables,187.52,STORE-HL7,23,Medium,Tier_3,Superstore,1670.94
row_02093,PRD-3IFU71,9.146,Low Fat,0.1012,Baking Goods,141.15,STORE-89Z,33,Medium,Tier_1,Standard Supermarket,2967.57
row_02094,PRD-PWKCZV,7.676,Low Fat,0.0171,Fruits and Vegetables,235.0,STORE-YLW,35,Small,Tier_1,Standard Supermarket,6231.32
row_02096,PRD-UZET1P,12.804,Low Fat,0.0374,Fruits and Vegetables,177.8,STORE-DKU,30,,Tier_2,Standard Supermarket,2923.12
row_02097,PRD-Y7084P,18.262,Low Fat,0.0261,MEAT,91.79,STORE-AGY,45,Large,Tier_3,Standard Supermarket,1606.42
row_02099,PRD-JTGE75,,Regular,0.0615,Breads,156.06,STORE-T5G,47,Small,Tier_1,Corner Shop,455.86
row_02101,PRD-LFS04I,10.648,Regular,0.0118,snack foods,72.65,STORE-AGY,45,Large,Tier_3,Standard Supermarket,1065.07
row_02102,PRD-1Z0SHZ,6.534,Low Fat,0.0163,fruits and vegetables,212.65,STORE-DKU,30,,Tier_2,Standard Supermarket,878.66
row_02104,PRD-CETEN7,6.61,Regular,0.1267,BAKING GOODS,43.99,STORE-DKU,30,,Tier_2,Standard Supermarket,842.37
row_02105,PRD-8LXUM3,6.905,Low Fat,0.0607,DAIRY,139.71,STORE-HL7,23,Medium,Tier_3,Superstore,1892.26
row_02108,PRD-IJVZYN,14.612,Low Fat,0.0594,Others,242.91,STORE-DKU,30,,Tier_2,Standard Supermarket,2182.82
row_02109,PRD-U2ROEM,,Regular,0.0837,Canned,218.21,STORE-7WS,47,Medium,Tier_3,Flagship Hypermarket,5040.61
row_02110,PRD-38JOEC,15.28,Regular,0.0102,Snack Foods,162.1,STORE-DKU,30,,Tier_2,Standard Supermarket,2762.49
row_02111,PRD-059SC5,21.174,Low Fat,0.0468,Health and Hygiene,152.25,STORE-OYG,25,,Tier_2,Standard Supermarket,3853.32
row_02113,PRD-UM4ULZ,13.626,Regular,0.0728,Fruits and Vegetables,62.66,STORE-9RG,28,Small,Tier_2,Standard Supermarket,1944.33
row_02114,PRD-COMXJF,9.2,Low Fat,0.2796,baking goods,127.1,STORE-JOR,34,,Tier_3,Corner Shop,119.6
row_02115,PRD-BOVVPN,9.882,Low Fat,0.0523,Health and Hygiene,193.42,STORE-HL7,23,Medium,Tier_3,Superstore,2203.92
row_02116,PRD-LJKPHC,18.036,Regular,0.0916,fruits and vegetables,86.33,STORE-HL7,23,Medium,Tier_3,Superstore,1621.55
row_02117,PRD-KFS6VF,10.961,Low Fat,0.0601,Hard Drinks,74.14,STORE-YLW,35,Small,Tier_1,Standard Supermarket,1017.12
row_02119,PRD-HYW1UI,8.606,Regular,0.0474,Dairy,43.92,STORE-DKU,30,,Tier_2,Standard Supermarket,401.79
row_02120,PRD-LI16DH,12.207,Low Fat,0.0185,frozen foods,251.61,STORE-AGY,45,Large,Tier_3,Standard Supermarket,6123.74
row_02121,PRD-T5J284,13.627,Regular,0.1479,snack foods,179.38,STORE-HL7,23,Medium,Tier_3,Superstore,5751.94
row_02122,PRD-W103DG,8.243,Low Fat,0.0175,soft drinks,203.23,STORE-YLW,35,Small,Tier_1,Standard Supermarket,1226.67
row_02123,PRD-DOYWLL,,Low Fat,0.2017,CANNED,121.29,STORE-T5G,47,Small,Tier_1,Corner Shop,470.25
row_02124,PRD-8WJAI7,8.9,Low Fat,0.0635,snack foods,176.9,STORE-9RG,28,Small,Tier_2,Standard Supermarket,7610.45
row_02125,PRD-2T1TDG,9.243,Low Fat,0.0416,HARD DRINKS,195.14,STORE-YLW,35,Small,Tier_1,Standard Supermarket,3180.0
row_02128,PRD-KYKIRT,8.314,Low Fat,0.1347,Fruits and Vegetables,213.85,STORE-DKU,30,,Tier_2,Standard Supermarket,5263.8
row_02129,PRD-1J8NER,6.393,Low Fat,0.0261,Household,116.28,STORE-89Z,33,Medium,Tier_1,Standard Supermarket,2496.54
row_02131,PRD-H8LBRN,16.282,Low Fat,0.03,Household,251.36,STORE-HL7,23,Medium,Tier_3,Superstore,508.69
row_02132,PRD-F075N4,15.344,Regular,0.0,Snack Foods,175.67,STORE-HL7,23,Medium,Tier_3,Superstore,2973.08
row_02134,PRD-JZETKP,8.177,Low Fat,0.0146,Baking Goods,81.24,STORE-9RG,28,Small,Tier_2,Standard Supermarket,1295.13
row_02135,PRD-IEPXXY,19.37,Low Fat,0.0163,Frozen Foods,123.94,STORE-DKU,30,,Tier_2,Standard Supermarket,1749.64
row_02136,PRD-ZM7AEF,,Regular,0.0586,Frozen Foods,111.97,STORE-T5G,47,Small,Tier_1,Corner Shop,115.36
row_02137,PRD-639BCP,20.75,Regular,0.0595,baking goods,90.34,STORE-9RG,28,Small,Tier_2,Standard Supermarket,1189.29
row_02138,PRD-YDT7CU,,Regular,0.0645,breads,258.13,STORE-7WS,47,Medium,Tier_3,Flagship Hypermarket,3439.3
row_02139,PRD-WJGHF5,19.956,Regular,0.1575,Canned,255.29,STORE-9RG,28,Small,Tier_2,Standard Supermarket,3538.64
row_02140,PRD-4TJITP,8.081,Low Fat,0.0372,fruits and vegetables,114.69,STORE-9RG,28,Small,Tier_2,Standard Supermarket,1564.99
row_02141,PRD-XQFXKD,14.387,Low Fat,0.0911,canned,146.48,STORE-89Z,33,Medium,Tier_1,Standard Supermarket,3662.79
row_02142,PRD-ULF5VL,5.946,Regular,0.0744,snack foods,258.84,STORE-YLW,35,Small,Tier_1,Standard Supermarket,5086.87
row_02143,PRD-JLC90O,17.364,Regular,0.0264,canned,148.37,STORE-9RG,28,Small,Tier_2,Standard Supermarket,1849.95
row_02144,PRD-ZIX69G,7.925,Regular,0.0793,Fruits and Vegetables,251.46,STORE-HL7,23,Medium,Tier_3,Superstore,3204.36
row_02145,PRD-1QW65X,5.888,Low Fat,0.1623,Household,131.4,STORE-JOR,34,,Tier_3,Corner Shop,672.78
row_02148,PRD-EVYY91,14.527,Low Fat,0.0178,health and hygiene,111.86,STORE-DKU,30,,Tier_2,Standard Supermarket,1705.59
row_02149,PRD-51TIWG,6.093,Regular,0.0649,Baking Goods,189.7,STORE-9RG,28,Small,Tier_2,Standard Supermarket,3804.45
row_02150,PRD-Y4II63,17.161,Low Fat,0.122,household,128.44,STORE-9RG,28,Small,Tier_2,Standard Supermarket,1205.83
row_02151,PRD-KDNQ4G,21.68,Low Fat,0.0199,Snack Foods,119.11,STORE-89Z,33,Medium,Tier_1,Standard Supermarket,1413.24
row_02154,PRD-M0ZQ63,10.164,Low Fat,0.0682,DAIRY,258.1,STORE-9RG,28,Small,Tier_2,Standard Supermarket,6777.03
row_02155,PRD-9H9FM8,17.821,Low Fat,0.0486,Household,172.75,STORE-OYG,25,,Tier_2,Standard Supermarket,2980.6
row_02156,PRD-6RX35U,,Regular,0.075,frozen foods,198.3,STORE-7WS,47,Medium,Tier_3,Flagship Hypermarket,3644.4
row_02157,PRD-KINNDW,20.617,Regular,0.0201,frozen foods,83.89,STORE-HL7,23,Medium,Tier_3,Superstore,1717.15
row_02158,PRD-MICMBP,,Regular,0.15,Frozen Foods,34.98,STORE-T5G,47,Small,Tier_1,Corner Shop,129.74
row_02159,PRD-I7KBCW,14.985,Low Fat,0.0778,Meat,197.56,STORE-YLW,35,Small,Tier_1,Standard Supermarket,5291.6
row_02160,PRD-YP5JO3,7.689,Regular,0.0766,Dairy,213.98,STORE-9RG,28,Small,Tier_2,Standard Supermarket,4926.92
row_02161,PRD-ZEFKVO,,Regular,0.0803,Meat,101.89,STORE-T5G,47,Small,Tier_1,Corner Shop,215.52
row_02163,PRD-2LYWBI,7.386,Low Fat,0.1656,Snack Foods,93.4,STORE-YLW,35,Small,Tier_1,Standard Supermarket,1245.78
row_02165,PRD-FHKP7I,,Regular,0.0207,Canned,165.44,STORE-T5G,47,Small,Tier_1,Corner Shop,485.06
row_02166,PRD-1RXIV4,17.794,Low Fat,0.0306,SNACK FOODS,169.13,STORE-9RG,28,Small,Tier_2,Standard Supermarket,5214.81
row_02167,PRD-RHA96G,4.899,Low Fat,0.044,Baking Goods,198.46,STORE-AGY,45,Large,Tier_3,Standard Supermarket,2834.87
row_02168,PRD-EWQGAD,5.35,Regular,0.031,canned,191.68,STORE-89Z,33,Medium,Tier_1,Standard Supermarket,1813.43
row_02169,PRD-MHJ45L,17.369,Low Fat,0.0152,Frozen Foods,74.67,STORE-AGY,45,Large,Tier_3,Standard Supermarket,734.33
row_02171,PRD-MH7GX8,18.886,Low Fat,0.0999,DAIRY,55.67,STORE-AGY,45,Large,Tier_3,Standard Supermarket,169.29
row_02172,PRD-IMV03J,14.993,Regular,0.0663,Snack Foods,265.27,STORE-AGY,45,Large,Tier_3,Standard Supermarket,5299.97
row_02173,PRD-6SCK8E,,Low Fat,0.0837,Household,175.69,STORE-T5G,47,Small,Tier_1,Corner Shop,356.74
row_02174,PRD-6CJDKQ,18.662,Low Fat,0.0857,Fruits and Vegetables,197.71,STORE-9RG,28,Small,Tier_2,Standard Supermarket,3585.68
row_02175,PRD-8NY9QX,,Low Fat,0.1404,Snack Foods,146.69,STORE-7WS,47,Medium,Tier_3,Flagship Hypermarket,3221.56
row_02176,PRD-5OIBGD,17.168,Low Fat,0.0,Snack Foods,154.45,STORE-YLW,35,Small,Tier_1,Standard Supermarket,2733.2
row_02177,PRD-R1N6UV,18.48,Low Fat,0.0143,Household,227.39,STORE-OYG,25,,Tier_2,Standard Supermarket,1334.64
row_02178,PRD-83UJSO,18.163,Low Fat,0.0199,HEALTH AND HYGIENE,127.27,STORE-YLW,35,Small,Tier_1,Standard Supermarket,2996.67
row_02179,PRD-V33B4H,,Regular,0.1438,Meat,117.73,STORE-T5G,47,Small,Tier_1,Corner Shop,564.75
row_02180,PRD-RJ6GD2,11.903,Low Fat,0.009,HEALTH AND HYGIENE,115.54,STORE-OYG,25,,Tier_2,Standard Supermarket,1392.7
row_02181,PRD-IQ9LVF,19.247,Regular,0.081,BAKING GOODS,50.18,STORE-YLW,35,Small,Tier_1,Standard Supermarket,353.83
row_02182,PRD-IPH6H7,5.997,Low Fat,0.0457,Fruits and Vegetables,146.97,STORE-89Z,33,Medium,Tier_1,Standard Supermarket,1696.3
row_02183,PRD-IFY7O0,13.037,Regular,0.0,fruits and vegetables,177.65,STORE-89Z,33,Medium,Tier_1,Standard Supermarket,3091.84
row_02184,PRD-ILAZCL,7.711,Low Fat,0.0105,Snack Foods,256.76,STORE-89Z,33,Medium,Tier_1,Standard Supermarket,3185.22
row_02185,PRD-MELISH,7.148,Low Fat,0.0291,Snack Foods,141.64,STORE-89Z,33,Medium,Tier_1,Standard Supermarket,3569.53
row_02186,PRD-0KDULB,,Low Fat,0.1354,Household,92.36,STORE-T5G,47,Small,Tier_1,Corner Shop,181.21
row_02187,PRD-1L8SUG,16.957,Regular,0.053,starchy foods,63.87,STORE-HL7,23,Medium,Tier_3,Superstore,792.23
row_02188,PRD-KDNQ4G,21.006,Low Fat,0.0198,snack foods,123.03,STORE-OYG,25,,Tier_2,Standard Supermarket,1864.07
row_02189,PRD-0V4GIA,9.236,Low Fat,0.1108,SNACK FOODS,188.5,STORE-HL7,23,Medium,Tier_3,Superstore,2747.96
row_02190,PRD-U4W9RS,14.442,Low Fat,0.0893,Baking Goods,144.65,STORE-9RG,28,Small,Tier_2,Standard Supermarket,1105.33
row_02191,PRD-1ZUYZY,,Regular,0.0472,FRUITS AND VEGETABLES,169.66,STORE-7WS,47,Medium,Tier_3,Flagship Hypermarket,4891.7
row_02192,PRD-58CEPS,6.699,Low Fat,0.0646,fruits and vegetables,188.01,STORE-89Z,33,Medium,Tier_1,Standard Supermarket,1446.2
row_02194,PRD-S3EOQM,7.682,Low Fat,0.1621,hard drinks,142.26,STORE-DKU,30,,Tier_2,Standard Supermarket,3763.99
row_02196,PRD-U438R9,10.91,Regular,0.0354,frozen foods,180.56,STORE-HL7,23,Medium,Tier_3,Superstore,1531.12
row_02197,PRD-NJR720,19.238,Low Fat,0.1258,Breads,155.76,STORE-89Z,33,Medium,Tier_1,Standard Supermarket,2377.98
row_02198,PRD-Z16UFZ,,Low Fat,0.0276,Snack Foods,148.02,STORE-T5G,47,Small,Tier_1,Corner Shop,632.62
row_02200,PRD-WTOOBM,17.468,Low Fat,0.1002,Soft Drinks,178.0,STORE-YLW,35,Small,Tier_1,Standard Supermarket,2142.02
row_02201,PRD-YHRDU3,13.403,Low Fat,0.0882,household,153.25,STORE-9RG,28,Small,Tier_2,Standard Supermarket,3945.46
row_02202,PRD-AK1VRJ,6.167,Regular,0.0074,Soft Drinks,190.95,STORE-89Z,33,Medium,Tier_1,Standard Supermarket,3431.97
row_02204,PRD-BLMMDP,16.164,Regular,0.0069,Snack Foods,41.46,STORE-AGY,45,Large,Tier_3,Standard Supermarket,687.16
row_02205,PRD-DSN8CW,15.824,Regular,0.0473,Snack Foods,165.38,STORE-89Z,33,Medium,Tier_1,Standard Supermarket,2480.2
row_02206,PRD-MN8Z1H,11.323,Low Fat,0.0209,HEALTH AND HYGIENE,152.11,STORE-89Z,33,Medium,Tier_1,Standard Supermarket,2599.96
row_02207,PRD-V4B1K1,7.292,Low Fat,0.0074,Baking Goods,47.25,STORE-YLW,35,Small,Tier_1,Standard Supermarket,1447.51
row_02208,PRD-TCYFDV,5.738,Regular,0.0229,SNACK FOODS,155.48,STORE-9RG,28,Small,Tier_2,Standard Supermarket,1384.27
row_02209,PRD-X28K8T,10.375,Low Fat,0.0106,Breads,43.73,STORE-DKU,30,,Tier_2,Standard Supermarket,695.91
row_02212,PRD-APC4XY,7.013,Regular,0.039,BAKING GOODS,61.6,STORE-YLW,35,Small,Tier_1,Standard Supermarket,839.29
row_02214,PRD-RPHBL5,20.976,Regular,0.077,Snack Foods,182.42,STORE-JOR,34,,Tier_3,Corner Shop,923.39
row_02216,PRD-GZ0C99,9.571,Regular,0.0155,MEAT,250.33,STORE-YLW,35,Small,Tier_1,Standard Supermarket,974.8
row_02217,PRD-WDSS7E,19.715,Regular,0.0413,Frozen Foods,48.76,STORE-YLW,35,Small,Tier_1,Standard Supermarket,615.5
row_02219,PRD-MU6FGK,16.392,Low Fat,0.0,Frozen Foods,55.12,STORE-OYG,25,,Tier_2,Standard Supermarket,866.27
row_02220,PRD-UI2QXL,9.455,Low Fat,0.1017,Snack Foods,105.38,STORE-OYG,25,,Tier_2,Standard Supermarket,1830.1
row_02221,PRD-34LIE3,15.393,Low Fat,0.1392,canned,93.02,STORE-OYG,25,,Tier_2,Standard Supermarket,1860.93
row_02222,PRD-55LOSM,7.254,Low Fat,0.02,snack foods,250.4,STORE-DKU,30,,Tier_2,Standard Supermarket,6198.08
row_02223,PRD-57XD6K,,Low Fat,0.2909,FROZEN FOODS,47.02,STORE-T5G,47,Small,Tier_1,Corner Shop,144.82
row_02224,PRD-WTQX65,20.638,Low Fat,0.0946,Starchy Foods,228.17,STORE-OYG,25,,Tier_2,Standard Supermarket,2244.06
row_02226,PRD-0B58ST,,Regular,0.014,Canned,103.84,STORE-T5G,47,Small,Tier_1,Corner Shop,200.04
row_02227,PRD-7Z4G25,14.907,Low Fat,0.062,canned,152.12,STORE-9RG,28,Small,Tier_2,Standard Supermarket,1720.59
row_02228,PRD-PZFBNK,6.538,Low Fat,0.0749,STARCHY FOODS,186.41,STORE-9RG,28,Small,Tier_2,Standard Supermarket,6697.67
row_02229,PRD-VHS1K3,,Low Fat,0.0296,Soft Drinks,139.76,STORE-7WS,47,Medium,Tier_3,Flagship Hypermarket,2606.4
row_02231,PRD-DY1PP4,8.734,Low Fat,0.0897,Household,115.57,STORE-DKU,30,,Tier_2,Standard Supermarket,1934.83
row_02232,PRD-LK2C0X,12.033,Low Fat,0.0155,Frozen Foods,211.7,STORE-OYG,25,,Tier_2,Standard Supermarket,4979.84
row_02233,PRD-6DXZJ1,12.929,Regular,0.0704,snack foods,65.3,STORE-OYG,25,,Tier_2,Standard Supermarket,1217.03
row_02234,PRD-K9LSG4,20.798,Low Fat,0.0557,Snack Foods,118.73,STORE-9RG,28,Small,Tier_2,Standard Supermarket,337.32
row_02236,PRD-IYIJE7,12.488,Low Fat,0.0933,snack foods,213.08,STORE-DKU,30,,Tier_2,Standard Supermarket,3231.37
row_02237,PRD-U438R9,11.409,Regular,0.0357,Frozen Foods,172.34,STORE-AGY,45,Large,Tier_3,Standard Supermarket,3772.53
row_02241,PRD-DPF1H3,,Low Fat,0.073,Snack Foods,258.94,STORE-7WS,47,Medium,Tier_3,Flagship Hypermarket,3181.71
row_02242,PRD-XWMUWB,19.127,Low Fat,0.0335,Snack Foods,176.04,STORE-YLW,35,Small,Tier_1,Standard Supermarket,1434.42
row_02243,PRD-V5MOIJ,14.28,Regular,0.0396,Canned,41.71,STORE-YLW,35,Small,Tier_1,Standard Supermarket,1164.65
row_02244,PRD-R9QIKQ,13.217,Low Fat,0.0651,baking goods,95.92,STORE-HL7,23,Medium,Tier_3,Superstore,1062.14
row_02245,PRD-MHZN3M,17.501,Low Fat,0.0161,Meat,137.48,STORE-AGY,45,Large,Tier_3,Standard Supermarket,437.29
row_02246,PRD-AEYV7C,11.87,Low Fat,0.1479,Fruits and Vegetables,109.77,STORE-AGY,45,Large,Tier_3,Standard Supermarket,1304.04
row_02247,PRD-0U9DAQ,5.985,Low Fat,0.0829,frozen foods,157.33,STORE-AGY,45,Large,Tier_3,Standard Supermarket,2252.28
row_02248,PRD-LXLIM5,,Low Fat,0.1108,health and hygiene,124.36,STORE-T5G,47,Small,Tier_1,Corner Shop,242.78
row_02249,PRD-YE19ES,,Regular,0.1232,dairy,118.72,STORE-7WS,47,Medium,Tier_3,Flagship Hypermarket,2642.77
row_02250,PRD-W103DG,8.674,Low Fat,0.0,Soft Drinks,198.95,STORE-OYG,25,,Tier_2,Standard Supermarket,1602.38
row_02251,PRD-N2T3QH,10.624,Low Fat,0.059,Fruits and Vegetables,61.93,STORE-AGY,45,Large,Tier_3,Standard Supermarket,705.31
row_02252,PRD-95CTT5,7.454,Low Fat,0.0737,Fruits and Vegetables,197.01,STORE-HL7,23,Medium,Tier_3,Superstore,6055.06
row_02253,PRD-IS25HB,7.427,Low Fat,0.0,Soft Drinks,122.95,STORE-DKU,30,,Tier_2,Standard Supermarket,1503.56
row_02254,PRD-PLE5H3,,Low Fat,0.0268,Fruits and Vegetables,101.86,STORE-7WS,47,Medium,Tier_3,Flagship Hypermarket,3987.05
row_02255,PRD-R1N6UV,,Low Fat,0.0143,Household,228.59,STORE-7WS,47,Medium,Tier_3,Flagship Hypermarket,5800.17
row_02256,PRD-08I4W0,5.733,Low Fat,0.083,BAKING GOODS,37.44,STORE-DKU,30,,Tier_2,Standard Supermarket,515.17
row_02258,PRD-TLHXCM,,Low Fat,0.0639,CANNED,248.89,STORE-T5G,47,Small,Tier_1,Corner Shop,495.69
row_02260,PRD-IPH6H7,5.939,Low Fat,0.0446,FRUITS AND VEGETABLES,145.95,STORE-AGY,45,Large,Tier_3,Standard Supermarket,2282.9
row_02261,PRD-RUC70S,17.981,Low Fat,0.0122,Household,171.89,STORE-HL7,23,Medium,Tier_3,Superstore,3689.09
row_02263,PRD-U0J0N0,,Low Fat,0.0253,frozen foods,209.91,STORE-7WS,47,Medium,Tier_3,Flagship Hypermarket,6776.32
row_02264,PRD-L9KV91,,Low Fat,0.0323,seafood,156.37,STORE-7WS,47,Medium,Tier_3,Flagship Hypermarket,5555.96
row_02265,PRD-O90S1M,4.945,Regular,0.0776,breads,232.67,STORE-OYG,25,,Tier_2,Standard Supermarket,4427.32
row_02266,PRD-J4WCO5,14.923,Regular,0.0269,baking goods,221.41,STORE-YLW,35,Small,Tier_1,Standard Supermarket,4721.76
row_02267,PRD-QOHMUH,16.133,Low Fat,0.0301,Hard Drinks,41.42,STORE-89Z,33,Medium,Tier_1,Standard Supermarket,943.5
row_02268,PRD-8R8KUS,9.748,Regular,0.0627,Fruits and Vegetables,116.45,STORE-AGY,45,Large,Tier_3,Standard Supermarket,1792.9
row_02269,PRD-1DSTWG,,Low Fat,0.0,fruits and vegetables,241.54,STORE-7WS,47,Medium,Tier_3,Flagship Hypermarket,6943.82
row_02270,PRD-C2W953,17.754,Regular,0.0389,snack foods,100.74,STORE-9RG,28,Small,Tier_2,Standard Supermarket,1886.8
row_02271,PRD-N4RCER,,Regular,0.1412,Seafood,149.76,STORE-7WS,47,Medium,Tier_3,Flagship Hypermarket,1733.13
row_02273,PRD-JQHUCI,7.667,Regular,0.1543,canned,47.59,STORE-YLW,35,Small,Tier_1,Standard Supermarket,774.73
row_02275,PRD-UL2AE5,,Low Fat,0.0254,Health and Hygiene,114.75,STORE-7WS,47,Medium,Tier_3,Flagship Hypermarket,3946.55
row_02276,PRD-YLXYXL,,Low Fat,0.0392,baking goods,76.98,STORE-7WS,47,Medium,Tier_3,Flagship Hypermarket,2858.17
row_02277,PRD-5EX41Q,5.431,Regular,0.0162,BAKING GOODS,172.57,STORE-AGY,45,Large,Tier_3,Standard Supermarket,2929.49
row_02278,PRD-FL1299,8.923,Regular,0.0513,canned,85.7,STORE-DKU,30,,Tier_2,Standard Supermarket,1639.11
row_02281,PRD-5Z8FE8,,Low Fat,0.0103,Household,208.04,STORE-7WS,47,Medium,Tier_3,Flagship Hypermarket,3866.89
row_02282,PRD-5J92DM,17.02,Regular,0.1616,frozen foods,198.08,STORE-9RG,28,Small,Tier_2,Standard Supermarket,4273.67
row_02284,PRD-WCAQ6Y,12.671,Regular,0.0,Fruits and Vegetables,80.43,STORE-JOR,34,,Tier_3,Corner Shop,85.68
row_02285,PRD-Z4T48O,10.201,Regular,0.011,snack foods,86.3,STORE-YLW,35,Small,Tier_1,Standard Supermarket,1198.57
row_02286,PRD-M9YX0J,,Regular,0.1282,Snack Foods,34.87,STORE-T5G,47,Small,Tier_1,Corner Shop,32.7
row_02288,PRD-2VTJXU,6.341,Low Fat,0.1267,fruits and vegetables,47.1,STORE-OYG,25,,Tier_2,Standard Supermarket,1093.64
row_02289,PRD-K054NZ,12.448,Low Fat,0.0306,Soft Drinks,147.81,STORE-DKU,30,,Tier_2,Standard Supermarket,3664.51
row_02290,PRD-LRTVWA,7.773,Low Fat,0.0536,Dairy,193.12,STORE-YLW,35,Small,Tier_1,Standard Supermarket,5582.67
row_02291,PRD-SWX1JP,9.996,Low Fat,0.0478,baking goods,99.48,STORE-OYG,25,,Tier_2,Standard Supermarket,1522.48
row_02292,PRD-IWS48A,,Regular,0.0357,baking goods,95.61,STORE-7WS,47,Medium,Tier_3,Flagship Hypermarket,1988.64
row_02293,PRD-4IHRV7,12.439,Regular,0.0744,MEAT,184.95,STORE-JOR,34,,Tier_3,Corner Shop,569.0
row_02295,PRD-W80O9D,18.14,Low Fat,0.0802,Frozen Foods,220.73,STORE-DKU,30,,Tier_2,Standard Supermarket,6579.02
row_02296,PRD-VTAQXP,5.828,Regular,0.0947,Dairy,43.65,STORE-YLW,35,Small,Tier_1,Standard Supermarket,688.49
row_02297,PRD-OEVB9O,,Low Fat,0.0267,SOFT DRINKS,88.67,STORE-7WS,47,Medium,Tier_3,Flagship Hypermarket,2509.76
row_02298,PRD-IYIJE7,,Low Fat,0.1659,SNACK FOODS,207.04,STORE-T5G,47,Small,Tier_1,Corner Shop,403.34
row_02299,PRD-UPQZIT,7.415,Low Fat,0.0745,Soft Drinks,116.42,STORE-DKU,30,,Tier_2,Standard Supermarket,578.19
row_02300,PRD-32R5MU,7.344,Low Fat,0.0151,snack foods,153.58,STORE-89Z,33,Medium,Tier_1,Standard Supermarket,474.75
row_02301,PRD-GZ27FH,,Low Fat,0.0647,Canned,101.51,STORE-7WS,47,Medium,Tier_3,Flagship Hypermarket,5022.49
row_02302,PRD-77KXXS,8.373,Regular,0.0742,DAIRY,195.68,STORE-AGY,45,Large,Tier_3,Standard Supermarket,769.56
row_02304,PRD-A0BO8W,8.718,Regular,0.0398,baking goods,207.63,STORE-OYG,25,,Tier_2,Standard Supermarket,2537.36
row_02305,PRD-U0J0N0,9.101,Low Fat,0.027,frozen foods,212.51,STORE-89Z,33,Medium,Tier_1,Standard Supermarket,4750.35
row_02306,PRD-AECEW6,17.12,Regular,0.0088,Meat,71.52,STORE-9RG,28,Small,Tier_2,Standard Supermarket,1364.49
row_02307,PRD-8INI8M,6.533,Regular,0.0,Snack Foods,91.47,STORE-HL7,23,Medium,Tier_3,Superstore,945.04
row_02308,PRD-HQ57UY,16.245,Regular,0.115,Frozen Foods,37.21,STORE-DKU,30,,Tier_2,Standard Supermarket,336.57
row_02309,PRD-P8BYW4,12.76,Regular,0.0244,MEAT,220.52,STORE-HL7,23,Medium,Tier_3,Superstore,2561.79
row_02311,PRD-5XCR5N,20.647,Low Fat,0.0335,Household,118.29,STORE-9RG,28,Small,Tier_2,Standard Supermarket,1348.4
row_02312,PRD-UZS9IM,18.114,Low Fat,0.0419,SOFT DRINKS,164.83,STORE-89Z,33,Medium,Tier_1,Standard Supermarket,1253.04
row_02314,PRD-K1DZCJ,7.262,Low Fat,0.0958,Household,258.21,STORE-YLW,35,Small,Tier_1,Standard Supermarket,2263.67
row_02315,PRD-OA9XM0,16.355,Regular,0.0286,Meat,46.9,STORE-JOR,34,,Tier_3,Corner Shop,96.71
row_02317,PRD-PJGDSY,6.079,Low Fat,0.1451,Snack Foods,154.97,STORE-DKU,30,,Tier_2,Standard Supermarket,1539.43
row_02318,PRD-MHLD93,6.131,Low Fat,0.1329,Canned,213.69,STORE-HL7,23,Medium,Tier_3,Superstore,3927.19
row_02320,PRD-U2ROEM,15.441,Regular,0.0874,Canned,215.97,STORE-YLW,35,Small,Tier_1,Standard Supermarket,2018.82
row_02321,PRD-K054NZ,12.101,Low Fat,0.0292,SOFT DRINKS,149.99,STORE-YLW,35,Small,Tier_1,Standard Supermarket,1614.74
row_02324,PRD-34LIE3,15.991,Low Fat,0.2338,canned,92.82,STORE-JOR,34,,Tier_3,Corner Shop,296.76
row_02325,PRD-FTNWN0,,Low Fat,0.1404,BREADS,92.01,STORE-7WS,47,Medium,Tier_3,Flagship Hypermarket,2317.69
row_02326,PRD-1GXI9D,12.784,Low Fat,0.0378,Frozen Foods,179.81,STORE-DKU,30,,Tier_2,Standard Supermarket,3346.46
row_02328,PRD-322N64,17.423,Low Fat,0.0958,Dairy,88.63,STORE-89Z,33,Medium,Tier_1,Standard Supermarket,872.39
row_02329,PRD-70LKLF,16.403,Regular,0.0667,canned,99.28,STORE-YLW,35,Small,Tier_1,Standard Supermarket,1063.3
row_02330,PRD-3KK8SL,11.224,Regular,0.0415,Fruits and Vegetables,199.42,STORE-HL7,23,Medium,Tier_3,Superstore,2160.43
row_02331,PRD-PSFZVE,17.506,Low Fat,0.0501,SNACK FOODS,99.2,STORE-DKU,30,,Tier_2,Standard Supermarket,712.97
row_02334,PRD-AANYGU,12.726,Low Fat,0.0323,SNACK FOODS,168.25,STORE-AGY,45,Large,Tier_3,Standard Supermarket,3053.28
row_02335,PRD-PCUYHY,15.336,Low Fat,0.0947,baking goods,154.47,STORE-DKU,30,,Tier_2,Standard Supermarket,2654.0
row_02336,PRD-2GKFSF,5.807,Low Fat,0.0261,Household,149.04,STORE-9RG,28,Small,Tier_2,Standard Supermarket,1628.8
row_02337,PRD-TW0A9P,13.097,Regular,0.0826,canned,194.95,STORE-DKU,30,,Tier_2,Standard Supermarket,1221.88
row_02338,PRD-9LB7L5,18.209,Regular,0.1688,dairy,159.27,STORE-HL7,23,Medium,Tier_3,Superstore,2264.82
row_02340,PRD-2DT1EG,5.514,Low Fat,0.0,Health and Hygiene,125.09,STORE-YLW,35,Small,Tier_1,Standard Supermarket,2473.13
row_02341,PRD-HCW81X,8.098,Low Fat,0.0,Hard Drinks,145.34,STORE-DKU,30,,Tier_2,Standard Supermarket,1473.37
row_02342,PRD-DTLHAI,11.887,Regular,0.0553,baking goods,50.57,STORE-AGY,45,Large,Tier_3,Standard Supermarket,946.42
row_02343,PRD-29S85M,20.022,Low Fat,0.1129,SNACK FOODS,174.86,STORE-JOR,34,,Tier_3,Corner Shop,847.62
row_02345,PRD-8INI8M,,Regular,0.1183,SNACK FOODS,89.81,STORE-YLW,35,Small,Tier_1,Standard Supermarket,2376.98
row_02347,PRD-9USY38,,Low Fat,0.0944,SNACK FOODS,114.08,STORE-7WS,47,Medium,Tier_3,Flagship Hypermarket,5002.67
row_02348,PRD-059SC5,20.546,Low Fat,0.0449,Health and Hygiene,148.39,STORE-AGY,45,Large,Tier_3,Standard Supermarket,1877.32
row_02349,PRD-9DBWQW,19.025,Low Fat,0.0419,Household,86.73,STORE-9RG,28,Small,Tier_2,Standard Supermarket,2229.24
row_02350,PRD-XQL9QP,5.724,Regular,0.066,breads,261.54,STORE-HL7,23,Medium,Tier_3,Superstore,3119.63
row_02352,PRD-AY7R54,,Low Fat,0.1341,Household,230.87,STORE-T5G,47,Small,Tier_1,Corner Shop,1108.05
row_02353,PRD-Q6EW09,,Low Fat,0.0459,snack foods,190.16,STORE-7WS,47,Medium,Tier_3,Flagship Hypermarket,5117.13
row_02354,PRD-NSLK6R,17.95,Regular,0.0647,baking goods,187.95,STORE-89Z,33,Medium,Tier_1,Standard Supermarket,2901.53
row_02355,PRD-QK31H5,16.321,Low Fat,0.0343,FRUITS AND VEGETABLES,254.11,STORE-YLW,35,Small,Tier_1,Standard Supermarket,3834.45
row_02358,PRD-0DZ6XP,,Low Fat,0.1728,Fruits and Vegetables,94.18,STORE-T5G,47,Small,Tier_1,Corner Shop,280.6
row_02359,PRD-6O0HUH,,Regular,0.0145,Fruits and Vegetables,231.55,STORE-7WS,47,Medium,Tier_3,Flagship Hypermarket,5236.06
row_02360,PRD-Q90SJM,20.145,Regular,0.085,Frozen Foods,184.92,STORE-AGY,45,Large,Tier_3,Standard Supermarket,4037.8
row_02362,PRD-DL52AM,10.647,Regular,0.0962,Baking Goods,49.55,STORE-OYG,25,,Tier_2,Standard Supermarket,876.23
row_02365,PRD-VW2RFX,6.537,Low Fat,0.0912,dairy,182.59,STORE-JOR,34,,Tier_3,Corner Shop,373.84
row_02366,PRD-ZTKB9Z,17.867,Low Fat,0.099,Household,219.04,STORE-JOR,34,,Tier_3,Corner Shop,898.98
row_02367,PRD-PNWDDS,10.986,Low Fat,0.1221,dairy,44.62,STORE-AGY,45,Large,Tier_3,Standard Supermarket,505.78
row_02368,PRD-9R9NDL,,Regular,0.0215,Snack Foods,131.27,STORE-T5G,47,Small,Tier_1,Corner Shop,127.23
row_02369,PRD-F6EGQO,15.152,Low Fat,0.0,Snack Foods,227.04,STORE-HL7,23,Medium,Tier_3,Superstore,636.37
row_02371,PRD-CXN22P,16.155,Low Fat,0.0883,Dairy,98.03,STORE-89Z,33,Medium,Tier_1,Standard Supermarket,1502.49
row_02373,PRD-2YVL55,20.19,Regular,0.0555,fruits and vegetables,196.18,STORE-HL7,23,Medium,Tier_3,Superstore,1601.89
row_02375,PRD-ATSWZZ,10.685,Low Fat,0.0298,Household,112.1,STORE-YLW,35,Small,Tier_1,Standard Supermarket,2152.61
row_02376,PRD-JT10UE,12.662,Regular,0.0796,FRUITS AND VEGETABLES,93.29,STORE-89Z,33,Medium,Tier_1,Standard Supermarket,1337.17
row_02377,PRD-HYS3T2,6.314,Low Fat,0.0684,Snack Foods,119.56,STORE-YLW,35,Small,Tier_1,Standard Supermarket,1171.04
row_02378,PRD-53JSJC,15.396,Low Fat,0.0566,HOUSEHOLD,233.72,STORE-AGY,45,Large,Tier_3,Standard Supermarket,6716.69
row_02379,PRD-6DXZJ1,13.322,Regular,0.0678,SNACK FOODS,62.81,STORE-DKU,30,,Tier_2,Standard Supermarket,1042.54
row_02380,PRD-SUDBCI,12.912,Low Fat,0.0458,SNACK FOODS,183.14,STORE-9RG,28,Small,Tier_2,Standard Supermarket,3205.28
row_02381,PRD-F4D9ZQ,7.652,Low Fat,0.0831,meat,65.89,STORE-9RG,28,Small,Tier_2,Standard Supermarket,1150.67
row_02382,PRD-JDP69D,18.616,Low Fat,0.1677,HOUSEHOLD,191.95,STORE-HL7,23,Medium,Tier_3,Superstore,1663.52
row_02384,PRD-W80O9D,,Low Fat,0.0,Frozen Foods,226.41,STORE-7WS,47,Medium,Tier_3,Flagship Hypermarket,4349.91
row_02386,PRD-6O3NRD,11.123,Low Fat,0.0071,Meat,197.73,STORE-HL7,23,Medium,Tier_3,Superstore,4702.71
row_02387,PRD-YUZ87C,15.301,Low Fat,0.0291,baking goods,152.29,STORE-YLW,35,Small,Tier_1,Standard Supermarket,1565.75
row_02388,PRD-0U24IQ,5.685,Low Fat,0.1264,Dairy,90.86,STORE-OYG,25,,Tier_2,Standard Supermarket,2620.02
row_02389,PRD-VICDRI,20.884,Regular,0.1247,Frozen Foods,119.93,STORE-HL7,23,Medium,Tier_3,Superstore,2925.62
row_02390,PRD-22ZACS,,Low Fat,0.0892,breads,200.5,STORE-7WS,47,Medium,Tier_3,Flagship Hypermarket,6032.96
row_02391,PRD-070S1K,,Low Fat,0.058,Household,178.03,STORE-7WS,47,Medium,Tier_3,Flagship Hypermarket,3976.9
row_02392,PRD-9H9FM8,17.5,Low Fat,0.0466,Household,175.69,STORE-YLW,35,Small,Tier_1,Standard Supermarket,3061.14
row_02394,PRD-BHKJ25,,Low Fat,0.1232,baking goods,106.57,STORE-7WS,47,Medium,Tier_3,Flagship Hypermarket,1664.9
row_02395,PRD-KB5FAA,9.666,Regular,0.0276,Snack Foods,251.61,STORE-HL7,23,Medium,Tier_3,Superstore,2386.45
row_02396,PRD-9KE7J2,16.139,Low Fat,0.0816,breads,175.71,STORE-HL7,23,Medium,Tier_3,Superstore,5778.34
row_02397,PRD-EPZHPC,17.408,Low Fat,0.0861,SOFT DRINKS,269.9,STORE-9RG,28,Small,Tier_2,Standard Supermarket,6582.76
row_02398,PRD-N5F62D,17.234,Low Fat,0.0135,frozen foods,250.68,STORE-9RG,28,Small,Tier_2,Standard Supermarket,1853.14
row_02399,PRD-S82I5U,8.627,Low Fat,0.1757,Household,175.07,STORE-9RG,28,Small,Tier_2,Standard Supermarket,3673.57
row_02400,PRD-G5MMQ7,10.995,Regular,0.0636,breakfast,172.61,STORE-HL7,23,Medium,Tier_3,Superstore,4431.27
row_02401,PRD-FGQJFY,7.692,Regular,0.0,baking goods,39.05,STORE-YLW,35,Small,Tier_1,Standard Supermarket,891.53
row_02402,PRD-741NWE,9.683,Regular,0.1474,Baking Goods,49.38,STORE-OYG,25,,Tier_2,Standard Supermarket,524.92
row_02404,PRD-91ZPKY,17.377,Low Fat,0.1239,FROZEN FOODS,251.66,STORE-OYG,25,,Tier_2,Standard Supermarket,4551.86
row_02405,PRD-KDJU3I,15.589,Low Fat,0.0593,DAIRY,228.52,STORE-HL7,23,Medium,Tier_3,Superstore,4656.99
row_02406,PRD-BV1R7E,8.982,Regular,0.1353,frozen foods,163.5,STORE-89Z,33,Medium,Tier_1,Standard Supermarket,2575.0
row_02407,PRD-TFZHI9,8.486,Low Fat,0.1399,Health and Hygiene,95.5,STORE-DKU,30,,Tier_2,Standard Supermarket,838.77
row_02408,PRD-WFA6ZI,17.349,Low Fat,0.0346,DAIRY,244.45,STORE-9RG,28,Small,Tier_2,Standard Supermarket,1022.06
row_02409,PRD-X28K8T,10.498,Low Fat,0.0109,BREADS,40.28,STORE-OYG,25,,Tier_2,Standard Supermarket,175.69
row_02410,PRD-0B58ST,16.922,Regular,0.0086,canned,104.24,STORE-DKU,30,,Tier_2,Standard Supermarket,1463.67
row_02412,PRD-LJZEJB,6.616,Low Fat,0.09,Dairy,195.77,STORE-OYG,25,,Tier_2,Standard Supermarket,1204.95
row_02414,PRD-FT3J41,6.571,Regular,0.1063,BAKING GOODS,162.92,STORE-AGY,45,Large,Tier_3,Standard Supermarket,5161.52
row_02415,PRD-1VG7CO,15.799,Regular,0.129,FRUITS AND VEGETABLES,174.38,STORE-DKU,30,,Tier_2,Standard Supermarket,1272.85
row_02420,PRD-W4Z56R,5.785,Low Fat,0.0895,fruits and vegetables,170.79,STORE-HL7,23,Medium,Tier_3,Superstore,2265.21
row_02421,PRD-FTNWN0,17.589,Low Fat,0.145,Breads,93.04,STORE-AGY,45,Large,Tier_3,Standard Supermarket,1567.42
row_02422,PRD-B7ITAT,11.608,Low Fat,0.1304,Baking Goods,147.36,STORE-OYG,25,,Tier_2,Standard Supermarket,3158.43
row_02423,PRD-72AAVH,14.671,Low Fat,0.0877,Meat,245.21,STORE-JOR,34,,Tier_3,Corner Shop,476.62
row_02424,PRD-S9CFU5,9.284,Regular,0.1197,Snack Foods,159.77,STORE-89Z,33,Medium,Tier_1,Standard Supermarket,1242.54
row_02425,PRD-AZUAYN,10.088,Low Fat,0.1226,Health and Hygiene,156.63,STORE-OYG,25,,Tier_2,Standard Supermarket,2545.46
row_02426,PRD-BOOINB,13.851,Low Fat,0.0136,Canned,105.91,STORE-YLW,35,Small,Tier_1,Standard Supermarket,3027.61
row_02427,PRD-KD6FLE,16.569,Low Fat,0.0234,SOFT DRINKS,187.15,STORE-YLW,35,Small,Tier_1,Standard Supermarket,2887.67
row_02428,PRD-Q4NM8R,8.787,Low Fat,0.1386,FROZEN FOODS,62.68,STORE-DKU,30,,Tier_2,Standard Supermarket,1141.93
row_02429,PRD-TE0XFZ,7.345,Regular,0.1603,Frozen Foods,211.06,STORE-HL7,23,Medium,Tier_3,Superstore,4153.51
row_02430,PRD-22JUF0,9.242,Low Fat,0.0501,Household,145.73,STORE-AGY,45,Large,Tier_3,Standard Supermarket,1772.92
row_02431,PRD-VJARJI,19.003,Low Fat,0.0402,SNACK FOODS,40.46,STORE-AGY,45,Large,Tier_3,Standard Supermarket,786.43
row_02433,PRD-P45GAD,8.746,Low Fat,0.123,household,94.06,STORE-HL7,23,Medium,Tier_3,Superstore,1422.11
row_02434,PRD-SDX9DA,13.647,Regular,0.0,Meat,37.8,STORE-DKU,30,,Tier_2,Standard Supermarket,555.65
row_02435,PRD-Y0IY1L,,Low Fat,0.0305,Snack Foods,183.63,STORE-7WS,47,Medium,Tier_3,Flagship Hypermarket,3673.37
row_02436,PRD-2VLDQ4,6.637,Low Fat,0.0662,Hard Drinks,260.29,STORE-AGY,45,Large,Tier_3,Standard Supermarket,2850.24
row_02437,PRD-FZ61II,10.16,Regular,0.1406,Frozen Foods,136.21,STORE-9RG,28,Small,Tier_2,Standard Supermarket,3548.35
row_02438,PRD-BOVVPN,10.264,Low Fat,0.0555,HEALTH AND HYGIENE,203.41,STORE-9RG,28,Small,Tier_2,Standard Supermarket,2901.25
row_02439,PRD-9U47YU,11.164,Regular,0.0054,Fruits and Vegetables,172.19,STORE-89Z,33,Medium,Tier_1,Standard Supermarket,4132.93
row_02440,PRD-4CYXQB,,Low Fat,0.1169,SNACK FOODS,180.81,STORE-7WS,47,Medium,Tier_3,Flagship Hypermarket,7393.24
row_02446,PRD-EWB9HJ,7.425,Low Fat,0.0354,Health and Hygiene,170.82,STORE-DKU,30,,Tier_2,Standard Supermarket,2860.3
row_02447,PRD-CUZREN,13.549,Low Fat,0.057,DAIRY,253.48,STORE-HL7,23,Medium,Tier_3,Superstore,1220.67
row_02449,PRD-ZKHI80,13.459,Low Fat,0.0238,HOUSEHOLD,178.41,STORE-OYG,25,,Tier_2,Standard Supermarket,3860.07
row_02450,PRD-Z36JWB,9.639,Low Fat,0.0874,BAKING GOODS,104.17,STORE-DKU,30,,Tier_2,Standard Supermarket,1261.08
row_02451,PRD-W10HOA,6.582,Low Fat,0.041,SNACK FOODS,90.57,STORE-89Z,33,Medium,Tier_1,Standard Supermarket,1458.3
row_02452,PRD-2EZP7V,12.223,Low Fat,0.0182,HEALTH AND HYGIENE,98.5,STORE-9RG,28,Small,Tier_2,Standard Supermarket,2840.45
row_02453,PRD-FL9NP6,,Low Fat,0.056,HEALTH AND HYGIENE,56.59,STORE-7WS,47,Medium,Tier_3,Flagship Hypermarket,2591.13
row_02456,PRD-HZXGUJ,,Low Fat,0.0,dairy,52.31,STORE-T5G,47,Small,Tier_1,Corner Shop,47.83
row_02457,PRD-AANYGU,12.647,Low Fat,0.0317,snack foods,170.97,STORE-DKU,30,,Tier_2,Standard Supermarket,4690.26
row_02458,PRD-CCUG7R,6.945,Regular,0.0423,MEAT,44.08,STORE-HL7,23,Medium,Tier_3,Superstore,337.9
row_02459,PRD-CJ2XX2,8.197,Low Fat,0.0359,Fruits and Vegetables,37.02,STORE-9RG,28,Small,Tier_2,Standard Supermarket,546.81
row_02460,PRD-BAZHAK,18.88,Low Fat,0.1008,frozen foods,112.83,STORE-OYG,25,,Tier_2,Standard Supermarket,1713.23
row_02461,PRD-2LYWBI,7.19,Low Fat,0.1654,Snack Foods,96.15,STORE-DKU,30,,Tier_2,Standard Supermarket,967.05
row_02463,PRD-UPZ5JR,,Regular,0.0766,Baking Goods,201.36,STORE-7WS,47,Medium,Tier_3,Flagship Hypermarket,5675.09
row_02464,PRD-ZRMH3F,16.51,Regular,0.1225,FROZEN FOODS,180.08,STORE-89Z,33,Medium,Tier_1,Standard Supermarket,3503.11
row_02465,PRD-NI9NWR,11.791,Low Fat,0.1283,Health and Hygiene,37.89,STORE-JOR,34,,Tier_3,Corner Shop,37.0
row_02466,PRD-CU4YYJ,15.911,Low Fat,0.0752,CANNED,40.65,STORE-AGY,45,Large,Tier_3,Standard Supermarket,665.19
row_02467,PRD-V14WZZ,,Low Fat,0.0528,Health and Hygiene,197.09,STORE-T5G,47,Small,Tier_1,Corner Shop,389.88
row_02468,PRD-DN0YBY,6.067,Low Fat,0.1985,soft drinks,158.2,STORE-JOR,34,,Tier_3,Corner Shop,325.7
row_02470,PRD-994LX9,7.917,Low Fat,0.1433,DAIRY,104.4,STORE-OYG,25,,Tier_2,Standard Supermarket,623.7
row_02471,PRD-L9EKA0,6.26,Regular,0.1536,SOFT DRINKS,43.88,STORE-DKU,30,,Tier_2,Standard Supermarket,1108.25
row_02472,PRD-FVHC3D,17.727,Low Fat,0.0711,seafood,34.2,STORE-AGY,45,Large,Tier_3,Standard Supermarket,897.19
row_02473,PRD-TXA99J,11.368,Regular,0.0098,Snack Foods,221.11,STORE-HL7,23,Medium,Tier_3,Superstore,1162.43
row_02474,PRD-6C3BE3,20.27,Low Fat,0.0396,HOUSEHOLD,151.92,STORE-9RG,28,Small,Tier_2,Standard Supermarket,2530.67
row_02475,PRD-OEQXOC,10.718,Regular,0.0315,BREAKFAST,48.94,STORE-89Z,33,Medium,Tier_1,Standard Supermarket,675.03
row_02476,PRD-JRFCO7,9.377,Low Fat,0.1171,Frozen Foods,60.18,STORE-HL7,23,Medium,Tier_3,Superstore,964.34
row_02477,PRD-G1X3J1,11.919,Low Fat,0.114,SOFT DRINKS,196.81,STORE-OYG,25,,Tier_2,Standard Supermarket,4779.85
row_02479,PRD-5FDHJK,7.111,Low Fat,0.08,soft drinks,95.18,STORE-AGY,45,Large,Tier_3,Standard Supermarket,1792.81
row_02480,PRD-8CX8FG,14.494,Regular,0.0915,FROZEN FOODS,229.43,STORE-9RG,28,Small,Tier_2,Standard Supermarket,6202.97
row_02481,PRD-ZDANTN,20.756,Regular,0.0234,BAKING GOODS,239.68,STORE-89Z,33,Medium,Tier_1,Standard Supermarket,4274.63
row_02483,PRD-93TBZQ,14.649,Regular,0.0,fruits and vegetables,91.8,STORE-HL7,23,Medium,Tier_3,Superstore,1343.03
row_02484,PRD-P8BYW4,13.147,Regular,0.0237,meat,229.61,STORE-OYG,25,,Tier_2,Standard Supermarket,5346.34
row_02485,PRD-C04T2V,,Low Fat,0.0634,Household,48.36,STORE-T5G,47,Small,Tier_1,Corner Shop,148.13
row_02486,PRD-O0V3Z0,19.745,Regular,0.1699,Canned,93.8,STORE-JOR,34,,Tier_3,Corner Shop,183.61
row_02487,PRD-63RMAJ,19.397,Low Fat,0.0157,HOUSEHOLD,183.99,STORE-DKU,30,,Tier_2,Standard Supermarket,2225.98
row_02488,PRD-TUF93A,10.892,Low Fat,0.1167,fruits and vegetables,195.72,STORE-OYG,25,,Tier_2,Standard Supermarket,2911.83
row_02489,PRD-UOG5JV,10.007,Low Fat,0.0252,SNACK FOODS,212.28,STORE-DKU,30,,Tier_2,Standard Supermarket,1943.62
row_02490,PRD-MHLD93,6.336,Low Fat,0.2218,canned,204.07,STORE-JOR,34,,Tier_3,Corner Shop,424.14
row_02491,PRD-DZVGPM,21.348,Low Fat,0.0212,SOFT DRINKS,152.77,STORE-89Z,33,Medium,Tier_1,Standard Supermarket,2466.14
row_02492,PRD-94QTWZ,,Low Fat,0.1193,MEAT,183.92,STORE-7WS,47,Medium,Tier_3,Flagship Hypermarket,5156.57
row_02493,PRD-P8192C,8.311,Low Fat,0.0711,Household,214.92,STORE-OYG,25,,Tier_2,Standard Supermarket,1963.71
row_02494,PRD-Y7S361,16.125,Low Fat,0.0621,starchy foods,217.47,STORE-AGY,45,Large,Tier_3,Standard Supermarket,3606.26
row_02495,PRD-72AAVH,,Low Fat,0.0532,Meat,236.99,STORE-7WS,47,Medium,Tier_3,Flagship Hypermarket,5697.3
row_02496,PRD-8NY9QX,17.236,Low Fat,0.2441,Snack Foods,146.86,STORE-JOR,34,,Tier_3,Corner Shop,444.76
row_02498,PRD-9U47YU,11.489,Regular,0.0057,Fruits and Vegetables,169.27,STORE-9RG,28,Small,Tier_2,Standard Supermarket,2288.33
row_02499,PRD-ANEC1W,6.31,Low Fat,0.0127,FRUITS AND VEGETABLES,36.94,STORE-DKU,30,,Tier_2,Standard Supermarket,433.89
row_02501,PRD-199BRB,,Regular,0.0303,CANNED,56.42,STORE-7WS,47,Medium,Tier_3,Flagship Hypermarket,1539.64
row_02503,PRD-YE19ES,10.588,Regular,0.1247,DAIRY,118.25,STORE-AGY,45,Large,Tier_3,Standard Supermarket,3596.34
row_02505,PRD-IDKG04,8.733,Regular,0.0907,snack foods,120.81,STORE-9RG,28,Small,Tier_2,Standard Supermarket,2307.84
row_02506,PRD-MHZN3M,,Low Fat,0.0166,MEAT,139.86,STORE-7WS,47,Medium,Tier_3,Flagship Hypermarket,3021.03
row_02507,PRD-N244KO,,Low Fat,0.0345,snack foods,217.18,STORE-7WS,47,Medium,Tier_3,Flagship Hypermarket,4088.1
row_02509,PRD-LQK65V,,Low Fat,0.0426,Snack Foods,126.56,STORE-7WS,47,Medium,Tier_3,Flagship Hypermarket,3840.75
row_02510,PRD-GLFRI8,8.241,Low Fat,0.022,breakfast,225.45,STORE-AGY,45,Large,Tier_3,Standard Supermarket,2610.45
row_02511,PRD-FGQJFY,7.69,Regular,0.1647,Baking Goods,35.38,STORE-DKU,30,,Tier_2,Standard Supermarket,339.56
row_02513,PRD-FIFS27,,Low Fat,0.0521,Household,128.29,STORE-7WS,47,Medium,Tier_3,Flagship Hypermarket,4876.08
row_02515,PRD-5OIBGD,16.929,Low Fat,0.0995,Snack Foods,157.61,STORE-AGY,45,Large,Tier_3,Standard Supermarket,2888.71
row_02516,PRD-Z3POTF,9.268,Regular,0.0515,Canned,148.87,STORE-DKU,30,,Tier_2,Standard Supermarket,4357.32
row_02517,PRD-3NP4VY,,Low Fat,0.0719,HEALTH AND HYGIENE,34.02,STORE-T5G,47,Small,Tier_1,Corner Shop,34.32
row_02518,PRD-Z3PM7V,19.695,Regular,0.0942,meat,176.52,STORE-DKU,30,,Tier_2,Standard Supermarket,3932.23
row_02521,PRD-CVE6PR,15.43,Low Fat,0.0719,SOFT DRINKS,93.09,STORE-9RG,28,Small,Tier_2,Standard Supermarket,1075.05
row_02524,PRD-1FT8J9,,Low Fat,0.2626,Health and Hygiene,217.4,STORE-T5G,47,Small,Tier_1,Corner Shop,690.79
row_02525,PRD-54S8AG,18.273,Regular,0.1751,dairy,109.15,STORE-9RG,28,Small,Tier_2,Standard Supermarket,1264.23
row_02526,PRD-PCUYHY,15.028,Low Fat,0.0978,BAKING GOODS,160.69,STORE-9RG,28,Small,Tier_2,Standard Supermarket,2744.51
row_02527,PRD-AMZHR6,7.685,Low Fat,0.1598,Health and Hygiene,83.91,STORE-DKU,30,,Tier_2,Standard Supermarket,1592.46
row_02528,PRD-3KSWI6,20.476,Regular,0.0123,Canned,183.16,STORE-OYG,25,,Tier_2,Standard Supermarket,2310.45
row_02529,PRD-2HPNW1,9.246,Regular,0.0443,frozen foods,60.48,STORE-OYG,25,,Tier_2,Standard Supermarket,906.13
row_02532,PRD-UHZ6A8,9.566,Low Fat,0.0409,HARD DRINKS,121.9,STORE-89Z,33,Medium,Tier_1,Standard Supermarket,1828.45
row_02533,PRD-2MR4FX,17.651,Low Fat,0.0178,HEALTH AND HYGIENE,95.02,STORE-89Z,33,Medium,Tier_1,Standard Supermarket,877.42
row_02535,PRD-AMZHR6,7.685,Low Fat,0.1566,Health and Hygiene,87.5,STORE-HL7,23,Medium,Tier_3,Superstore,1271.25
row_02538,PRD-2RFKBT,8.435,Low Fat,0.0525,Household,144.58,STORE-DKU,30,,Tier_2,Standard Supermarket,2016.42
row_02539,PRD-LKS9L3,,Regular,0.0471,baking goods,222.52,STORE-7WS,47,Medium,Tier_3,Flagship Hypermarket,4703.05
row_02540,PRD-0Y2EFZ,15.942,Regular,0.1181,Canned,116.28,STORE-9RG,28,Small,Tier_2,Standard Supermarket,3245.82
row_02541,PRD-S3JKV0,,Regular,0.0684,Dairy,57.75,STORE-7WS,47,Medium,Tier_3,Flagship Hypermarket,2115.83
row_02542,PRD-ZE84LM,7.141,Low Fat,0.0388,FROZEN FOODS,95.91,STORE-JOR,34,,Tier_3,Corner Shop,286.83
row_02543,PRD-7F4S1U,,Regular,0.1373,FRUITS AND VEGETABLES,172.43,STORE-7WS,47,Medium,Tier_3,Flagship Hypermarket,4307.6
row_02544,PRD-P6SDYY,19.823,Regular,0.0676,MEAT,168.13,STORE-YLW,35,Small,Tier_1,Standard Supermarket,1400.58
row_02545,PRD-NI9NWR,,Low Fat,0.0767,HEALTH AND HYGIENE,40.0,STORE-7WS,47,Medium,Tier_3,Flagship Hypermarket,1464.91
row_02546,PRD-61J4BY,20.77,Low Fat,0.0115,HOUSEHOLD,158.05,STORE-AGY,45,Large,Tier_3,Standard Supermarket,4336.75
row_02548,PRD-0UQYHD,16.106,Low Fat,0.0,household,115.27,STORE-OYG,25,,Tier_2,Standard Supermarket,3229.81
row_02549,PRD-OAEDOE,13.216,Low Fat,0.0,Dairy,77.13,STORE-OYG,25,,Tier_2,Standard Supermarket,1452.53
row_02550,PRD-GIHADO,13.348,Regular,0.051,FROZEN FOODS,107.75,STORE-9RG,28,Small,Tier_2,Standard Supermarket,2033.78
row_02551,PRD-Y6X573,6.205,Low Fat,0.0803,Others,142.12,STORE-YLW,35,Small,Tier_1,Standard Supermarket,1425.69
row_02552,PRD-5K9MLE,12.123,Low Fat,0.1643,household,122.32,STORE-89Z,33,Medium,Tier_1,Standard Supermarket,2205.6
row_02553,PRD-EWQGAD,,Regular,0.0331,canned,188.69,STORE-9RG,28,Small,Tier_2,Standard Supermarket,4265.12
row_02554,PRD-5AH9WE,18.774,Low Fat,0.1548,Household,186.37,STORE-JOR,34,,Tier_3,Corner Shop,751.66
row_02555,PRD-MHBMBN,9.757,Regular,0.0397,snack foods,125.78,STORE-OYG,25,,Tier_2,Standard Supermarket,610.82
row_02556,PRD-6O0HUH,20.785,Regular,0.0142,Fruits and Vegetables,240.82,STORE-9RG,28,Small,Tier_2,Standard Supermarket,2449.49
row_02557,PRD-3VXDO3,7.627,Regular,0.1486,FRUITS AND VEGETABLES,116.98,STORE-JOR,34,,Tier_3,Corner Shop,121.48
row_02559,PRD-U3BDL2,,Regular,0.0552,Breads,125.32,STORE-7WS,47,Medium,Tier_3,Flagship Hypermarket,4977.18
row_02560,PRD-MS2LEL,19.208,Low Fat,0.1173,SNACK FOODS,219.6,STORE-DKU,30,,Tier_2,Standard Supermarket,1779.31
row_02561,PRD-N3R81D,18.722,Regular,0.0888,Frozen Foods,183.26,STORE-AGY,45,Large,Tier_3,Standard Supermarket,3830.48
row_02562,PRD-B9UOE3,20.865,Low Fat,0.1633,Snack Foods,180.41,STORE-DKU,30,,Tier_2,Standard Supermarket,3065.43
row_02563,PRD-UP3HR2,8.619,Low Fat,0.1136,fruits and vegetables,92.08,STORE-AGY,45,Large,Tier_3,Standard Supermarket,1505.3
row_02564,PRD-FZTVOV,8.587,Low Fat,0.0725,SNACK FOODS,203.22,STORE-AGY,45,Large,Tier_3,Standard Supermarket,2040.07
row_02565,PRD-4KDSBS,6.214,Low Fat,0.0474,baking goods,98.23,STORE-9RG,28,Small,Tier_2,Standard Supermarket,2122.37
row_02566,PRD-IY3X80,11.81,Low Fat,0.113,Baking Goods,227.81,STORE-YLW,35,Small,Tier_1,Standard Supermarket,5092.25
row_02567,PRD-9YFZQL,9.988,Low Fat,0.1091,Snack Foods,146.36,STORE-AGY,45,Large,Tier_3,Standard Supermarket,2155.15
row_02568,PRD-76CI5F,9.935,Low Fat,0.0296,Health and Hygiene,148.8,STORE-DKU,30,,Tier_2,Standard Supermarket,2921.62
row_02570,PRD-X497W1,10.76,Low Fat,0.0472,Hard Drinks,157.67,STORE-9RG,28,Small,Tier_2,Standard Supermarket,2268.3
row_02571,PRD-QIRRQA,10.856,Low Fat,0.0819,Dairy,188.46,STORE-OYG,25,,Tier_2,Standard Supermarket,2821.65
row_02572,PRD-G52EFU,16.404,Low Fat,0.0581,Fruits and Vegetables,125.13,STORE-HL7,23,Medium,Tier_3,Superstore,1151.88
row_02573,PRD-54S8AG,18.74,Regular,0.1848,Dairy,111.39,STORE-HL7,23,Medium,Tier_3,Superstore,1803.12
row_02574,PRD-4B2PMS,20.265,Low Fat,0.0253,health and hygiene,146.12,STORE-OYG,25,,Tier_2,Standard Supermarket,452.33
row_02575,PRD-XCFTUX,,Low Fat,0.0331,Canned,190.73,STORE-T5G,47,Small,Tier_1,Corner Shop,719.4
row_02576,PRD-VI7F16,9.599,Regular,0.0746,SNACK FOODS,115.86,STORE-9RG,28,Small,Tier_2,Standard Supermarket,835.04
row_02578,PRD-HC0BPN,10.277,Regular,0.0611,fruits and vegetables,194.57,STORE-89Z,33,Medium,Tier_1,Standard Supermarket,5167.24
row_02579,PRD-8VF3SM,16.953,Regular,0.0289,Canned,85.59,STORE-AGY,45,Large,Tier_3,Standard Supermarket,706.31
row_02580,PRD-KFRZWZ,12.999,Low Fat,0.119,meat,54.78,STORE-JOR,34,,Tier_3,Corner Shop,416.01
row_02583,PRD-BTN76M,17.538,Low Fat,0.1709,FRUITS AND VEGETABLES,116.3,STORE-9RG,28,Small,Tier_2,Standard Supermarket,3462.39
row_02585,PRD-8Q2Y4P,8.853,Regular,0.0664,Breakfast,55.15,STORE-YLW,35,Small,Tier_1,Standard Supermarket,1554.96
row_02586,PRD-JWTV3N,,Low Fat,0.0532,Frozen Foods,89.37,STORE-7WS,47,Medium,Tier_3,Flagship Hypermarket,2056.49
row_02587,PRD-KD6FLE,,Low Fat,0.0233,Soft Drinks,194.81,STORE-7WS,47,Medium,Tier_3,Flagship Hypermarket,9803.38
row_02588,PRD-I64XLY,11.92,Low Fat,0.0408,FRUITS AND VEGETABLES,190.0,STORE-OYG,25,,Tier_2,Standard Supermarket,3973.76
row_02589,PRD-78TW48,,Regular,0.0114,Snack Foods,182.94,STORE-7WS,47,Medium,Tier_3,Flagship Hypermarket,5143.23
row_02590,PRD-M2AOBR,18.845,Low Fat,0.012,household,125.55,STORE-9RG,28,Small,Tier_2,Standard Supermarket,2417.59
row_02591,PRD-FL9NP6,7.634,Low Fat,0.0529,Health and Hygiene,59.86,STORE-HL7,23,Medium,Tier_3,Superstore,505.2
row_02592,PRD-T14KTM,11.424,Low Fat,0.0328,Health and Hygiene,161.91,STORE-AGY,45,Large,Tier_3,Standard Supermarket,1462.51
row_02593,PRD-Z3PM7V,19.631,Regular,0.0921,MEAT,174.51,STORE-9RG,28,Small,Tier_2,Standard Supermarket,3292.92
row_02594,PRD-DN0YBY,6.136,Low Fat,0.1172,Soft Drinks,157.67,STORE-HL7,23,Medium,Tier_3,Superstore,622.63
row_02595,PRD-Q4NM8R,8.784,Low Fat,0.146,Frozen Foods,61.39,STORE-HL7,23,Medium,Tier_3,Superstore,1116.71
row_02596,PRD-AQ6L6G,6.147,Low Fat,0.0,soft drinks,114.82,STORE-YLW,35,Small,Tier_1,Standard Supermarket,2352.89
row_02597,PRD-E5BLYU,12.536,Regular,0.0599,SNACK FOODS,57.53,STORE-DKU,30,,Tier_2,Standard Supermarket,602.2
row_02598,PRD-PZPHJM,,Regular,0.1662,Snack Foods,140.48,STORE-HL7,23,Medium,Tier_3,Superstore,1617.64
row_02599,PRD-J5B4CP,,Low Fat,0.1105,Breads,122.73,STORE-7WS,47,Medium,Tier_3,Flagship Hypermarket,3092.85
row_02600,PRD-DYYVDQ,19.271,Regular,0.0,Canned,151.56,STORE-OYG,25,,Tier_2,Standard Supermarket,3227.13
row_02601,PRD-FNO6B9,8.155,Regular,0.1318,soft drinks,189.4,STORE-YLW,35,Small,Tier_1,Standard Supermarket,4617.82
row_02602,PRD-8S2XEM,12.327,Regular,0.039,Fruits and Vegetables,111.19,STORE-89Z,33,Medium,Tier_1,Standard Supermarket,1244.21
row_02603,PRD-M9YX0J,11.878,Regular,0.0789,snack foods,34.71,STORE-89Z,33,Medium,Tier_1,Standard Supermarket,355.48
row_02604,PRD-CC46C1,19.786,Regular,0.1159,Baking Goods,195.56,STORE-9RG,28,Small,Tier_2,Standard Supermarket,2875.5
row_02605,PRD-WKDRX0,,Regular,0.1054,Meat,43.96,STORE-T5G,47,Small,Tier_1,Corner Shop,129.19
row_02608,PRD-7F4S1U,7.542,Regular,0.1392,FRUITS AND VEGETABLES,174.57,STORE-HL7,23,Medium,Tier_3,Superstore,2150.34
row_02609,PRD-OOQHSF,6.2,Low Fat,0.0314,Household,111.61,STORE-89Z,33,Medium,Tier_1,Standard Supermarket,1580.22
row_02610,PRD-0DTSNL,9.183,Low Fat,0.0324,HOUSEHOLD,102.3,STORE-OYG,25,,Tier_2,Standard Supermarket,1105.8
row_02611,PRD-UP3HR2,8.563,Low Fat,0.1109,FRUITS AND VEGETABLES,98.04,STORE-HL7,23,Medium,Tier_3,Superstore,577.51
row_02614,PRD-V3ISY0,11.434,Low Fat,0.01,HEALTH AND HYGIENE,46.28,STORE-YLW,35,Small,Tier_1,Standard Supermarket,1304.67
row_02615,PRD-95CTT5,,Low Fat,0.0672,FRUITS AND VEGETABLES,194.92,STORE-7WS,47,Medium,Tier_3,Flagship Hypermarket,7716.62
row_02616,PRD-Q51250,16.307,Low Fat,0.0,Household,216.79,STORE-DKU,30,,Tier_2,Standard Supermarket,3720.63
row_02617,PRD-KE6H76,8.104,Regular,0.0482,baking goods,100.0,STORE-JOR,34,,Tier_3,Corner Shop,191.5
row_02618,PRD-Q7WI57,,Low Fat,0.0422,Fruits and Vegetables,39.3,STORE-7WS,47,Medium,Tier_3,Flagship Hypermarket,1292.95
row_02619,PRD-YP5JO3,,Regular,0.0727,dairy,212.12,STORE-7WS,47,Medium,Tier_3,Flagship Hypermarket,3433.82
row_02620,PRD-HEZ5ED,16.841,Low Fat,0.1332,Hard Drinks,168.25,STORE-AGY,45,Large,Tier_3,Standard Supermarket,2945.89
row_02622,PRD-BJPI4H,6.733,Low Fat,0.0133,SOFT DRINKS,124.3,STORE-9RG,28,Small,Tier_2,Standard Supermarket,2937.65
row_02624,PRD-QE536X,7.443,Low Fat,0.1566,fruits and vegetables,94.79,STORE-JOR,34,,Tier_3,Corner Shop,93.12
row_02625,PRD-6CJDKQ,17.775,Low Fat,0.0933,fruits and vegetables,202.41,STORE-DKU,30,,Tier_2,Standard Supermarket,3162.65
row_02626,PRD-C5OAOO,7.333,Low Fat,0.1259,Others,142.39,STORE-HL7,23,Medium,Tier_3,Superstore,2201.49
row_02629,PRD-NAMSQE,12.516,Regular,0.1776,Baking Goods,75.67,STORE-AGY,45,Large,Tier_3,Standard Supermarket,2279.21
row_02630,PRD-LAVSML,12.007,Low Fat,0.0405,FRUITS AND VEGETABLES,182.88,STORE-YLW,35,Small,Tier_1,Standard Supermarket,1661.87
row_02631,PRD-90O7Y2,15.807,Low Fat,0.0983,SOFT DRINKS,199.44,STORE-HL7,23,Medium,Tier_3,Superstore,3802.91
row_02633,PRD-JXVIHM,19.139,Low Fat,0.026,Household,130.88,STORE-YLW,35,Small,Tier_1,Standard Supermarket,2845.9
row_02634,PRD-U2ROEM,15.538,Regular,0.0833,CANNED,218.73,STORE-DKU,30,,Tier_2,Standard Supermarket,1080.43
row_02635,PRD-9RIGPP,20.978,Low Fat,0.0503,Fruits and Vegetables,38.6,STORE-AGY,45,Large,Tier_3,Standard Supermarket,232.08
row_02636,PRD-P1PFDI,17.85,Low Fat,0.1139,others,108.79,STORE-YLW,35,Small,Tier_1,Standard Supermarket,1542.08
row_02637,PRD-9P452B,8.874,Low Fat,0.1315,Hard Drinks,232.78,STORE-JOR,34,,Tier_3,Corner Shop,464.58
row_02638,PRD-07NNDG,10.08,Regular,0.0477,FROZEN FOODS,261.47,STORE-89Z,33,Medium,Tier_1,Standard Supermarket,3976.81
row_02639,PRD-C04T2V,13.002,Low Fat,0.0343,Household,49.02,STORE-HL7,23,Medium,Tier_3,Superstore,893.25
row_02640,PRD-DPF1H3,9.581,Low Fat,0.0755,Snack Foods,252.75,STORE-HL7,23,Medium,Tier_3,Superstore,780.55
row_02641,PRD-OWOT0V,12.392,Regular,0.0421,CANNED,123.41,STORE-AGY,45,Large,Tier_3,Standard Supermarket,379.11
row_02642,PRD-EU4L5G,15.484,Regular,0.1013,fruits and vegetables,193.96,STORE-OYG,25,,Tier_2,Standard Supermarket,3299.44
row_02643,PRD-Q8LYYX,11.931,Regular,0.0769,frozen foods,171.83,STORE-DKU,30,,Tier_2,Standard Supermarket,2323.12
row_02644,PRD-9S9WWR,16.379,Regular,0.0786,FRUITS AND VEGETABLES,100.69,STORE-89Z,33,Medium,Tier_1,Standard Supermarket,1821.66
row_02645,PRD-N2D7GY,18.272,Low Fat,0.0315,Others,183.06,STORE-YLW,35,Small,Tier_1,Standard Supermarket,2276.6
row_02647,PRD-QCMSWD,8.499,Low Fat,0.0091,FROZEN FOODS,95.39,STORE-YLW,35,Small,Tier_1,Standard Supermarket,1143.12
row_02649,PRD-FHKP7I,16.981,Regular,0.012,Canned,166.93,STORE-AGY,45,Large,Tier_3,Standard Supermarket,994.19
row_02651,PRD-U0CRF5,,Regular,0.0243,Fruits and Vegetables,189.76,STORE-7WS,47,Medium,Tier_3,Flagship Hypermarket,5819.58
row_02652,PRD-N9CUWJ,9.667,Low Fat,0.0363,SNACK FOODS,238.31,STORE-YLW,35,Small,Tier_1,Standard Supermarket,1881.99
row_02653,PRD-2YAZQT,,Regular,0.1449,frozen foods,51.33,STORE-T5G,47,Small,Tier_1,Corner Shop,146.19
row_02654,PRD-DQYUN3,10.007,Low Fat,0.0462,hard drinks,60.85,STORE-AGY,45,Large,Tier_3,Standard Supermarket,490.52
row_02655,PRD-CC46C1,19.891,Regular,0.113,baking goods,196.65,STORE-DKU,30,,Tier_2,Standard Supermarket,3202.21
row_02657,PRD-UDD467,,Low Fat,0.0509,Dairy,153.52,STORE-T5G,47,Small,Tier_1,Corner Shop,150.93
row_02658,PRD-1Z0SHZ,,Low Fat,0.0166,fruits and vegetables,213.17,STORE-7WS,47,Medium,Tier_3,Flagship Hypermarket,6742.95
row_02660,PRD-UPZ5JR,19.952,Regular,0.0,Baking Goods,201.17,STORE-DKU,30,,Tier_2,Standard Supermarket,1726.23
row_02661,PRD-BF1I3L,14.887,Low Fat,0.1502,soft drinks,47.69,STORE-DKU,30,,Tier_2,Standard Supermarket,1398.67
row_02662,PRD-3OZLL1,6.293,Low Fat,0.1415,Snack Foods,128.93,STORE-9RG,28,Small,Tier_2,Standard Supermarket,1026.15
row_02663,PRD-85W6UY,,Low Fat,0.317,Fruits and Vegetables,100.55,STORE-T5G,47,Small,Tier_1,Corner Shop,209.43
row_02664,PRD-Y7T0DJ,14.019,Low Fat,0.1269,FRUITS AND VEGETABLES,87.6,STORE-HL7,23,Medium,Tier_3,Superstore,1143.25
row_02665,PRD-VHS1K3,13.44,Low Fat,0.0299,soft drinks,143.58,STORE-HL7,23,Medium,Tier_3,Superstore,1785.05
row_02666,PRD-7U00JT,,Low Fat,0.0,seafood,110.84,STORE-7WS,47,Medium,Tier_3,Flagship Hypermarket,1835.64
row_02667,PRD-RMBF82,9.331,Regular,0.0352,Fruits and Vegetables,171.9,STORE-OYG,25,,Tier_2,Standard Supermarket,3582.46
row_02668,PRD-CU4YYJ,,Low Fat,0.0806,canned,40.54,STORE-7WS,47,Medium,Tier_3,Flagship Hypermarket,714.41
row_02671,PRD-PKT9A9,15.074,Regular,0.0563,Canned,57.89,STORE-HL7,23,Medium,Tier_3,Superstore,657.84
row_02673,PRD-IQSUHA,,Regular,0.0281,CANNED,157.92,STORE-7WS,47,Medium,Tier_3,Flagship Hypermarket,3430.31
row_02676,PRD-2PCIGY,7.763,Low Fat,0.086,fruits and vegetables,60.62,STORE-89Z,33,Medium,Tier_1,Standard Supermarket,752.62
row_02677,PRD-MNEL25,17.4,Regular,0.0479,snack foods,124.31,STORE-89Z,33,Medium,Tier_1,Standard Supermarket,2681.51
row_02678,PRD-D7J32F,,Low Fat,0.0817,Fruits and Vegetables,146.1,STORE-7WS,47,Medium,Tier_3,Flagship Hypermarket,4314.9
row_02679,PRD-X1M5E8,,Low Fat,0.0444,snack foods,176.15,STORE-T5G,47,Small,Tier_1,Corner Shop,169.92
row_02680,PRD-OE45D1,,Low Fat,0.0264,Canned,260.28,STORE-7WS,47,Medium,Tier_3,Flagship Hypermarket,7490.4
row_02681,PRD-QVRR9A,7.692,Low Fat,0.0641,HARD DRINKS,224.03,STORE-YLW,35,Small,Tier_1,Standard Supermarket,1842.88
row_02682,PRD-UE8YM7,20.416,Low Fat,0.0426,DAIRY,177.13,STORE-HL7,23,Medium,Tier_3,Superstore,3522.24
row_02683,PRD-IF1HEB,19.052,Low Fat,0.0965,Fruits and Vegetables,240.79,STORE-DKU,30,,Tier_2,Standard Supermarket,2153.79
row_02684,PRD-LJKPHC,18.013,Regular,0.0963,Fruits and Vegetables,83.16,STORE-AGY,45,Large,Tier_3,Standard Supermarket,1143.67
row_02685,PRD-LI16DH,,Low Fat,0.0183,frozen foods,255.97,STORE-7WS,47,Medium,Tier_3,Flagship Hypermarket,4594.66
row_02686,PRD-9S9WWR,16.243,Regular,0.1372,fruits and vegetables,102.19,STORE-JOR,34,,Tier_3,Corner Shop,106.65
row_02687,PRD-6RDQYB,10.21,Regular,0.0121,meat,195.49,STORE-YLW,35,Small,Tier_1,Standard Supermarket,560.78
row_02688,PRD-45BA89,,Regular,0.0859,Frozen Foods,154.86,STORE-7WS,47,Medium,Tier_3,Flagship Hypermarket,2902.75
row_02689,PRD-KYKIRT,8.154,Low Fat,0.1333,Fruits and Vegetables,205.05,STORE-9RG,28,Small,Tier_2,Standard Supermarket,6487.87
row_02690,PRD-3KI24S,17.612,Low Fat,0.0154,Household,183.74,STORE-YLW,35,Small,Tier_1,Standard Supermarket,3356.6
row_02692,PRD-KYAFJ4,6.496,Low Fat,0.0851,fruits and vegetables,126.37,STORE-OYG,25,,Tier_2,Standard Supermarket,1712.03
row_02693,PRD-GHO6AC,7.796,Regular,0.0679,snack foods,95.53,STORE-YLW,35,Small,Tier_1,Standard Supermarket,1559.66
row_02694,PRD-1FO2WB,8.28,Regular,0.024,Frozen Foods,112.44,STORE-YLW,35,Small,Tier_1,Standard Supermarket,2279.82
row_02695,PRD-6NJ4OG,7.811,Low Fat,0.1902,snack foods,148.63,STORE-JOR,34,,Tier_3,Corner Shop,308.01
row_02696,PRD-8KE2WT,16.442,Regular,0.0505,frozen foods,123.42,STORE-OYG,25,,Tier_2,Standard Supermarket,1727.9
row_02697,PRD-AFT69N,11.59,Regular,0.0141,Frozen Foods,180.06,STORE-OYG,25,,Tier_2,Standard Supermarket,2713.5
row_02698,PRD-08I4W0,,Low Fat,0.1503,Baking Goods,37.86,STORE-T5G,47,Small,Tier_1,Corner Shop,37.43
row_02699,PRD-VLTBHO,16.802,Low Fat,0.1582,Meat,159.41,STORE-YLW,35,Small,Tier_1,Standard Supermarket,1312.56
row_02701,PRD-HCW81X,,Low Fat,0.0185,hard drinks,149.6,STORE-T5G,47,Small,Tier_1,Corner Shop,442.3
row_02702,PRD-AQ6L6G,5.991,Low Fat,0.0767,Soft Drinks,116.17,STORE-89Z,33,Medium,Tier_1,Standard Supermarket,994.68
row_02703,PRD-1NG2QG,7.627,Regular,0.153,frozen foods,154.78,STORE-YLW,35,Small,Tier_1,Standard Supermarket,915.76
row_02704,PRD-WM8LSW,15.962,Low Fat,0.0735,baking goods,247.44,STORE-DKU,30,,Tier_2,Standard Supermarket,2008.89
row_02706,PRD-8YT0FG,10.723,Low Fat,0.022,Health and Hygiene,249.12,STORE-HL7,23,Medium,Tier_3,Superstore,4996.69
row_02707,PRD-7CG8W1,19.947,Regular,0.0295,Canned,85.97,STORE-9RG,28,Small,Tier_2,Standard Supermarket,2222.1
row_02708,PRD-CZ2O8N,15.125,Regular,0.0252,BAKING GOODS,83.62,STORE-89Z,33,Medium,Tier_1,Standard Supermarket,1902.7
row_02710,PRD-8INI8M,,Regular,0.1271,snack foods,86.43,STORE-7WS,47,Medium,Tier_3,Flagship Hypermarket,3231.22
row_02711,PRD-7IOABT,,Low Fat,0.0894,frozen foods,149.37,STORE-89Z,33,Medium,Tier_1,Standard Supermarket,1987.88
row_02713,PRD-K1DZCJ,7.346,Low Fat,0.0951,Household,253.58,STORE-OYG,25,,Tier_2,Standard Supermarket,1476.81
row_02715,PRD-199BRB,13.855,Regular,0.0315,Canned,53.84,STORE-OYG,25,,Tier_2,Standard Supermarket,793.87
row_02717,PRD-3FFZLS,,Low Fat,0.023,fruits and vegetables,124.16,STORE-7WS,47,Medium,Tier_3,Flagship Hypermarket,2495.17
row_02718,PRD-BXIITA,12.453,Low Fat,0.0066,others,124.82,STORE-AGY,45,Large,Tier_3,Standard Supermarket,2691.38
row_02719,PRD-192YWO,12.476,Low Fat,0.0267,Canned,57.84,STORE-DKU,30,,Tier_2,Standard Supermarket,800.45
row_02720,PRD-OUWR61,8.281,Regular,0.0397,DAIRY,86.15,STORE-HL7,23,Medium,Tier_3,Superstore,931.03
row_02721,PRD-VTZDFX,16.345,Regular,0.0631,Baking Goods,100.73,STORE-HL7,23,Medium,Tier_3,Superstore,2512.24
row_02722,PRD-WU16HY,8.621,Low Fat,0.1059,DAIRY,41.42,STORE-YLW,35,Small,Tier_1,Standard Supermarket,1531.51
row_02723,PRD-YM6IER,7.686,Regular,0.0318,Fruits and Vegetables,122.64,STORE-AGY,45,Large,Tier_3,Standard Supermarket,1156.77
row_02724,PRD-VG9YSQ,13.173,Regular,0.0955,Frozen Foods,197.35,STORE-89Z,33,Medium,Tier_1,Standard Supermarket,4260.46
row_02725,PRD-2RL15F,9.947,Low Fat,0.1082,Hard Drinks,113.32,STORE-HL7,23,Medium,Tier_3,Superstore,462.04
row_02727,PRD-CSMCMC,10.792,Regular,0.0101,Dairy,126.24,STORE-AGY,45,Large,Tier_3,Standard Supermarket,1213.71
row_02728,PRD-4AWTY0,9.499,Low Fat,0.0,Hard Drinks,195.19,STORE-DKU,30,,Tier_2,Standard Supermarket,2890.82
row_02729,PRD-SWX1JP,9.779,Low Fat,0.0459,Baking Goods,96.74,STORE-9RG,28,Small,Tier_2,Standard Supermarket,2449.78
row_02730,PRD-AK5AGE,10.911,Low Fat,0.0404,health and hygiene,185.37,STORE-OYG,25,,Tier_2,Standard Supermarket,1676.95
row_02731,PRD-0GW31G,8.907,Regular,0.0083,Frozen Foods,82.56,STORE-AGY,45,Large,Tier_3,Standard Supermarket,2243.93
row_02732,PRD-L6HYC1,7.163,Regular,0.1509,Snack Foods,102.02,STORE-DKU,30,,Tier_2,Standard Supermarket,1594.97
row_02733,PRD-ANEC1W,6.389,Low Fat,0.0126,FRUITS AND VEGETABLES,37.0,STORE-HL7,23,Medium,Tier_3,Superstore,179.39
row_02734,PRD-QT4HS0,21.151,Low Fat,0.0074,Snack Foods,106.26,STORE-9RG,28,Small,Tier_2,Standard Supermarket,1691.61
row_02735,PRD-25KFBO,19.418,Regular,0.0269,Fruits and Vegetables,142.75,STORE-YLW,35,Small,Tier_1,Standard Supermarket,850.07
row_02736,PRD-20AP4V,20.072,Low Fat,0.0233,Household,107.62,STORE-YLW,35,Small,Tier_1,Standard Supermarket,1530.22
row_02737,PRD-U652FY,8.484,Regular,0.0293,CANNED,175.22,STORE-89Z,33,Medium,Tier_1,Standard Supermarket,2346.48
row_02739,PRD-7Y9HQQ,12.572,Low Fat,0.0,STARCHY FOODS,256.06,STORE-HL7,23,Medium,Tier_3,Superstore,3847.22
row_02740,PRD-XUIY0X,13.926,Low Fat,0.0415,Starchy Foods,179.94,STORE-9RG,28,Small,Tier_2,Standard Supermarket,5294.67
row_02741,PRD-GOAVWS,11.8,Low Fat,0.0466,Snack Foods,120.66,STORE-DKU,30,,Tier_2,Standard Supermarket,475.23
row_02742,PRD-OFGVRE,6.74,Regular,0.0295,baking goods,66.36,STORE-OYG,25,,Tier_2,Standard Supermarket,1087.03
row_02743,PRD-V5MOIJ,,Regular,0.0744,Canned,43.77,STORE-T5G,47,Small,Tier_1,Corner Shop,128.28
row_02744,PRD-DTQLBZ,14.12,Regular,0.2111,Baking Goods,104.65,STORE-JOR,34,,Tier_3,Corner Shop,209.79
row_02745,PRD-6Z8VBH,5.928,Low Fat,0.0745,hard drinks,54.74,STORE-89Z,33,Medium,Tier_1,Standard Supermarket,335.79
row_02746,PRD-3HGG9C,,Low Fat,0.0988,Household,187.68,STORE-7WS,47,Medium,Tier_3,Flagship Hypermarket,7129.61
row_02747,PRD-YX3CXX,12.253,Low Fat,0.0478,Breads,63.44,STORE-OYG,25,,Tier_2,Standard Supermarket,899.35
row_02748,PRD-75I63R,9.239,Regular,0.0615,frozen foods,87.44,STORE-DKU,30,,Tier_2,Standard Supermarket,1695.15
row_02749,PRD-TFIUHP,12.941,Low Fat,0.078,Fruits and Vegetables,94.92,STORE-HL7,23,Medium,Tier_3,Superstore,1443.77
row_02750,PRD-CM8SJU,,Low Fat,0.0404,OTHERS,151.24,STORE-T5G,47,Small,Tier_1,Corner Shop,147.38
row_02751,PRD-JFXKHA,20.12,Regular,0.122,SNACK FOODS,91.98,STORE-YLW,35,Small,Tier_1,Standard Supermarket,1844.47
row_02752,PRD-9AHEJ8,8.631,Low Fat,0.1012,Dairy,39.46,STORE-DKU,30,,Tier_2,Standard Supermarket,632.37
row_02753,PRD-LCSXU1,11.885,Regular,0.0591,BAKING GOODS,171.37,STORE-OYG,25,,Tier_2,Standard Supermarket,1318.02
row_02754,PRD-Y0VDVE,,Low Fat,0.0792,dairy,239.43,STORE-T5G,47,Small,Tier_1,Corner Shop,493.73
row_02755,PRD-HZXGUJ,7.72,Low Fat,0.0168,dairy,51.79,STORE-OYG,25,,Tier_2,Standard Supermarket,494.44
row_02756,PRD-K9LSG4,,Low Fat,0.0563,SNACK FOODS,115.36,STORE-7WS,47,Medium,Tier_3,Flagship Hypermarket,1415.93
row_02759,PRD-OI1003,16.938,Low Fat,0.0472,Household,174.82,STORE-JOR,34,,Tier_3,Corner Shop,349.65
row_02760,PRD-CXN22P,,Low Fat,0.1569,Dairy,97.64,STORE-T5G,47,Small,Tier_1,Corner Shop,99.73
row_02761,PRD-192YWO,12.538,Low Fat,0.026,Canned,57.87,STORE-89Z,33,Medium,Tier_1,Standard Supermarket,962.63
row_02762,PRD-M2PZNT,14.51,Low Fat,0.0204,others,162.51,STORE-AGY,45,Large,Tier_3,Standard Supermarket,2219.96
row_02763,PRD-0IFJNT,13.11,Low Fat,0.0733,Dairy,170.3,STORE-DKU,30,,Tier_2,Standard Supermarket,1469.29
row_02764,PRD-6D4HQC,7.009,Low Fat,0.0872,snack foods,108.93,STORE-DKU,30,,Tier_2,Standard Supermarket,1306.44
row_02765,PRD-HFH2XF,,Regular,0.0743,BREADS,109.29,STORE-T5G,47,Small,Tier_1,Corner Shop,104.6
row_02766,PRD-0JGL4C,,Regular,0.1353,Canned,41.36,STORE-7WS,47,Medium,Tier_3,Flagship Hypermarket,951.88
row_02767,PRD-4KDSBS,6.303,Low Fat,0.0485,Baking Goods,100.87,STORE-HL7,23,Medium,Tier_3,Superstore,1751.8
row_02769,PRD-T5J284,13.356,Regular,0.1429,SNACK FOODS,182.96,STORE-DKU,30,,Tier_2,Standard Supermarket,912.38
row_02770,PRD-7R37F7,10.789,Regular,0.0242,fruits and vegetables,216.03,STORE-DKU,30,,Tier_2,Standard Supermarket,3238.21
row_02771,PRD-1UBYH8,7.861,Low Fat,0.0605,Breakfast,170.0,STORE-OYG,25,,Tier_2,Standard Supermarket,2012.62
row_02774,PRD-444NK0,4.997,Regular,0.0619,Meat,127.35,STORE-9RG,28,Small,Tier_2,Standard Supermarket,2984.3
row_02775,PRD-T0HICC,13.784,Low Fat,0.1193,Snack Foods,194.63,STORE-AGY,45,Large,Tier_3,Standard Supermarket,5418.9
row_02777,PRD-XLZYOB,6.211,Low Fat,0.0077,frozen foods,62.5,STORE-DKU,30,,Tier_2,Standard Supermarket,1168.2
row_02779,PRD-IF1HEB,18.877,Low Fat,0.095,Fruits and Vegetables,228.56,STORE-HL7,23,Medium,Tier_3,Superstore,1579.48
row_02780,PRD-0ZYCMV,17.811,Low Fat,0.0118,fruits and vegetables,158.67,STORE-9RG,28,Small,Tier_2,Standard Supermarket,3171.25
row_02781,PRD-CFDOOB,,Regular,0.2214,fruits and vegetables,105.42,STORE-T5G,47,Small,Tier_1,Corner Shop,197.64
row_02783,PRD-I49KQ7,10.072,Low Fat,0.28,SOFT DRINKS,249.03,STORE-JOR,34,,Tier_3,Corner Shop,468.71
row_02784,PRD-VQ553K,14.383,Regular,0.0605,fruits and vegetables,168.19,STORE-DKU,30,,Tier_2,Standard Supermarket,2813.1
row_02785,PRD-88O5OR,12.768,Low Fat,0.061,SOFT DRINKS,162.25,STORE-HL7,23,Medium,Tier_3,Superstore,997.84
row_02787,PRD-9DDVP4,,Regular,0.1686,Fruits and Vegetables,64.11,STORE-T5G,47,Small,Tier_1,Corner Shop,60.11
row_02788,PRD-RVRRGQ,5.66,Regular,0.0729,Dairy,114.28,STORE-DKU,30,,Tier_2,Standard Supermarket,2627.03
row_02789,PRD-8YXU1P,12.712,Low Fat,0.0472,Others,111.83,STORE-AGY,45,Large,Tier_3,Standard Supermarket,3374.87
row_02790,PRD-CVIYJK,11.708,Regular,0.0205,Dairy,86.39,STORE-DKU,30,,Tier_2,Standard Supermarket,843.71
row_02791,PRD-X28K8T,10.537,Low Fat,0.0114,Breads,41.61,STORE-89Z,33,Medium,Tier_1,Standard Supermarket,401.98
row_02792,PRD-DE4M6H,6.773,Regular,0.048,frozen foods,36.24,STORE-HL7,23,Medium,Tier_3,Superstore,73.54
row_02793,PRD-L06G9E,15.567,Low Fat,0.0,SNACK FOODS,86.02,STORE-YLW,35,Small,Tier_1,Standard Supermarket,1882.17
row_02794,PRD-IGBM76,9.871,Regular,0.047,BAKING GOODS,36.1,STORE-OYG,25,,Tier_2,Standard Supermarket,366.07
row_02795,PRD-JQHUCI,7.939,Regular,0.1476,CANNED,50.71,STORE-HL7,23,Medium,Tier_3,Superstore,193.06
row_02798,PRD-R4VXL5,12.695,Low Fat,0.0354,baking goods,231.5,STORE-YLW,35,Small,Tier_1,Standard Supermarket,2024.44
row_02799,PRD-2G2HFD,9.832,Low Fat,0.0069,Household,162.74,STORE-89Z,33,Medium,Tier_1,Standard Supermarket,3058.83
row_02802,PRD-UVYR0Q,10.477,Low Fat,0.0623,Soft Drinks,149.29,STORE-OYG,25,,Tier_2,Standard Supermarket,2873.31
row_02803,PRD-NNQFKP,,Low Fat,0.1138,Soft Drinks,39.56,STORE-7WS,47,Medium,Tier_3,Flagship Hypermarket,571.06
row_02804,PRD-JSPKET,6.783,Regular,0.105,DAIRY,95.17,STORE-9RG,28,Small,Tier_2,Standard Supermarket,1351.96
row_02805,PRD-OK2ECS,16.089,Regular,0.0471,Fruits and Vegetables,153.7,STORE-DKU,30,,Tier_2,Standard Supermarket,3261.84
row_02806,PRD-TZXI9C,18.005,Low Fat,0.1101,snack foods,160.59,STORE-89Z,33,Medium,Tier_1,Standard Supermarket,2997.08
row_02808,PRD-UM4ULZ,12.955,Regular,0.0745,fruits and vegetables,59.6,STORE-AGY,45,Large,Tier_3,Standard Supermarket,1624.32
row_02809,PRD-36I5A7,19.154,Low Fat,0.0261,Fruits and Vegetables,164.32,STORE-OYG,25,,Tier_2,Standard Supermarket,3787.84
row_02810,PRD-VLUDBJ,5.704,Regular,0.0421,snack foods,184.09,STORE-OYG,25,,Tier_2,Standard Supermarket,1239.69
row_02811,PRD-RHA96G,4.819,Low Fat,0.0447,Baking Goods,202.98,STORE-YLW,35,Small,Tier_1,Standard Supermarket,2128.01
row_02812,PRD-AN4EIO,14.328,Regular,0.1405,FROZEN FOODS,54.64,STORE-HL7,23,Medium,Tier_3,Superstore,323.8
row_02813,PRD-WT8JJ4,,Low Fat,0.0311,OTHERS,38.62,STORE-7WS,47,Medium,Tier_3,Flagship Hypermarket,748.15
row_02814,PRD-WJIQXP,12.816,Regular,0.0792,Frozen Foods,192.16,STORE-DKU,30,,Tier_2,Standard Supermarket,2771.05
row_02815,PRD-M2PZNT,14.318,Low Fat,0.0186,Others,163.03,STORE-9RG,28,Small,Tier_2,Standard Supermarket,2016.68
row_02817,PRD-4EYNIN,7.028,Low Fat,0.0773,HOUSEHOLD,114.76,STORE-YLW,35,Small,Tier_1,Standard Supermarket,1897.04
row_02818,PRD-HK23A1,,Regular,0.0819,SNACK FOODS,170.72,STORE-7WS,47,Medium,Tier_3,Flagship Hypermarket,3610.77
row_02819,PRD-VG0CH2,12.696,Regular,0.0622,Frozen Foods,102.38,STORE-DKU,30,,Tier_2,Standard Supermarket,1511.93
row_02820,PRD-L6HYC1,7.163,Regular,0.1479,SNACK FOODS,97.64,STORE-89Z,33,Medium,Tier_1,Standard Supermarket,1073.33
row_02821,PRD-ZTFIIA,,Low Fat,0.0448,Fruits and Vegetables,165.25,STORE-T5G,47,Small,Tier_1,Corner Shop,987.08
row_02822,PRD-99VH0W,7.583,Low Fat,0.0509,FRUITS AND VEGETABLES,79.07,STORE-AGY,45,Large,Tier_3,Standard Supermarket,892.23
row_02823,PRD-WTXI27,12.968,Low Fat,0.0718,Dairy,76.13,STORE-YLW,35,Small,Tier_1,Standard Supermarket,922.14
row_02825,PRD-GD8AFP,19.594,Low Fat,0.0453,Dairy,39.64,STORE-HL7,23,Medium,Tier_3,Superstore,507.44
row_02826,PRD-8L4EBE,12.874,Regular,0.0616,BAKING GOODS,205.05,STORE-YLW,35,Small,Tier_1,Standard Supermarket,579.21
row_02827,PRD-ZMEPGT,7.448,Low Fat,0.0608,soft drinks,95.09,STORE-OYG,25,,Tier_2,Standard Supermarket,1621.94
row_02828,PRD-0V6RAS,,Regular,0.0504,fruits and vegetables,163.33,STORE-7WS,47,Medium,Tier_3,Flagship Hypermarket,4095.25
row_02829,PRD-1RDEZX,13.025,Low Fat,0.08,DAIRY,229.46,STORE-OYG,25,,Tier_2,Standard Supermarket,1904.68
row_02830,PRD-L1A5P6,16.87,Regular,0.0443,Dairy,118.36,STORE-9RG,28,Small,Tier_2,Standard Supermarket,735.05
row_02831,PRD-G52EFU,15.931,Low Fat,0.0582,fruits and vegetables,124.13,STORE-89Z,33,Medium,Tier_1,Standard Supermarket,1858.2
row_02832,PRD-SUSDFO,5.116,Regular,0.0413,Baking Goods,163.16,STORE-OYG,25,,Tier_2,Standard Supermarket,3890.0
row_02835,PRD-BRCL47,13.892,Low Fat,0.036,HARD DRINKS,118.11,STORE-89Z,33,Medium,Tier_1,Standard Supermarket,4152.45
row_02836,PRD-5N8I4P,11.901,Low Fat,0.2243,DAIRY,101.49,STORE-JOR,34,,Tier_3,Corner Shop,204.15
row_02838,PRD-PZPHJM,16.706,Regular,0.1548,snack foods,142.64,STORE-OYG,25,,Tier_2,Standard Supermarket,2465.54
row_02840,PRD-ORDJGF,19.501,Low Fat,0.0084,dairy,267.28,STORE-JOR,34,,Tier_3,Corner Shop,269.15
row_02841,PRD-4AAL09,20.523,Low Fat,0.0789,Others,35.95,STORE-DKU,30,,Tier_2,Standard Supermarket,985.62
row_02842,PRD-CP4E30,6.156,Low Fat,0.0231,dairy,181.14,STORE-9RG,28,Small,Tier_2,Standard Supermarket,4255.75
row_02843,PRD-AN4EIO,13.978,Regular,0.0,FROZEN FOODS,53.52,STORE-9RG,28,Small,Tier_2,Standard Supermarket,926.7
row_02844,PRD-IUYATD,11.294,Low Fat,0.0,Household,116.06,STORE-YLW,35,Small,Tier_1,Standard Supermarket,1338.77
row_02845,PRD-K3I8BZ,11.518,Low Fat,0.1184,SOFT DRINKS,189.28,STORE-DKU,30,,Tier_2,Standard Supermarket,1913.77
row_02847,PRD-7VMGGA,11.898,Low Fat,0.0384,HEALTH AND HYGIENE,96.97,STORE-OYG,25,,Tier_2,Standard Supermarket,2225.62
row_02850,PRD-NJR720,,Low Fat,0.1227,breads,153.55,STORE-9RG,28,Small,Tier_2,Standard Supermarket,2715.2
row_02851,PRD-4GS0FH,17.352,Regular,0.0465,canned,142.39,STORE-DKU,30,,Tier_2,Standard Supermarket,2411.41
row_02853,PRD-HQ57UY,16.189,Regular,0.1107,frozen foods,38.25,STORE-9RG,28,Small,Tier_2,Standard Supermarket,348.05
row_02856,PRD-1RDEZX,13.189,Low Fat,0.0771,Dairy,235.43,STORE-AGY,45,Large,Tier_3,Standard Supermarket,5556.57
row_02857,PRD-G9LC5B,18.848,Low Fat,0.1081,Household,33.38,STORE-9RG,28,Small,Tier_2,Standard Supermarket,679.97
row_02859,PRD-D9146L,18.768,Low Fat,0.0731,snack foods,158.03,STORE-9RG,28,Small,Tier_2,Standard Supermarket,3026.21
row_02860,PRD-ZLVU35,13.892,Low Fat,0.0158,Breads,229.93,STORE-HL7,23,Medium,Tier_3,Superstore,3115.81
row_02861,PRD-AVAYTG,10.135,Regular,0.048,canned,77.45,STORE-OYG,25,,Tier_2,Standard Supermarket,1797.48
row_02862,PRD-OAEDOE,12.95,Low Fat,0.0183,DAIRY,74.66,STORE-DKU,30,,Tier_2,Standard Supermarket,1354.39
row_02864,PRD-ZGVTUI,,Low Fat,0.0948,Meat,101.33,STORE-7WS,47,Medium,Tier_3,Flagship Hypermarket,4888.25
row_02865,PRD-YHRDU3,13.425,Low Fat,0.0922,HOUSEHOLD,154.1,STORE-DKU,30,,Tier_2,Standard Supermarket,3153.93
row_02866,PRD-HEZ5ED,16.498,Low Fat,0.2296,HARD DRINKS,172.38,STORE-JOR,34,,Tier_3,Corner Shop,171.09
row_02867,PRD-JLQFJT,19.557,Low Fat,0.0427,household,132.56,STORE-YLW,35,Small,Tier_1,Standard Supermarket,1939.94
row_02868,PRD-EYRXGB,20.417,Regular,0.0216,SNACK FOODS,62.09,STORE-AGY,45,Large,Tier_3,Standard Supermarket,884.75
row_02869,PRD-IWSPFB,5.791,Regular,0.024,Meat,104.68,STORE-AGY,45,Large,Tier_3,Standard Supermarket,2068.23
row_02870,PRD-HMIP5B,10.455,Regular,0.0319,FRUITS AND VEGETABLES,113.68,STORE-HL7,23,Medium,Tier_3,Superstore,2091.23
row_02871,PRD-BRCL47,13.591,Low Fat,0.0341,Hard Drinks,119.4,STORE-DKU,30,,Tier_2,Standard Supermarket,1332.24
row_02872,PRD-Y7CQKD,13.442,Regular,0.0,Fruits and Vegetables,72.18,STORE-DKU,30,,Tier_2,Standard Supermarket,1656.06
row_02873,PRD-0948NP,9.32,Low Fat,0.0369,FRUITS AND VEGETABLES,140.69,STORE-89Z,33,Medium,Tier_1,Standard Supermarket,3322.69
row_02874,PRD-CVIYJK,,Regular,0.0199,Dairy,90.01,STORE-7WS,47,Medium,Tier_3,Flagship Hypermarket,2607.05
row_02876,PRD-ZRMH3F,15.957,Regular,0.1297,frozen foods,173.21,STORE-AGY,45,Large,Tier_3,Standard Supermarket,3955.13
row_02877,PRD-UT6Z84,,Regular,0.014,Dairy,149.52,STORE-T5G,47,Small,Tier_1,Corner Shop,146.23
row_02878,PRD-9IT02F,,Low Fat,0.0645,household,111.04,STORE-7WS,47,Medium,Tier_3,Flagship Hypermarket,1986.63
row_02880,PRD-6SVH6Q,,Regular,0.0442,baking goods,177.87,STORE-7WS,47,Medium,Tier_3,Flagship Hypermarket,6020.2
row_02881,PRD-XQS3H4,20.712,Regular,0.0463,DAIRY,208.56,STORE-YLW,35,Small,Tier_1,Standard Supermarket,2149.71
row_02882,PRD-F6KJKV,12.136,Low Fat,0.0262,Starchy Foods,117.27,STORE-OYG,25,,Tier_2,Standard Supermarket,2155.86
row_02887,PRD-KFRZWZ,12.448,Low Fat,0.0721,Meat,51.08,STORE-89Z,33,Medium,Tier_1,Standard Supermarket,1112.37
row_02888,PRD-L9B3N2,15.484,Low Fat,0.045,starchy foods,36.73,STORE-OYG,25,,Tier_2,Standard Supermarket,309.76
row_02889,PRD-TFIUHP,13.071,Low Fat,0.076,Fruits and Vegetables,96.71,STORE-YLW,35,Small,Tier_1,Standard Supermarket,842.2
row_02891,PRD-OQ0Y2Z,15.669,Low Fat,0.0546,baking goods,197.08,STORE-HL7,23,Medium,Tier_3,Superstore,1222.63
row_02893,PRD-47VEYF,,Regular,0.0963,MEAT,217.57,STORE-7WS,47,Medium,Tier_3,Flagship Hypermarket,7136.53
row_02894,PRD-OKCXPA,,Low Fat,0.0326,canned,50.72,STORE-7WS,47,Medium,Tier_3,Flagship Hypermarket,1894.88
row_02895,PRD-IUYATD,,Low Fat,0.0592,HOUSEHOLD,118.4,STORE-T5G,47,Small,Tier_1,Corner Shop,461.82
row_02896,PRD-2460MA,18.313,Low Fat,0.052,Health and Hygiene,191.06,STORE-YLW,35,Small,Tier_1,Standard Supermarket,2004.16
row_02897,PRD-F075N4,15.295,Regular,0.0674,snack foods,174.53,STORE-89Z,33,Medium,Tier_1,Standard Supermarket,2304.22
row_02898,PRD-9KE7J2,16.279,Low Fat,0.083,breads,180.85,STORE-DKU,30,,Tier_2,Standard Supermarket,2545.41
row_02899,PRD-4TFZC6,9.408,Low Fat,0.0,Fruits and Vegetables,188.72,STORE-JOR,34,,Tier_3,Corner Shop,541.38
row_02900,PRD-1LWNLR,11.379,Low Fat,0.0572,Baking Goods,250.75,STORE-AGY,45,Large,Tier_3,Standard Supermarket,6708.98
row_02902,PRD-A3SKAD,13.541,Low Fat,0.1248,HOUSEHOLD,157.62,STORE-JOR,34,,Tier_3,Corner Shop,162.41
row_02904,PRD-51LIY8,11.805,Low Fat,0.0387,dairy,56.67,STORE-89Z,33,Medium,Tier_1,Standard Supermarket,672.39
row_02905,PRD-2VQXX9,16.659,Low Fat,0.0308,Snack Foods,39.65,STORE-89Z,33,Medium,Tier_1,Standard Supermarket,633.96
row_02907,PRD-7VMGGA,11.507,Low Fat,0.0369,Health and Hygiene,96.21,STORE-89Z,33,Medium,Tier_1,Standard Supermarket,1337.66
row_02910,PRD-ICW8VL,9.361,Low Fat,0.0153,Baking Goods,79.79,STORE-9RG,28,Small,Tier_2,Standard Supermarket,1417.94
row_02911,PRD-MN8Z1H,11.393,Low Fat,0.0,HEALTH AND HYGIENE,149.89,STORE-AGY,45,Large,Tier_3,Standard Supermarket,3396.44
row_02912,PRD-64DI7N,20.412,Regular,0.0562,frozen foods,147.5,STORE-YLW,35,Small,Tier_1,Standard Supermarket,2978.49
row_02913,PRD-E7QYO7,,Regular,0.0793,Fruits and Vegetables,117.6,STORE-T5G,47,Small,Tier_1,Corner Shop,226.89
row_02914,PRD-IWSPFB,5.585,Regular,0.0256,meat,106.59,STORE-9RG,28,Small,Tier_2,Standard Supermarket,2024.48
row_02915,PRD-MHVK3Q,14.351,Low Fat,0.1693,FRUITS AND VEGETABLES,49.59,STORE-AGY,45,Large,Tier_3,Standard Supermarket,588.07
row_02916,PRD-EYRXGB,,Regular,0.0381,Snack Foods,60.84,STORE-T5G,47,Small,Tier_1,Corner Shop,126.77
row_02917,PRD-GS8W0Q,10.846,Low Fat,0.0505,Fruits and Vegetables,246.44,STORE-YLW,35,Small,Tier_1,Standard Supermarket,5367.11
row_02918,PRD-1H8OJR,8.226,Low Fat,0.068,Hard Drinks,38.08,STORE-YLW,35,Small,Tier_1,Standard Supermarket,1348.76
row_02920,PRD-533CFS,21.393,Low Fat,0.0253,HOUSEHOLD,143.69,STORE-9RG,28,Small,Tier_2,Standard Supermarket,2788.08
row_02921,PRD-UPZ5JR,19.615,Regular,0.0786,BAKING GOODS,196.11,STORE-OYG,25,,Tier_2,Standard Supermarket,2491.21
row_02922,PRD-XQFXKD,13.804,Low Fat,0.0918,Canned,143.59,STORE-YLW,35,Small,Tier_1,Standard Supermarket,1758.91
row_02923,PRD-EPWUKF,,Low Fat,0.1005,BAKING GOODS,45.47,STORE-7WS,47,Medium,Tier_3,Flagship Hypermarket,1072.31
row_02924,PRD-9P452B,8.666,Low Fat,0.0,hard drinks,228.73,STORE-DKU,30,,Tier_2,Standard Supermarket,2889.98
row_02926,PRD-1ZL2WT,,Regular,0.0437,FRUITS AND VEGETABLES,154.1,STORE-7WS,47,Medium,Tier_3,Flagship Hypermarket,6600.6
row_02927,PRD-PTOMJB,,Low Fat,0.0333,SOFT DRINKS,176.81,STORE-7WS,47,Medium,Tier_3,Flagship Hypermarket,5069.58
row_02928,PRD-F6ZM5U,18.245,Low Fat,0.0379,Snack Foods,144.39,STORE-DKU,30,,Tier_2,Standard Supermarket,4111.22
row_02930,PRD-5OIBGD,,Low Fat,0.1037,Snack Foods,158.96,STORE-7WS,47,Medium,Tier_3,Flagship Hypermarket,4881.47
row_02931,PRD-QOHMUH,,Low Fat,0.0296,hard drinks,42.08,STORE-7WS,47,Medium,Tier_3,Flagship Hypermarket,1094.14
row_02932,PRD-FETZ47,9.731,Regular,0.0495,Starchy Foods,181.81,STORE-HL7,23,Medium,Tier_3,Superstore,2531.01
row_02933,PRD-Y23CCL,9.609,Regular,0.0223,Meat,198.18,STORE-89Z,33,Medium,Tier_1,Standard Supermarket,2412.12
row_02935,PRD-BUQGEV,,Low Fat,0.0108,Snack Foods,208.2,STORE-7WS,47,Medium,Tier_3,Flagship Hypermarket,4088.07
row_02936,PRD-QKXIRH,18.339,Low Fat,0.1011,frozen foods,119.64,STORE-HL7,23,Medium,Tier_3,Superstore,1379.04
row_02937,PRD-IWS48A,14.542,Regular,0.0337,baking goods,99.47,STORE-9RG,28,Small,Tier_2,Standard Supermarket,499.61
row_02938,PRD-U438R9,11.388,Regular,0.0356,frozen foods,174.04,STORE-89Z,33,Medium,Tier_1,Standard Supermarket,2888.98
row_02941,PRD-C5BV1L,15.504,Low Fat,0.0379,HOUSEHOLD,103.4,STORE-JOR,34,,Tier_3,Corner Shop,202.25
row_02942,PRD-CU4YYJ,15.419,Low Fat,0.0817,Canned,37.08,STORE-DKU,30,,Tier_2,Standard Supermarket,505.68
row_02944,PRD-YWIQC5,19.481,Regular,0.0285,Fruits and Vegetables,46.74,STORE-DKU,30,,Tier_2,Standard Supermarket,926.6
row_02945,PRD-BA4ILA,15.549,Regular,0.1283,FRUITS AND VEGETABLES,107.61,STORE-89Z,33,Medium,Tier_1,Standard Supermarket,1608.8
row_02946,PRD-R9QIKQ,13.0,Low Fat,0.0657,Baking Goods,89.62,STORE-9RG,28,Small,Tier_2,Standard Supermarket,1584.22
row_02947,PRD-LRTVWA,7.51,Low Fat,0.0574,dairy,198.23,STORE-DKU,30,,Tier_2,Standard Supermarket,1621.11
row_02948,PRD-UL2AE5,9.746,Low Fat,0.025,Health and Hygiene,115.39,STORE-HL7,23,Medium,Tier_3,Superstore,3008.41
row_02949,PRD-X5SMJY,19.151,Low Fat,0.0329,HOUSEHOLD,215.62,STORE-YLW,35,Small,Tier_1,Standard Supermarket,4843.7
row_02950,PRD-EGB41B,4.902,Low Fat,0.0086,Household,121.9,STORE-AGY,45,Large,Tier_3,Standard Supermarket,2141.62
row_02952,PRD-EGC2DP,6.736,Low Fat,0.0581,Snack Foods,207.81,STORE-YLW,35,Small,Tier_1,Standard Supermarket,5620.9
row_02954,PRD-95N4VP,15.784,Low Fat,0.0435,FROZEN FOODS,176.5,STORE-YLW,35,Small,Tier_1,Standard Supermarket,1564.32
row_02955,PRD-4TMXDN,10.393,Regular,0.1471,breads,155.7,STORE-DKU,30,,Tier_2,Standard Supermarket,3174.67
row_02956,PRD-ZTFIIA,,Low Fat,0.0245,Fruits and Vegetables,172.69,STORE-7WS,47,Medium,Tier_3,Flagship Hypermarket,3117.62
row_02958,PRD-IBQR9L,20.574,Regular,0.0306,Dairy,216.79,STORE-9RG,28,Small,Tier_2,Standard Supermarket,3729.94
row_02959,PRD-0V4GIA,9.425,Low Fat,0.1073,Snack Foods,183.38,STORE-YLW,35,Small,Tier_1,Standard Supermarket,3925.86
row_02960,PRD-X7AKU0,9.91,Low Fat,0.0743,Health and Hygiene,119.37,STORE-89Z,33,Medium,Tier_1,Standard Supermarket,1828.58
row_02961,PRD-11CMKR,12.241,Low Fat,0.0357,Canned,180.62,STORE-HL7,23,Medium,Tier_3,Superstore,3813.45
row_02963,PRD-JN3LYX,14.055,Low Fat,0.1274,DAIRY,126.04,STORE-YLW,35,Small,Tier_1,Standard Supermarket,984.05
row_02966,PRD-D8LKB5,16.296,Low Fat,0.0456,SNACK FOODS,187.1,STORE-AGY,45,Large,Tier_3,Standard Supermarket,2354.03
row_02967,PRD-2YAZQT,15.809,Regular,0.0882,frozen foods,48.38,STORE-OYG,25,,Tier_2,Standard Supermarket,996.57
row_02969,PRD-ZVRERW,17.094,Low Fat,0.0349,DAIRY,95.07,STORE-YLW,35,Small,Tier_1,Standard Supermarket,1321.39
row_02970,PRD-L9E9NI,8.091,Regular,0.0358,Baking Goods,142.47,STORE-OYG,25,,Tier_2,Standard Supermarket,3460.33
row_02971,PRD-Q8LYYX,11.618,Regular,0.0737,Frozen Foods,171.32,STORE-AGY,45,Large,Tier_3,Standard Supermarket,1555.49
row_02972,PRD-WKDRX0,,Regular,0.0597,meat,44.36,STORE-7WS,47,Medium,Tier_3,Flagship Hypermarket,781.89
row_02973,PRD-W9XHRO,,Regular,0.0102,STARCHY FOODS,226.45,STORE-T5G,47,Small,Tier_1,Corner Shop,458.65
row_02974,PRD-PSQUZU,,Low Fat,0.0916,SNACK FOODS,191.47,STORE-T5G,47,Small,Tier_1,Corner Shop,389.25
row_02975,PRD-HFVMHX,8.461,Low Fat,0.0187,Health and Hygiene,234.68,STORE-AGY,45,Large,Tier_3,Standard Supermarket,5488.43
row_02976,PRD-OF1GG2,13.795,Low Fat,0.0347,Snack Foods,180.22,STORE-9RG,28,Small,Tier_2,Standard Supermarket,3072.08
row_02978,PRD-60GBFW,13.546,Low Fat,0.0655,Frozen Foods,32.82,STORE-JOR,34,,Tier_3,Corner Shop,65.08
row_02979,PRD-KF9QCF,16.271,Low Fat,0.0777,health and hygiene,36.62,STORE-89Z,33,Medium,Tier_1,Standard Supermarket,1115.66
row_02981,PRD-K5635T,10.244,Low Fat,0.03,Baking Goods,117.16,STORE-HL7,23,Medium,Tier_3,Superstore,1262.67
row_02982,PRD-C2MU46,,Low Fat,0.0146,snack foods,195.07,STORE-7WS,47,Medium,Tier_3,Flagship Hypermarket,4287.94
row_02983,PRD-9RHIGZ,,Low Fat,0.0617,Snack Foods,100.78,STORE-AGY,45,Large,Tier_3,Standard Supermarket,1687.0
row_02984,PRD-3FFZLS,20.317,Low Fat,0.0387,fruits and vegetables,123.34,STORE-JOR,34,,Tier_3,Corner Shop,379.37
row_02985,PRD-9DDVP4,15.481,Regular,0.1516,FRUITS AND VEGETABLES,62.75,STORE-JOR,34,,Tier_3,Corner Shop,188.55
row_02986,PRD-ZN1N5R,12.296,Regular,0.0329,Meat,195.24,STORE-89Z,33,Medium,Tier_1,Standard Supermarket,3863.69
row_02987,PRD-RDW6ET,8.501,Regular,0.0728,Fruits and Vegetables,188.84,STORE-DKU,30,,Tier_2,Standard Supermarket,3651.84
row_02988,PRD-FHKP7I,17.345,Regular,0.0119,CANNED,165.65,STORE-YLW,35,Small,Tier_1,Standard Supermarket,4524.16
row_02989,PRD-Q90SJM,20.33,Regular,0.0832,frozen foods,177.14,STORE-YLW,35,Small,Tier_1,Standard Supermarket,3701.61
row_02990,PRD-FZ61II,9.913,Regular,0.1496,Frozen Foods,135.41,STORE-YLW,35,Small,Tier_1,Standard Supermarket,2458.31
row_02991,PRD-1QV3CG,8.157,Regular,0.0398,Fruits and Vegetables,191.52,STORE-AGY,45,Large,Tier_3,Standard Supermarket,2225.81
row_02992,PRD-S3JKV0,13.343,Regular,0.067,Dairy,59.8,STORE-9RG,28,Small,Tier_2,Standard Supermarket,1521.3
row_02993,PRD-34LIE3,,Low Fat,0.1411,CANNED,94.73,STORE-7WS,47,Medium,Tier_3,Flagship Hypermarket,3316.76
row_02994,PRD-BJD8BL,9.888,Regular,0.0542,breads,82.31,STORE-YLW,35,Small,Tier_1,Standard Supermarket,491.97
row_02995,PRD-7Y9HQQ,,Low Fat,0.0307,Starchy Foods,249.9,STORE-7WS,47,Medium,Tier_3,Flagship Hypermarket,3157.82
row_02996,PRD-567H48,17.598,Regular,0.0427,frozen foods,93.05,STORE-YLW,35,Small,Tier_1,Standard Supermarket,835.45
row_02998,PRD-P8192C,8.465,Low Fat,0.0722,Household,221.84,STORE-HL7,23,Medium,Tier_3,Superstore,413.09
row_02999,PRD-XGX8WD,8.069,Regular,0.1667,Dairy,113.81,STORE-YLW,35,Small,Tier_1,Standard Supermarket,1291.97
row_03000,PRD-0T2RJM,7.559,Low Fat,0.0311,CANNED,113.97,STORE-9RG,28,Small,Tier_2,Standard Supermarket,1208.71
row_03002,PRD-QP5L7C,20.81,Low Fat,0.0625,Frozen Foods,195.28,STORE-JOR,34,,Tier_3,Corner Shop,377.37
row_03005,PRD-3H7I5X,15.545,Regular,0.0,Fruits and Vegetables,148.82,STORE-JOR,34,,Tier_3,Corner Shop,433.38
row_03007,PRD-7FS31F,10.689,Regular,0.0574,fruits and vegetables,247.25,STORE-AGY,45,Large,Tier_3,Standard Supermarket,2813.1
row_03008,PRD-QPT16H,12.455,Low Fat,0.0149,Household,162.44,STORE-89Z,33,Medium,Tier_1,Standard Supermarket,3718.76
row_03009,PRD-SR6GI0,10.767,Low Fat,0.0344,FRUITS AND VEGETABLES,126.56,STORE-89Z,33,Medium,Tier_1,Standard Supermarket,2547.43
row_03010,PRD-UM4ULZ,13.408,Regular,0.0717,FRUITS AND VEGETABLES,62.34,STORE-DKU,30,,Tier_2,Standard Supermarket,935.1
row_03011,PRD-W103DG,8.366,Low Fat,0.0177,Soft Drinks,201.35,STORE-HL7,23,Medium,Tier_3,Superstore,4221.66
row_03012,PRD-Y7CQKD,14.036,Regular,0.0667,fruits and vegetables,75.52,STORE-YLW,35,Small,Tier_1,Standard Supermarket,1230.12
row_03013,PRD-RYI0M7,,Low Fat,0.0689,frozen foods,118.18,STORE-7WS,47,Medium,Tier_3,Flagship Hypermarket,2364.37
row_03014,PRD-9TK51I,11.49,Regular,0.0421,frozen foods,196.39,STORE-9RG,28,Small,Tier_2,Standard Supermarket,3419.19
row_03015,PRD-UJA86V,18.748,Low Fat,0.1228,CANNED,91.45,STORE-DKU,30,,Tier_2,Standard Supermarket,2080.01
row_03016,PRD-IMV03J,15.155,Regular,0.0659,snack foods,265.71,STORE-89Z,33,Medium,Tier_1,Standard Supermarket,5499.51
row_03017,PRD-2G73AJ,,Low Fat,0.0159,DAIRY,249.14,STORE-7WS,47,Medium,Tier_3,Flagship Hypermarket,6329.45
row_03018,PRD-SE05IT,20.182,Low Fat,0.0607,Baking Goods,235.86,STORE-89Z,33,Medium,Tier_1,Standard Supermarket,2700.39
row_03020,PRD-45H02C,13.035,Regular,0.0295,CANNED,62.78,STORE-9RG,28,Small,Tier_2,Standard Supermarket,1504.25
row_03021,PRD-5Z8FE8,18.66,Low Fat,0.0105,Household,210.31,STORE-AGY,45,Large,Tier_3,Standard Supermarket,2681.98
row_03022,PRD-AQ8H3X,,Low Fat,0.0668,Fruits and Vegetables,191.79,STORE-7WS,47,Medium,Tier_3,Flagship Hypermarket,4804.61
row_03023,PRD-G7TBTN,15.492,Low Fat,0.0582,snack foods,52.21,STORE-YLW,35,Small,Tier_1,Standard Supermarket,1315.01
row_03024,PRD-679O2X,,Low Fat,0.0881,SNACK FOODS,186.92,STORE-T5G,47,Small,Tier_1,Corner Shop,377.07
row_03027,PRD-C5OAOO,7.374,Low Fat,0.1165,others,141.9,STORE-9RG,28,Small,Tier_2,Standard Supermarket,2205.32
row_03028,PRD-G3QWQF,20.574,Regular,0.0803,Baking Goods,101.49,STORE-89Z,33,Medium,Tier_1,Standard Supermarket,1534.41
row_03029,PRD-LJKPHC,18.238,Regular,0.1615,Fruits and Vegetables,89.39,STORE-JOR,34,,Tier_3,Corner Shop,179.5
row_03030,PRD-N5F62D,17.68,Low Fat,0.0137,Frozen Foods,262.05,STORE-OYG,25,,Tier_2,Standard Supermarket,2824.6
row_03031,PRD-D6O9YZ,10.797,Regular,0.0,BAKING GOODS,38.78,STORE-AGY,45,Large,Tier_3,Standard Supermarket,1062.62
row_03032,PRD-SY94EV,11.586,Low Fat,0.0216,health and hygiene,131.22,STORE-AGY,45,Large,Tier_3,Standard Supermarket,2710.83
row_03033,PRD-KTBCUD,7.564,Low Fat,0.0818,Starchy Foods,165.14,STORE-9RG,28,Small,Tier_2,Standard Supermarket,4416.75
row_03034,PRD-UHG7EC,14.179,Regular,0.025,Frozen Foods,159.05,STORE-HL7,23,Medium,Tier_3,Superstore,1754.03
row_03035,PRD-M82I1L,9.65,Low Fat,0.1599,Soft Drinks,230.56,STORE-89Z,33,Medium,Tier_1,Standard Supermarket,6839.23
row_03036,PRD-Q4NM8R,9.133,Low Fat,0.1425,Frozen Foods,59.86,STORE-YLW,35,Small,Tier_1,Standard Supermarket,1152.41
row_03037,PRD-ZFWONV,,Regular,0.1064,FRUITS AND VEGETABLES,143.62,STORE-7WS,47,Medium,Tier_3,Flagship Hypermarket,5514.57
row_03038,PRD-UPZ5JR,19.113,Regular,0.0,Baking Goods,190.47,STORE-89Z,33,Medium,Tier_1,Standard Supermarket,4931.01
row_03040,PRD-22JUF0,8.963,Low Fat,0.0539,household,151.94,STORE-YLW,35,Small,Tier_1,Standard Supermarket,1212.69
row_03041,PRD-YVZMZC,8.239,Low Fat,0.1106,HOUSEHOLD,105.11,STORE-OYG,25,,Tier_2,Standard Supermarket,1213.35
row_03042,PRD-RD47WO,15.793,Regular,0.1006,SNACK FOODS,174.9,STORE-AGY,45,Large,Tier_3,Standard Supermarket,4347.49
row_03043,PRD-C2W953,,Regular,0.0376,SNACK FOODS,93.99,STORE-7WS,47,Medium,Tier_3,Flagship Hypermarket,1655.21
row_03044,PRD-BUK3XF,,Low Fat,0.0391,Fruits and Vegetables,106.86,STORE-T5G,47,Small,Tier_1,Corner Shop,106.46
row_03045,PRD-R9OUDO,5.774,Low Fat,0.074,Soft Drinks,88.04,STORE-JOR,34,,Tier_3,Corner Shop,173.02
row_03047,PRD-LKS9L3,6.24,Regular,0.0497,Baking Goods,231.87,STORE-AGY,45,Large,Tier_3,Standard Supermarket,5023.45
row_03048,PRD-BGLSH8,20.15,Low Fat,0.0336,Household,39.2,STORE-89Z,33,Medium,Tier_1,Standard Supermarket,980.86
row_03049,PRD-RVRRGQ,5.686,Regular,0.0723,Dairy,114.81,STORE-AGY,45,Large,Tier_3,Standard Supermarket,1390.03
row_03050,PRD-195DWY,16.498,Low Fat,0.1102,Fruits and Vegetables,195.52,STORE-JOR,34,,Tier_3,Corner Shop,829.57
row_03051,PRD-ZIX69G,8.182,Regular,0.0747,FRUITS AND VEGETABLES,248.86,STORE-9RG,28,Small,Tier_2,Standard Supermarket,5037.93
row_03052,PRD-9ROJVZ,7.954,Regular,0.0836,Frozen Foods,59.5,STORE-AGY,45,Large,Tier_3,Standard Supermarket,341.78
row_03053,PRD-JVZA65,11.987,Low Fat,0.021,Snack Foods,143.66,STORE-89Z,33,Medium,Tier_1,Standard Supermarket,3494.0
row_03054,PRD-S3JKV0,13.804,Regular,0.0,dairy,58.75,STORE-89Z,33,Medium,Tier_1,Standard Supermarket,703.35
row_03055,PRD-3818YO,5.199,Low Fat,0.0435,frozen foods,191.77,STORE-OYG,25,,Tier_2,Standard Supermarket,3790.21
row_03056,PRD-CXIFSU,5.976,Low Fat,0.0056,BAKING GOODS,179.44,STORE-DKU,30,,Tier_2,Standard Supermarket,1609.95
row_03058,PRD-97PPER,5.592,Low Fat,0.0546,FRUITS AND VEGETABLES,176.2,STORE-9RG,28,Small,Tier_2,Standard Supermarket,1523.65
row_03060,PRD-8A5PN4,5.783,Regular,0.0785,FRUITS AND VEGETABLES,256.62,STORE-OYG,25,,Tier_2,Standard Supermarket,1277.47
row_03061,PRD-0DZ6XP,17.942,Low Fat,0.0962,fruits and vegetables,96.18,STORE-9RG,28,Small,Tier_2,Standard Supermarket,529.68
row_03062,PRD-O15RRZ,12.855,Low Fat,0.1637,Frozen Foods,39.64,STORE-JOR,34,,Tier_3,Corner Shop,240.32
row_03063,PRD-202SK1,,Low Fat,0.0802,Canned,180.83,STORE-7WS,47,Medium,Tier_3,Flagship Hypermarket,4201.55
row_03064,PRD-ZRMH3F,15.984,Regular,0.1348,FROZEN FOODS,173.2,STORE-DKU,30,,Tier_2,Standard Supermarket,1096.18
row_03065,PRD-J4EFFF,8.058,Low Fat,0.0454,DAIRY,86.49,STORE-AGY,45,Large,Tier_3,Standard Supermarket,637.82
row_03066,PRD-MHVK3Q,14.881,Low Fat,0.1674,Fruits and Vegetables,50.29,STORE-OYG,25,,Tier_2,Standard Supermarket,814.63
row_03067,PRD-MHJ45L,17.111,Low Fat,0.0151,frozen foods,72.38,STORE-DKU,30,,Tier_2,Standard Supermarket,864.02
row_03068,PRD-E7SSM9,7.672,Low Fat,0.0991,Household,57.27,STORE-HL7,23,Medium,Tier_3,Superstore,686.02
row_03069,PRD-5SOWOM,11.39,Low Fat,0.0144,Starchy Foods,175.81,STORE-HL7,23,Medium,Tier_3,Superstore,1226.17
row_03070,PRD-V0T5X3,16.93,Low Fat,0.0214,DAIRY,110.46,STORE-DKU,30,,Tier_2,Standard Supermarket,3715.05
row_03071,PRD-M9YX0J,11.742,Regular,0.0804,Snack Foods,31.98,STORE-AGY,45,Large,Tier_3,Standard Supermarket,165.89
row_03072,PRD-YP2KNW,12.438,Regular,0.0557,Fruits and Vegetables,165.87,STORE-HL7,23,Medium,Tier_3,Superstore,3168.03
row_03073,PRD-IGJGK2,17.838,Regular,0.128,Meat,101.62,STORE-89Z,33,Medium,Tier_1,Standard Supermarket,2507.79
row_03075,PRD-BLQGBI,7.686,Low Fat,0.0724,Household,151.59,STORE-89Z,33,Medium,Tier_1,Standard Supermarket,1833.73
row_03076,PRD-90E4B0,9.081,Low Fat,0.0461,household,243.83,STORE-HL7,23,Medium,Tier_3,Superstore,2631.01
row_03077,PRD-PLE5H3,10.148,Low Fat,0.0266,fruits and vegetables,99.61,STORE-AGY,45,Large,Tier_3,Standard Supermarket,396.04
row_03078,PRD-0JE4QV,6.763,Low Fat,0.0,FROZEN FOODS,218.87,STORE-YLW,35,Small,Tier_1,Standard Supermarket,3007.58
row_03079,PRD-AECEW6,,Regular,0.0086,Meat,71.01,STORE-7WS,47,Medium,Tier_3,Flagship Hypermarket,2398.14
row_03080,PRD-1Z14YA,12.755,Low Fat,0.0,Meat,108.63,STORE-YLW,35,Small,Tier_1,Standard Supermarket,721.92
row_03081,PRD-U2HRJK,,Regular,0.0236,Breads,97.7,STORE-7WS,47,Medium,Tier_3,Flagship Hypermarket,3079.64
row_03083,PRD-4PZT3E,16.286,Low Fat,0.0695,dairy,216.77,STORE-DKU,30,,Tier_2,Standard Supermarket,3755.26
row_03084,PRD-AEYV7C,,Low Fat,0.1411,fruits and vegetables,106.27,STORE-7WS,47,Medium,Tier_3,Flagship Hypermarket,1791.9
row_03085,PRD-IF1HEB,18.862,Low Fat,0.101,Fruits and Vegetables,226.86,STORE-89Z,33,Medium,Tier_1,Standard Supermarket,2416.08
row_03086,PRD-M9YX0J,11.574,Regular,0.0803,Snack Foods,36.25,STORE-OYG,25,,Tier_2,Standard Supermarket,589.13
row_03087,PRD-7RS8R0,6.413,Low Fat,0.1065,FRUITS AND VEGETABLES,85.1,STORE-AGY,45,Large,Tier_3,Standard Supermarket,1977.25
row_03088,PRD-DY1PP4,8.668,Low Fat,0.0899,household,111.24,STORE-HL7,23,Medium,Tier_3,Superstore,3004.87
row_03089,PRD-1L8SUG,16.776,Regular,0.0951,Starchy Foods,65.18,STORE-JOR,34,,Tier_3,Corner Shop,130.51
row_03090,PRD-D7J32F,6.973,Low Fat,0.0842,Fruits and Vegetables,150.24,STORE-9RG,28,Small,Tier_2,Standard Supermarket,3610.64
row_03093,PRD-ZTKB9Z,18.489,Low Fat,0.058,household,216.53,STORE-OYG,25,,Tier_2,Standard Supermarket,4434.46
row_03094,PRD-6THSXO,10.645,Low Fat,0.0263,Frozen Foods,104.37,STORE-OYG,25,,Tier_2,Standard Supermarket,870.93
row_03095,PRD-N6ZV9D,21.681,Regular,0.1575,Fruits and Vegetables,62.57,STORE-HL7,23,Medium,Tier_3,Superstore,370.85
row_03096,PRD-IE2L2F,21.111,Low Fat,0.0376,Frozen Foods,74.73,STORE-9RG,28,Small,Tier_2,Standard Supermarket,626.0
row_03097,PRD-ZIFT9Y,15.402,Regular,0.0431,Fruits and Vegetables,99.8,STORE-JOR,34,,Tier_3,Corner Shop,99.75
row_03098,PRD-JDOLC4,6.303,Low Fat,0.0911,fruits and vegetables,175.27,STORE-YLW,35,Small,Tier_1,Standard Supermarket,2906.75
row_03099,PRD-IJVZYN,14.693,Low Fat,0.0,OTHERS,242.88,STORE-9RG,28,Small,Tier_2,Standard Supermarket,5278.37
row_03101,PRD-FNO6B9,8.374,Regular,0.0,Soft Drinks,186.05,STORE-OYG,25,,Tier_2,Standard Supermarket,2522.82
row_03102,PRD-S1R8NF,13.469,Regular,0.0262,SNACK FOODS,78.08,STORE-89Z,33,Medium,Tier_1,Standard Supermarket,323.84
row_03105,PRD-K82WU9,6.141,Regular,0.1023,Fruits and Vegetables,132.68,STORE-HL7,23,Medium,Tier_3,Superstore,948.92
row_03106,PRD-JB3VCF,13.644,Regular,0.0126,SNACK FOODS,55.35,STORE-OYG,25,,Tier_2,Standard Supermarket,902.9
row_03107,PRD-E5BLYU,12.658,Regular,0.0,snack foods,55.83,STORE-AGY,45,Large,Tier_3,Standard Supermarket,181.28
row_03108,PRD-RMBF82,9.279,Regular,0.0347,fruits and vegetables,168.62,STORE-YLW,35,Small,Tier_1,Standard Supermarket,2501.13
row_03109,PRD-XQS3H4,20.593,Regular,0.0473,Dairy,220.57,STORE-AGY,45,Large,Tier_3,Standard Supermarket,2931.2
row_03110,PRD-PSFZVE,17.578,Low Fat,0.054,snack foods,103.65,STORE-OYG,25,,Tier_2,Standard Supermarket,1148.26
row_03111,PRD-29S85M,20.197,Low Fat,0.0643,Snack Foods,178.26,STORE-YLW,35,Small,Tier_1,Standard Supermarket,3328.37
row_03112,PRD-TXA99J,11.662,Regular,0.0094,Snack Foods,226.54,STORE-YLW,35,Small,Tier_1,Standard Supermarket,1760.65
row_03114,PRD-OEQXOC,10.662,Regular,0.0347,Breakfast,51.11,STORE-YLW,35,Small,Tier_1,Standard Supermarket,938.82
row_03115,PRD-8VF3SM,16.914,Regular,0.0287,canned,85.57,STORE-89Z,33,Medium,Tier_1,Standard Supermarket,1276.5
row_03116,PRD-8LXUM3,7.035,Low Fat,0.0577,Dairy,143.12,STORE-89Z,33,Medium,Tier_1,Standard Supermarket,1188.16
row_03117,PRD-RJX4XT,16.534,Regular,0.0261,canned,143.32,STORE-9RG,28,Small,Tier_2,Standard Supermarket,3262.39
row_03118,PRD-9HXEG6,,Low Fat,0.0464,household,61.36,STORE-7WS,47,Medium,Tier_3,Flagship Hypermarket,2251.57
row_03119,PRD-XQFXKD,14.273,Low Fat,0.0928,Canned,136.45,STORE-9RG,28,Small,Tier_2,Standard Supermarket,1442.97
row_03120,PRD-K1DZCJ,7.343,Low Fat,0.0918,HOUSEHOLD,249.34,STORE-AGY,45,Large,Tier_3,Standard Supermarket,4469.85
row_03121,PRD-5YE8T5,14.795,Regular,0.0364,fruits and vegetables,166.43,STORE-OYG,25,,Tier_2,Standard Supermarket,3538.69
row_03122,PRD-JTGE75,6.425,Regular,0.0351,breads,160.35,STORE-OYG,25,,Tier_2,Standard Supermarket,1558.2
row_03123,PRD-SKCTQD,6.5,Low Fat,0.1362,breads,100.33,STORE-JOR,34,,Tier_3,Corner Shop,191.31
row_03124,PRD-U0J0N0,8.95,Low Fat,0.0271,Frozen Foods,210.99,STORE-DKU,30,,Tier_2,Standard Supermarket,3408.16
row_03127,PRD-VCZHN7,11.555,Low Fat,0.168,Snack Foods,124.16,STORE-9RG,28,Small,Tier_2,Standard Supermarket,3759.74
row_03128,PRD-32CDXS,20.42,Regular,0.0194,fruits and vegetables,226.94,STORE-YLW,35,Small,Tier_1,Standard Supermarket,2144.1
row_03129,PRD-TY5H59,15.366,Low Fat,0.0,Fruits and Vegetables,221.6,STORE-DKU,30,,Tier_2,Standard Supermarket,2803.73
row_03130,PRD-XWBVYG,,Low Fat,0.0539,Breads,33.77,STORE-7WS,47,Medium,Tier_3,Flagship Hypermarket,1007.31
row_03133,PRD-5QVWC9,,Low Fat,0.1141,Household,265.65,STORE-7WS,47,Medium,Tier_3,Flagship Hypermarket,5674.53
row_03134,PRD-MY5ZPJ,8.223,Low Fat,0.0595,HARD DRINKS,114.96,STORE-JOR,34,,Tier_3,Corner Shop,111.74
row_03135,PRD-T9U9NM,7.693,Regular,0.0635,BREAKFAST,59.06,STORE-AGY,45,Large,Tier_3,Standard Supermarket,165.0
row_03136,PRD-8R8KUS,9.85,Regular,0.066,Fruits and Vegetables,120.64,STORE-9RG,28,Small,Tier_2,Standard Supermarket,809.64
row_03137,PRD-OFGVRE,6.554,Regular,0.0306,baking goods,68.39,STORE-AGY,45,Large,Tier_3,Standard Supermarket,583.43
row_03138,PRD-5UL5NW,6.906,Low Fat,0.0518,DAIRY,84.01,STORE-89Z,33,Medium,Tier_1,Standard Supermarket,1362.66
row_03139,PRD-0B58ST,,Regular,0.0,canned,101.71,STORE-7WS,47,Medium,Tier_3,Flagship Hypermarket,1837.72
row_03140,PRD-L9CYMT,20.444,Low Fat,0.0423,dairy,88.63,STORE-9RG,28,Small,Tier_2,Standard Supermarket,1071.1
row_03141,PRD-R3PE29,5.723,Low Fat,0.1681,Soft Drinks,149.48,STORE-9RG,28,Small,Tier_2,Standard Supermarket,1805.35
row_03142,PRD-IGBM76,9.626,Regular,0.047,baking goods,35.25,STORE-9RG,28,Small,Tier_2,Standard Supermarket,295.39
row_03143,PRD-Y23CCL,9.333,Regular,0.0218,Meat,196.68,STORE-9RG,28,Small,Tier_2,Standard Supermarket,4559.43
row_03144,PRD-FIYLHL,,Regular,0.029,Snack Foods,190.51,STORE-7WS,47,Medium,Tier_3,Flagship Hypermarket,2078.77
row_03145,PRD-94QTWZ,8.097,Low Fat,0.1164,MEAT,190.71,STORE-HL7,23,Medium,Tier_3,Superstore,2023.13
row_03146,PRD-HLJ2XL,19.119,Low Fat,0.0377,meat,57.07,STORE-OYG,25,,Tier_2,Standard Supermarket,962.06
row_03148,PRD-L9E9NI,8.53,Regular,0.0339,baking goods,147.63,STORE-89Z,33,Medium,Tier_1,Standard Supermarket,909.45
row_03149,PRD-AMZHR6,7.621,Low Fat,0.1561,health and hygiene,87.58,STORE-AGY,45,Large,Tier_3,Standard Supermarket,1252.1
row_03150,PRD-YHVNT3,,Low Fat,0.0415,OTHERS,84.0,STORE-7WS,47,Medium,Tier_3,Flagship Hypermarket,2389.37
row_03151,PRD-R04H5W,19.548,Low Fat,0.1266,HOUSEHOLD,186.39,STORE-9RG,28,Small,Tier_2,Standard Supermarket,3477.8
row_03152,PRD-ETAGHN,6.846,Regular,0.0237,Snack Foods,205.21,STORE-9RG,28,Small,Tier_2,Standard Supermarket,4524.08
row_03153,PRD-7Q94JB,15.526,Regular,0.0649,Frozen Foods,147.77,STORE-OYG,25,,Tier_2,Standard Supermarket,3934.25
row_03154,PRD-IEPXXY,18.97,Low Fat,0.0164,Frozen Foods,119.2,STORE-OYG,25,,Tier_2,Standard Supermarket,3273.09
row_03155,PRD-1J8NER,6.46,Low Fat,0.0456,HOUSEHOLD,118.33,STORE-JOR,34,,Tier_3,Corner Shop,238.12
row_03156,PRD-8SEN50,13.136,Low Fat,0.0926,others,103.1,STORE-DKU,30,,Tier_2,Standard Supermarket,2062.09
row_03157,PRD-OOBWF4,14.999,Low Fat,0.0142,FROZEN FOODS,39.08,STORE-89Z,33,Medium,Tier_1,Standard Supermarket,452.87
row_03158,PRD-N9CUWJ,,Low Fat,0.0602,snack foods,239.6,STORE-T5G,47,Small,Tier_1,Corner Shop,494.54
row_03160,PRD-D7S0Z9,17.728,Low Fat,0.0962,health and hygiene,247.34,STORE-DKU,30,,Tier_2,Standard Supermarket,4046.17
row_03162,PRD-VM43VV,9.693,Low Fat,0.1128,health and hygiene,165.04,STORE-YLW,35,Small,Tier_1,Standard Supermarket,1889.28
row_03163,PRD-N0RSKQ,15.118,Low Fat,0.0,SNACK FOODS,201.89,STORE-JOR,34,,Tier_3,Corner Shop,187.74
row_03164,PRD-MSK8AG,17.96,Low Fat,0.0876,Dairy,183.69,STORE-OYG,25,,Tier_2,Standard Supermarket,4270.01
row_03166,PRD-R5JEK1,,Regular,0.0314,SNACK FOODS,111.76,STORE-7WS,47,Medium,Tier_3,Flagship Hypermarket,5411.69
row_03167,PRD-NA7L0E,15.533,Regular,0.0265,Canned,169.63,STORE-AGY,45,Large,Tier_3,Standard Supermarket,1830.97
row_03168,PRD-5094DF,7.266,Low Fat,0.0174,frozen foods,155.79,STORE-89Z,33,Medium,Tier_1,Standard Supermarket,2153.35
row_03170,PRD-75E78H,7.128,Low Fat,0.0328,household,170.93,STORE-OYG,25,,Tier_2,Standard Supermarket,2978.23
row_03171,PRD-EU4L5G,,Regular,0.0983,Fruits and Vegetables,195.09,STORE-7WS,47,Medium,Tier_3,Flagship Hypermarket,6984.95
row_03172,PRD-RJX4XT,17.356,Regular,0.026,Canned,141.84,STORE-DKU,30,,Tier_2,Standard Supermarket,3286.02
row_03173,PRD-2NS5MH,21.31,Low Fat,0.1691,Canned,188.71,STORE-AGY,45,Large,Tier_3,Standard Supermarket,4466.45
row_03174,PRD-JSPKET,6.849,Regular,0.105,DAIRY,95.69,STORE-AGY,45,Large,Tier_3,Standard Supermarket,915.93
row_03176,PRD-J5S6R0,,Regular,0.0447,dairy,147.54,STORE-7WS,47,Medium,Tier_3,Flagship Hypermarket,3470.43
row_03177,PRD-41ZE8O,,Regular,0.1135,Snack Foods,40.86,STORE-T5G,47,Small,Tier_1,Corner Shop,44.33
row_03178,PRD-PR2ESP,14.282,Low Fat,0.0366,Hard Drinks,141.42,STORE-JOR,34,,Tier_3,Corner Shop,434.81
row_03179,PRD-2UETCH,19.228,Low Fat,0.0341,Meat,176.47,STORE-HL7,23,Medium,Tier_3,Superstore,3451.84
row_03180,PRD-93TBZQ,14.433,Regular,0.0682,Fruits and Vegetables,87.35,STORE-9RG,28,Small,Tier_2,Standard Supermarket,1652.91
row_03181,PRD-AMZHR6,7.844,Low Fat,0.2611,HEALTH AND HYGIENE,85.65,STORE-JOR,34,,Tier_3,Corner Shop,167.86
row_03182,PRD-8A5PN4,5.723,Regular,0.0768,Fruits and Vegetables,252.65,STORE-DKU,30,,Tier_2,Standard Supermarket,4868.02
row_03183,PRD-Y2YYF8,8.132,Low Fat,0.0839,baking goods,150.25,STORE-DKU,30,,Tier_2,Standard Supermarket,1193.39
row_03185,PRD-BPT359,4.794,Regular,0.1292,Baking Goods,56.47,STORE-AGY,45,Large,Tier_3,Standard Supermarket,619.93
row_03186,PRD-LZBZ98,18.2,Low Fat,0.0,Health and Hygiene,43.43,STORE-DKU,30,,Tier_2,Standard Supermarket,1114.44
row_03188,PRD-40V1GK,17.542,Low Fat,0.0273,SNACK FOODS,257.51,STORE-DKU,30,,Tier_2,Standard Supermarket,2474.78
row_03189,PRD-OEM1VZ,,Regular,0.1364,Dairy,187.93,STORE-T5G,47,Small,Tier_1,Corner Shop,941.7
row_03190,PRD-M82I1L,,Low Fat,0.2794,Soft Drinks,232.08,STORE-T5G,47,Small,Tier_1,Corner Shop,691.11
row_03191,PRD-CFDOOB,9.112,Regular,0.2041,Fruits and Vegetables,99.24,STORE-JOR,34,,Tier_3,Corner Shop,211.9
row_03193,PRD-AAFH5J,20.915,Low Fat,0.0,FRUITS AND VEGETABLES,90.65,STORE-JOR,34,,Tier_3,Corner Shop,89.39
row_03194,PRD-6SVH6Q,7.72,Regular,0.0444,BAKING GOODS,187.53,STORE-89Z,33,Medium,Tier_1,Standard Supermarket,3692.48
row_03195,PRD-7F4S1U,7.55,Regular,0.1395,Fruits and Vegetables,168.55,STORE-DKU,30,,Tier_2,Standard Supermarket,2068.5
row_03197,PRD-78TW48,9.448,Regular,0.0104,Snack Foods,187.2,STORE-AGY,45,Large,Tier_3,Standard Supermarket,2934.0
row_03198,PRD-1RUPFR,8.45,Low Fat,0.0754,Hard Drinks,38.9,STORE-YLW,35,Small,Tier_1,Standard Supermarket,567.17
row_03199,PRD-K054NZ,12.005,Low Fat,0.0294,Soft Drinks,141.94,STORE-89Z,33,Medium,Tier_1,Standard Supermarket,2643.48
row_03200,PRD-3WTZL0,5.366,Low Fat,0.0457,others,103.92,STORE-YLW,35,Small,Tier_1,Standard Supermarket,3366.85
row_03201,PRD-192YWO,,Low Fat,0.0277,Canned,55.84,STORE-7WS,47,Medium,Tier_3,Flagship Hypermarket,1805.65
row_03203,PRD-CYUEID,9.915,Low Fat,0.0917,others,192.52,STORE-DKU,30,,Tier_2,Standard Supermarket,4729.39
row_03204,PRD-MH7GX8,19.009,Low Fat,0.0998,dairy,53.73,STORE-HL7,23,Medium,Tier_3,Superstore,1261.03
row_03205,PRD-4CYXQB,17.21,Low Fat,0.1119,snack foods,184.26,STORE-YLW,35,Small,Tier_1,Standard Supermarket,3571.95
row_03206,PRD-8MVMVQ,,Low Fat,0.1238,Household,112.55,STORE-DKU,30,,Tier_2,Standard Supermarket,3404.5
row_03209,PRD-2RL15F,10.037,Low Fat,0.0,Hard Drinks,112.0,STORE-YLW,35,Small,Tier_1,Standard Supermarket,1750.49
row_03210,PRD-UWE98S,7.35,Low Fat,0.0541,frozen foods,232.92,STORE-JOR,34,,Tier_3,Corner Shop,233.59
row_03211,PRD-ZEGYU5,9.859,Regular,0.0453,SNACK FOODS,39.22,STORE-OYG,25,,Tier_2,Standard Supermarket,1200.84
row_03213,PRD-9R9NDL,14.946,Regular,0.0128,snack foods,127.28,STORE-OYG,25,,Tier_2,Standard Supermarket,3731.29
row_03214,PRD-33VFUM,16.647,Low Fat,0.0522,HEALTH AND HYGIENE,120.51,STORE-YLW,35,Small,Tier_1,Standard Supermarket,2553.45
row_03215,PRD-QPT16H,,Low Fat,0.0153,Household,163.51,STORE-7WS,47,Medium,Tier_3,Flagship Hypermarket,1904.73
row_03216,PRD-ZE84LM,7.134,Low Fat,0.0,Frozen Foods,95.84,STORE-HL7,23,Medium,Tier_3,Superstore,918.37
row_03217,PRD-M2OX8M,13.439,Low Fat,0.0232,fruits and vegetables,156.51,STORE-OYG,25,,Tier_2,Standard Supermarket,2008.7
row_03219,PRD-R3PE29,5.604,Low Fat,0.0,SOFT DRINKS,145.03,STORE-YLW,35,Small,Tier_1,Standard Supermarket,1167.18
row_03220,PRD-C1B3EU,,Regular,0.1764,Frozen Foods,46.61,STORE-T5G,47,Small,Tier_1,Corner Shop,45.18
row_03221,PRD-SWX1JP,9.578,Low Fat,0.0464,Baking Goods,103.98,STORE-89Z,33,Medium,Tier_1,Standard Supermarket,1987.58
row_03222,PRD-5WVO01,,Low Fat,0.03,HEALTH AND HYGIENE,36.38,STORE-7WS,47,Medium,Tier_3,Flagship Hypermarket,1648.7
row_03224,PRD-4KDSBS,,Low Fat,0.0827,BAKING GOODS,98.94,STORE-T5G,47,Small,Tier_1,Corner Shop,502.83
row_03225,PRD-MNUTT1,8.222,Low Fat,0.1798,Canned,143.62,STORE-DKU,30,,Tier_2,Standard Supermarket,1068.42
row_03227,PRD-CYUEID,9.616,Low Fat,0.0864,Others,197.07,STORE-9RG,28,Small,Tier_2,Standard Supermarket,768.64
row_03228,PRD-74W4G2,16.146,Regular,0.0168,frozen foods,96.47,STORE-89Z,33,Medium,Tier_1,Standard Supermarket,2642.06
row_03231,PRD-8MX1EV,18.92,Low Fat,0.0145,soft drinks,52.72,STORE-DKU,30,,Tier_2,Standard Supermarket,1102.25
row_03232,PRD-PD4RXB,15.763,Regular,0.1164,baking goods,57.6,STORE-AGY,45,Large,Tier_3,Standard Supermarket,600.54
row_03234,PRD-IUYATD,11.117,Low Fat,0.0331,Household,118.04,STORE-9RG,28,Small,Tier_2,Standard Supermarket,1612.21
row_03235,PRD-BOOINB,13.86,Low Fat,0.0129,CANNED,105.75,STORE-9RG,28,Small,Tier_2,Standard Supermarket,724.86
row_03237,PRD-BXIITA,12.271,Low Fat,0.0067,Others,126.12,STORE-89Z,33,Medium,Tier_1,Standard Supermarket,1189.59
row_03238,PRD-KDNQ4G,21.801,Low Fat,0.0191,snack foods,120.72,STORE-YLW,35,Small,Tier_1,Standard Supermarket,3217.07
row_03240,PRD-EPWUKF,9.006,Low Fat,0.0998,BAKING GOODS,46.36,STORE-YLW,35,Small,Tier_1,Standard Supermarket,1135.67
row_03241,PRD-JTGE75,,Regular,0.0332,Breads,154.7,STORE-7WS,47,Medium,Tier_3,Flagship Hypermarket,4829.6
row_03242,PRD-KDJU3I,15.562,Low Fat,0.0554,dairy,226.51,STORE-AGY,45,Large,Tier_3,Standard Supermarket,5950.32
row_03243,PRD-C8MXAU,,Regular,0.046,FROZEN FOODS,49.37,STORE-HL7,23,Medium,Tier_3,Superstore,523.97
row_03244,PRD-J3GHQ5,,Low Fat,0.044,FRUITS AND VEGETABLES,89.29,STORE-7WS,47,Medium,Tier_3,Flagship Hypermarket,2100.74
row_03245,PRD-AQ8H3X,11.119,Low Fat,0.0678,fruits and vegetables,196.17,STORE-HL7,23,Medium,Tier_3,Superstore,2357.65
row_03247,PRD-59JSU0,15.344,Regular,0.1013,MEAT,137.45,STORE-HL7,23,Medium,Tier_3,Superstore,1798.83
row_03248,PRD-IVLU4E,16.277,Low Fat,0.0139,others,106.03,STORE-DKU,30,,Tier_2,Standard Supermarket,1075.71
row_03249,PRD-YLAH3X,,Low Fat,0.0569,HOUSEHOLD,113.11,STORE-T5G,47,Small,Tier_1,Corner Shop,447.39
row_03250,PRD-WWQC38,,Low Fat,0.0672,soft drinks,104.77,STORE-7WS,47,Medium,Tier_3,Flagship Hypermarket,2907.03
row_03251,PRD-90XDR7,12.517,Low Fat,0.0198,BREADS,191.69,STORE-AGY,45,Large,Tier_3,Standard Supermarket,2619.08
row_03252,PRD-GV2TFK,7.321,Low Fat,0.0478,Health and Hygiene,97.57,STORE-89Z,33,Medium,Tier_1,Standard Supermarket,1524.2
row_03254,PRD-9TK51I,,Regular,0.0748,frozen foods,192.89,STORE-T5G,47,Small,Tier_1,Corner Shop,384.28
row_03255,PRD-QCMSWD,8.55,Low Fat,0.0091,Frozen Foods,99.68,STORE-AGY,45,Large,Tier_3,Standard Supermarket,674.37
row_03256,PRD-1SZJIV,10.286,Regular,0.1452,dairy,193.2,STORE-YLW,35,Small,Tier_1,Standard Supermarket,4057.72
row_03257,PRD-Y6X573,6.142,Low Fat,0.0777,Others,137.89,STORE-DKU,30,,Tier_2,Standard Supermarket,2697.69
row_03258,PRD-OZ9XFZ,15.98,Regular,0.0982,frozen foods,88.15,STORE-OYG,25,,Tier_2,Standard Supermarket,255.93
row_03260,PRD-TRMI8Q,13.207,Low Fat,0.0117,OTHERS,191.03,STORE-AGY,45,Large,Tier_3,Standard Supermarket,3502.46
row_03261,PRD-N244KO,20.081,Low Fat,0.034,snack foods,217.83,STORE-89Z,33,Medium,Tier_1,Standard Supermarket,4577.56
row_03263,PRD-TV6685,18.497,Low Fat,0.0481,FRUITS AND VEGETABLES,146.11,STORE-HL7,23,Medium,Tier_3,Superstore,2409.73
row_03264,PRD-XHO0VH,20.79,Regular,0.1074,BREAKFAST,153.71,STORE-JOR,34,,Tier_3,Corner Shop,778.52
row_03265,PRD-2LYWBI,7.561,Low Fat,0.1565,Snack Foods,94.03,STORE-9RG,28,Small,Tier_2,Standard Supermarket,1260.3
row_03266,PRD-APC4XY,7.12,Regular,0.0389,Baking Goods,61.48,STORE-HL7,23,Medium,Tier_3,Superstore,1094.06
row_03268,PRD-7G23CP,8.811,Low Fat,0.0765,canned,78.6,STORE-OYG,25,,Tier_2,Standard Supermarket,1139.25
row_03269,PRD-4W0VUG,11.894,Low Fat,0.0546,Hard Drinks,78.79,STORE-OYG,25,,Tier_2,Standard Supermarket,2308.95
row_03270,PRD-WT29FN,18.027,Low Fat,0.0083,baking goods,80.46,STORE-9RG,28,Small,Tier_2,Standard Supermarket,395.0
row_03271,PRD-49DBZ7,11.081,Low Fat,0.1572,Snack Foods,104.28,STORE-OYG,25,,Tier_2,Standard Supermarket,1749.58
row_03272,PRD-1I4EOY,18.987,Low Fat,0.0397,Fruits and Vegetables,210.44,STORE-YLW,35,Small,Tier_1,Standard Supermarket,3014.15
row_03274,PRD-UT6Z84,11.056,Regular,0.0087,dairy,147.93,STORE-AGY,45,Large,Tier_3,Standard Supermarket,2034.47
row_03275,PRD-YZB4K8,17.59,Regular,0.0,fruits and vegetables,47.65,STORE-OYG,25,,Tier_2,Standard Supermarket,906.45
row_03276,PRD-X28K8T,10.58,Low Fat,0.0114,BREADS,40.34,STORE-9RG,28,Small,Tier_2,Standard Supermarket,1539.27
row_03277,PRD-US5PUY,14.349,Low Fat,0.0757,Fruits and Vegetables,48.57,STORE-OYG,25,,Tier_2,Standard Supermarket,289.14
row_03278,PRD-DH2TA3,9.106,Low Fat,0.0164,Household,107.08,STORE-DKU,30,,Tier_2,Standard Supermarket,1343.33
row_03279,PRD-20AP4V,19.378,Low Fat,0.0249,HOUSEHOLD,107.9,STORE-9RG,28,Small,Tier_2,Standard Supermarket,1772.22
row_03280,PRD-OE45D1,9.873,Low Fat,0.0262,CANNED,258.81,STORE-DKU,30,,Tier_2,Standard Supermarket,5716.35
row_03281,PRD-P8192C,,Low Fat,0.1228,HOUSEHOLD,213.73,STORE-T5G,47,Small,Tier_1,Corner Shop,208.24
row_03284,PRD-6625CS,,Regular,0.0378,Meat,233.75,STORE-7WS,47,Medium,Tier_3,Flagship Hypermarket,9403.18
row_03285,PRD-OEM1VZ,20.617,Regular,0.0774,DAIRY,198.31,STORE-AGY,45,Large,Tier_3,Standard Supermarket,2006.19
row_03287,PRD-1UFH01,,Regular,0.1425,Snack Foods,50.43,STORE-T5G,47,Small,Tier_1,Corner Shop,51.37
row_03289,PRD-9S9WWR,16.954,Regular,0.0797,fruits and vegetables,104.93,STORE-DKU,30,,Tier_2,Standard Supermarket,1590.66
row_03291,PRD-X7Z97Z,9.196,Low Fat,0.0969,Household,56.82,STORE-9RG,28,Small,Tier_2,Standard Supermarket,876.55
row_03293,PRD-HXTPDP,9.855,Low Fat,0.1751,Soft Drinks,239.29,STORE-YLW,35,Small,Tier_1,Standard Supermarket,728.59
row_03294,PRD-J4EFFF,8.133,Low Fat,0.0434,DAIRY,89.54,STORE-DKU,30,,Tier_2,Standard Supermarket,1149.48
row_03296,PRD-Q3QA3S,20.958,Regular,0.0317,dairy,260.07,STORE-OYG,25,,Tier_2,Standard Supermarket,2026.52
row_03297,PRD-2H3TZR,9.75,Low Fat,0.094,soft drinks,170.34,STORE-OYG,25,,Tier_2,Standard Supermarket,499.69
row_03298,PRD-P2S2O8,10.792,Low Fat,0.025,Fruits and Vegetables,57.7,STORE-OYG,25,,Tier_2,Standard Supermarket,467.85
row_03299,PRD-NVTANM,7.013,Regular,0.0627,FRUITS AND VEGETABLES,130.39,STORE-HL7,23,Medium,Tier_3,Superstore,2872.08
row_03300,PRD-QIRRQA,,Low Fat,0.1509,Dairy,189.0,STORE-T5G,47,Small,Tier_1,Corner Shop,577.4
row_03301,PRD-SUSDFO,,Regular,0.0,Baking Goods,165.83,STORE-7WS,47,Medium,Tier_3,Flagship Hypermarket,5220.33
row_03302,PRD-1IQXZX,15.944,Low Fat,0.0759,frozen foods,41.34,STORE-JOR,34,,Tier_3,Corner Shop,80.84
row_03303,PRD-Y8VYIF,18.676,Low Fat,0.0405,canned,255.77,STORE-9RG,28,Small,Tier_2,Standard Supermarket,5415.19
row_03304,PRD-OSI366,12.78,Low Fat,0.0831,Fruits and Vegetables,112.4,STORE-AGY,45,Large,Tier_3,Standard Supermarket,1573.1
row_03307,PRD-51LIY8,11.273,Low Fat,0.037,Dairy,57.58,STORE-DKU,30,,Tier_2,Standard Supermarket,632.76
row_03308,PRD-9L4UWN,11.167,Low Fat,0.1335,Snack Foods,224.39,STORE-HL7,23,Medium,Tier_3,Superstore,2704.6
row_03309,PRD-ZDVAG1,21.061,Low Fat,0.1453,HOUSEHOLD,38.68,STORE-YLW,35,Small,Tier_1,Standard Supermarket,191.95
row_03310,PRD-TF6NJ8,,Low Fat,0.095,FRUITS AND VEGETABLES,77.36,STORE-7WS,47,Medium,Tier_3,Flagship Hypermarket,1511.13
row_03311,PRD-O15RRZ,,Low Fat,0.1774,frozen foods,39.45,STORE-T5G,47,Small,Tier_1,Corner Shop,38.37
row_03312,PRD-WWQC38,12.388,Low Fat,0.0666,Soft Drinks,105.79,STORE-9RG,28,Small,Tier_2,Standard Supermarket,890.78
row_03313,PRD-BGLSH8,20.804,Low Fat,0.0328,household,38.35,STORE-OYG,25,,Tier_2,Standard Supermarket,309.1
row_03314,PRD-11CMKR,12.112,Low Fat,0.0345,CANNED,180.86,STORE-YLW,35,Small,Tier_1,Standard Supermarket,4415.01
row_03315,PRD-5I78U5,7.147,Regular,0.014,FRUITS AND VEGETABLES,238.06,STORE-AGY,45,Large,Tier_3,Standard Supermarket,933.41
row_03316,PRD-I4MJMA,,Low Fat,0.0555,HOUSEHOLD,261.59,STORE-T5G,47,Small,Tier_1,Corner Shop,250.6
row_03317,PRD-C0AR0O,5.175,Regular,0.0287,SNACK FOODS,109.05,STORE-DKU,30,,Tier_2,Standard Supermarket,1619.15
row_03318,PRD-GD8AFP,18.67,Low Fat,0.0459,Dairy,39.33,STORE-DKU,30,,Tier_2,Standard Supermarket,669.29
row_03319,PRD-BZNC9Q,6.843,Regular,0.1436,MEAT,186.04,STORE-HL7,23,Medium,Tier_3,Superstore,4201.32
row_03321,PRD-8A5PN4,,Regular,0.0757,FRUITS AND VEGETABLES,259.27,STORE-7WS,47,Medium,Tier_3,Flagship Hypermarket,7065.59
row_03322,PRD-P2S2O8,10.771,Low Fat,0.0245,FRUITS AND VEGETABLES,58.72,STORE-DKU,30,,Tier_2,Standard Supermarket,1201.66
row_03323,PRD-ZJZCZV,,Low Fat,0.0399,Snack Foods,102.11,STORE-7WS,47,Medium,Tier_3,Flagship Hypermarket,1794.49
row_03325,PRD-ZTFIIA,15.927,Low Fat,0.0255,Fruits and Vegetables,169.55,STORE-DKU,30,,Tier_2,Standard Supermarket,2791.6
row_03326,PRD-82BCVD,20.692,Regular,0.0,fruits and vegetables,132.16,STORE-OYG,25,,Tier_2,Standard Supermarket,3465.43
row_03328,PRD-5K9MLE,12.093,Low Fat,0.1582,Household,121.11,STORE-DKU,30,,Tier_2,Standard Supermarket,2177.07
row_03330,PRD-T4BXVH,8.974,Low Fat,0.0214,fruits and vegetables,106.46,STORE-DKU,30,,Tier_2,Standard Supermarket,1037.42
row_03331,PRD-SKCTQD,,Low Fat,0.0796,Breads,96.32,STORE-7WS,47,Medium,Tier_3,Flagship Hypermarket,3448.53
row_03332,PRD-1N0XXZ,11.022,Low Fat,0.0109,Canned,84.75,STORE-89Z,33,Medium,Tier_1,Standard Supermarket,1554.18
row_03333,PRD-IVLU4E,16.417,Low Fat,0.0136,Others,105.47,STORE-89Z,33,Medium,Tier_1,Standard Supermarket,1113.71
row_03334,PRD-R9QIKQ,,Low Fat,0.0659,baking goods,91.46,STORE-7WS,47,Medium,Tier_3,Flagship Hypermarket,2114.69
row_03335,PRD-JVZA65,,Low Fat,0.035,Snack Foods,151.22,STORE-T5G,47,Small,Tier_1,Corner Shop,607.12
row_03336,PRD-DYYVDQ,19.092,Regular,0.145,Canned,154.17,STORE-JOR,34,,Tier_3,Corner Shop,159.95
row_03337,PRD-MHJ45L,17.554,Low Fat,0.0149,Frozen Foods,72.97,STORE-YLW,35,Small,Tier_1,Standard Supermarket,1007.37
row_03339,PRD-NVTANM,,Regular,0.0618,Fruits and Vegetables,133.17,STORE-89Z,33,Medium,Tier_1,Standard Supermarket,3569.47
row_03340,PRD-G3QWQF,21.293,Regular,0.0762,Baking Goods,101.86,STORE-9RG,28,Small,Tier_2,Standard Supermarket,867.98
row_03341,PRD-MH7GX8,19.533,Low Fat,0.1739,Dairy,54.35,STORE-JOR,34,,Tier_3,Corner Shop,169.37
row_03342,PRD-CTXCWN,,Low Fat,0.0355,soft drinks,157.26,STORE-T5G,47,Small,Tier_1,Corner Shop,297.3
row_03343,PRD-V0PRKG,7.838,Low Fat,0.0676,SOFT DRINKS,241.55,STORE-DKU,30,,Tier_2,Standard Supermarket,6811.73
row_03345,PRD-7U00JT,8.145,Low Fat,0.0207,Seafood,107.81,STORE-DKU,30,,Tier_2,Standard Supermarket,2136.52
row_03346,PRD-4GPYWS,14.387,Low Fat,0.0512,Fruits and Vegetables,220.18,STORE-JOR,34,,Tier_3,Corner Shop,848.34
row_03347,PRD-NE9NNO,9.434,Low Fat,0.009,Fruits and Vegetables,117.87,STORE-AGY,45,Large,Tier_3,Standard Supermarket,2107.5
row_03348,PRD-T2DADY,17.543,Low Fat,0.0213,Others,82.64,STORE-OYG,25,,Tier_2,Standard Supermarket,1188.16
row_03349,PRD-Y0IY1L,,Low Fat,0.0537,snack foods,187.23,STORE-T5G,47,Small,Tier_1,Corner Shop,184.77
row_03352,PRD-XQFXKD,13.967,Low Fat,0.0914,canned,144.13,STORE-DKU,30,,Tier_2,Standard Supermarket,1742.07
row_03353,PRD-0L0JBS,9.069,Regular,0.015,Canned,101.45,STORE-JOR,34,,Tier_3,Corner Shop,100.47
row_03355,PRD-T4BXVH,,Low Fat,0.0378,fruits and vegetables,109.86,STORE-T5G,47,Small,Tier_1,Corner Shop,338.17
row_03356,PRD-SKCTQD,6.448,Low Fat,0.0,Breads,100.08,STORE-YLW,35,Small,Tier_1,Standard Supermarket,2398.18
row_03357,PRD-5N8I4P,12.094,Low Fat,0.1327,Dairy,97.49,STORE-AGY,45,Large,Tier_3,Standard Supermarket,821.6
row_03358,PRD-P8BYW4,,Regular,0.0234,Meat,229.04,STORE-7WS,47,Medium,Tier_3,Flagship Hypermarket,7134.86
row_03359,PRD-I85FVO,20.48,Low Fat,0.1101,household,62.62,STORE-JOR,34,,Tier_3,Corner Shop,128.1
row_03360,PRD-SDX9DA,13.332,Regular,0.0,meat,36.26,STORE-OYG,25,,Tier_2,Standard Supermarket,787.86
row_03361,PRD-XMVMZH,14.284,Regular,0.048,Meat,215.16,STORE-89Z,33,Medium,Tier_1,Standard Supermarket,6173.0
row_03363,PRD-7MFP05,14.492,Low Fat,0.0341,Soft Drinks,41.44,STORE-AGY,45,Large,Tier_3,Standard Supermarket,819.23
row_03364,PRD-TE0XFZ,,Regular,0.2546,frozen foods,217.88,STORE-T5G,47,Small,Tier_1,Corner Shop,635.96
row_03365,PRD-RWWK6P,,Low Fat,0.0137,BAKING GOODS,95.75,STORE-7WS,47,Medium,Tier_3,Flagship Hypermarket,2067.69
row_03366,PRD-D7OODG,18.811,Regular,0.0482,Fruits and Vegetables,78.42,STORE-AGY,45,Large,Tier_3,Standard Supermarket,2305.07
row_03367,PRD-V1VXVU,,Low Fat,0.0895,HEALTH AND HYGIENE,102.07,STORE-7WS,47,Medium,Tier_3,Flagship Hypermarket,1487.09
row_03368,PRD-E42X6G,11.69,Regular,0.0647,dairy,87.32,STORE-AGY,45,Large,Tier_3,Standard Supermarket,1513.82
row_03369,PRD-8QLHBI,9.537,Low Fat,0.1004,snack foods,229.39,STORE-AGY,45,Large,Tier_3,Standard Supermarket,1407.8
row_03370,PRD-ZGIUDT,15.554,Low Fat,0.0964,Health and Hygiene,119.64,STORE-9RG,28,Small,Tier_2,Standard Supermarket,2534.98
row_03371,PRD-3H7I5X,15.519,Regular,0.0996,Fruits and Vegetables,139.69,STORE-9RG,28,Small,Tier_2,Standard Supermarket,1730.4
row_03372,PRD-TXA99J,11.836,Regular,0.0093,Snack Foods,218.19,STORE-OYG,25,,Tier_2,Standard Supermarket,5284.58
row_03375,PRD-KYKE9F,13.314,Low Fat,0.0384,Snack Foods,240.26,STORE-AGY,45,Large,Tier_3,Standard Supermarket,2803.42
row_03376,PRD-Q4MPR9,,Low Fat,0.0506,SNACK FOODS,157.06,STORE-T5G,47,Small,Tier_1,Corner Shop,329.45
row_03377,PRD-6KBJ2C,16.18,Low Fat,0.0893,Dairy,144.62,STORE-AGY,45,Large,Tier_3,Standard Supermarket,1991.46
row_03378,PRD-OQTR1Y,7.148,Low Fat,0.1622,Snack Foods,203.07,STORE-JOR,34,,Tier_3,Corner Shop,197.18
row_03379,PRD-C71O4Y,11.4,Low Fat,0.1779,FRUITS AND VEGETABLES,126.32,STORE-DKU,30,,Tier_2,Standard Supermarket,1239.45
row_03381,PRD-D4K7YJ,17.242,Regular,0.0,STARCHY FOODS,179.88,STORE-9RG,28,Small,Tier_2,Standard Supermarket,6898.82
row_03383,PRD-W9XHRO,18.707,Regular,0.0055,Starchy Foods,219.88,STORE-OYG,25,,Tier_2,Standard Supermarket,5089.25
row_03384,PRD-5BFZ63,19.258,Low Fat,0.1398,CANNED,167.17,STORE-HL7,23,Medium,Tier_3,Superstore,1525.69
row_03385,PRD-KYKIRT,8.026,Low Fat,0.1265,fruits and vegetables,214.07,STORE-OYG,25,,Tier_2,Standard Supermarket,6145.4
row_03387,PRD-DTYGUJ,12.456,Low Fat,0.0816,Household,176.45,STORE-YLW,35,Small,Tier_1,Standard Supermarket,3414.7
row_03389,PRD-W3QN3T,,Low Fat,0.0416,Snack Foods,142.65,STORE-7WS,47,Medium,Tier_3,Flagship Hypermarket,4284.58
row_03390,PRD-NSQDTZ,17.134,Low Fat,0.0498,SNACK FOODS,115.12,STORE-HL7,23,Medium,Tier_3,Superstore,2806.27
row_03391,PRD-5R5L6R,6.526,Low Fat,0.1474,Frozen Foods,40.42,STORE-JOR,34,,Tier_3,Corner Shop,40.4
row_03392,PRD-QJTAA7,6.966,Regular,0.1604,breads,34.15,STORE-9RG,28,Small,Tier_2,Standard Supermarket,845.91
row_03393,PRD-RWWK6P,8.105,Low Fat,0.0136,Baking Goods,95.46,STORE-YLW,35,Small,Tier_1,Standard Supermarket,2238.28
row_03395,PRD-2PCM3G,,Low Fat,0.0659,fruits and vegetables,115.27,STORE-T5G,47,Small,Tier_1,Corner Shop,109.41
row_03396,PRD-LBIPQF,18.066,Regular,0.0446,Fruits and Vegetables,126.07,STORE-YLW,35,Small,Tier_1,Standard Supermarket,3023.8
row_03397,PRD-I4MJMA,8.146,Low Fat,0.0324,household,263.97,STORE-AGY,45,Large,Tier_3,Standard Supermarket,5584.4
row_03398,PRD-FGQJFY,7.945,Regular,0.1617,Baking Goods,37.6,STORE-89Z,33,Medium,Tier_1,Standard Supermarket,760.64
row_03400,PRD-IV473J,19.253,Regular,0.0184,frozen foods,181.25,STORE-89Z,33,Medium,Tier_1,Standard Supermarket,2697.23
row_03401,PRD-9ROJVZ,8.198,Regular,0.0852,frozen foods,57.86,STORE-OYG,25,,Tier_2,Standard Supermarket,174.41
row_03403,PRD-ZE84LM,7.055,Low Fat,0.023,frozen foods,95.51,STORE-YLW,35,Small,Tier_1,Standard Supermarket,1271.65
row_03404,PRD-43Z5TX,,Low Fat,0.0247,Fruits and Vegetables,157.21,STORE-7WS,47,Medium,Tier_3,Flagship Hypermarket,4463.72
row_03405,PRD-Y4II63,17.159,Low Fat,0.1236,Household,121.37,STORE-YLW,35,Small,Tier_1,Standard Supermarket,3906.07
row_03406,PRD-Z3PM7V,,Regular,0.0956,MEAT,181.75,STORE-7WS,47,Medium,Tier_3,Flagship Hypermarket,4459.88
row_03407,PRD-JMV47T,6.352,Regular,0.0159,MEAT,148.75,STORE-JOR,34,,Tier_3,Corner Shop,438.92
row_03409,PRD-X6M52Y,7.907,Regular,0.0203,CANNED,88.56,STORE-YLW,35,Small,Tier_1,Standard Supermarket,1524.51
row_03410,PRD-JZETKP,7.736,Low Fat,0.0147,Baking Goods,83.62,STORE-YLW,35,Small,Tier_1,Standard Supermarket,407.25
row_03411,PRD-PSQUZU,18.329,Low Fat,0.0544,SNACK FOODS,195.42,STORE-HL7,23,Medium,Tier_3,Superstore,2107.71
row_03412,PRD-THLXJ6,12.796,Low Fat,0.1192,SNACK FOODS,44.32,STORE-DKU,30,,Tier_2,Standard Supermarket,717.46
row_03413,PRD-ZDVAG1,20.48,Low Fat,0.141,Household,37.05,STORE-DKU,30,,Tier_2,Standard Supermarket,478.06
row_03414,PRD-30DM7X,,Regular,0.192,soft drinks,42.65,STORE-T5G,47,Small,Tier_1,Corner Shop,44.42
row_03415,PRD-8449K6,17.562,Regular,0.074,fruits and vegetables,204.97,STORE-HL7,23,Medium,Tier_3,Superstore,4129.3
row_03416,PRD-WOC36V,15.448,Low Fat,0.0635,others,188.31,STORE-YLW,35,Small,Tier_1,Standard Supermarket,3465.54
row_03417,PRD-9U47YU,11.057,Regular,0.0055,Fruits and Vegetables,168.35,STORE-YLW,35,Small,Tier_1,Standard Supermarket,5099.34
row_03418,PRD-GS8W0Q,,Low Fat,0.0494,fruits and vegetables,238.79,STORE-7WS,47,Medium,Tier_3,Flagship Hypermarket,3694.0
row_03419,PRD-SR6GI0,10.902,Low Fat,0.0359,Fruits and Vegetables,130.15,STORE-HL7,23,Medium,Tier_3,Superstore,1342.2
row_03420,PRD-PUWBWJ,,Regular,0.0761,Dairy,253.61,STORE-7WS,47,Medium,Tier_3,Flagship Hypermarket,7977.03
row_03421,PRD-ATSN1U,,Low Fat,0.0421,SOFT DRINKS,81.68,STORE-T5G,47,Small,Tier_1,Corner Shop,161.5
row_03422,PRD-64DI7N,20.576,Regular,0.0573,frozen foods,154.1,STORE-89Z,33,Medium,Tier_1,Standard Supermarket,718.05
row_03423,PRD-WJIQXP,,Regular,0.0741,Frozen Foods,190.07,STORE-7WS,47,Medium,Tier_3,Flagship Hypermarket,8527.57
row_03424,PRD-U3P1ZC,16.995,Low Fat,0.132,Breads,89.52,STORE-AGY,45,Large,Tier_3,Standard Supermarket,1542.57
row_03425,PRD-EPMKVT,20.009,Low Fat,0.0792,Health and Hygiene,61.21,STORE-HL7,23,Medium,Tier_3,Superstore,975.84
row_03426,PRD-PX52L4,6.926,Regular,0.1357,Breakfast,93.06,STORE-HL7,23,Medium,Tier_3,Superstore,175.13
row_03427,PRD-Y7CQKD,14.197,Regular,0.0654,Fruits and Vegetables,74.04,STORE-OYG,25,,Tier_2,Standard Supermarket,1586.78
row_03428,PRD-YWIQC5,,Regular,0.0295,fruits and vegetables,47.71,STORE-9RG,28,Small,Tier_2,Standard Supermarket,1207.81
row_03429,PRD-CHPZ5T,,Low Fat,0.0316,health and hygiene,211.25,STORE-T5G,47,Small,Tier_1,Corner Shop,1497.04
row_03430,PRD-WTXI27,13.163,Low Fat,0.0742,Dairy,74.81,STORE-OYG,25,,Tier_2,Standard Supermarket,1869.67
row_03433,PRD-LRTVWA,7.675,Low Fat,0.053,dairy,196.64,STORE-9RG,28,Small,Tier_2,Standard Supermarket,5533.21
row_03434,PRD-QLQCG1,,Low Fat,0.0434,soft drinks,108.01,STORE-T5G,47,Small,Tier_1,Corner Shop,204.85
row_03435,PRD-WOLYTS,12.286,Regular,0.041,Fruits and Vegetables,122.26,STORE-89Z,33,Medium,Tier_1,Standard Supermarket,4231.3
row_03436,PRD-C8MXAU,9.381,Regular,0.0471,Frozen Foods,54.31,STORE-89Z,33,Medium,Tier_1,Standard Supermarket,1422.88
row_03437,PRD-WM8LSW,15.802,Low Fat,0.0731,baking goods,253.02,STORE-HL7,23,Medium,Tier_3,Superstore,4178.91
row_03438,PRD-X497W1,10.345,Low Fat,0.0469,Hard Drinks,160.26,STORE-DKU,30,,Tier_2,Standard Supermarket,4287.29
row_03439,PRD-TE0XFZ,7.349,Regular,0.0,Frozen Foods,206.31,STORE-DKU,30,,Tier_2,Standard Supermarket,6465.73
row_03441,PRD-VP8OWT,20.815,Low Fat,0.0292,Household,145.9,STORE-9RG,28,Small,Tier_2,Standard Supermarket,2424.46
row_03442,PRD-PWKCZV,,Low Fat,0.017,FRUITS AND VEGETABLES,236.22,STORE-7WS,47,Medium,Tier_3,Flagship Hypermarket,5074.49
row_03443,PRD-V3OJ57,8.79,Low Fat,0.0386,FROZEN FOODS,54.21,STORE-OYG,25,,Tier_2,Standard Supermarket,549.15
row_03445,PRD-CBFCQN,13.661,Low Fat,0.0217,Baking Goods,119.53,STORE-HL7,23,Medium,Tier_3,Superstore,1784.96
row_03446,PRD-S4SJ2V,5.263,Regular,0.1408,DAIRY,51.7,STORE-HL7,23,Medium,Tier_3,Superstore,390.8
row_03447,PRD-KL6CEV,,Low Fat,0.0872,Household,86.68,STORE-7WS,47,Medium,Tier_3,Flagship Hypermarket,2075.83
row_03449,PRD-UZS9IM,17.479,Low Fat,0.0419,soft drinks,168.03,STORE-9RG,28,Small,Tier_2,Standard Supermarket,1662.03
row_03450,PRD-679O2X,20.937,Low Fat,0.0499,Snack Foods,189.22,STORE-AGY,45,Large,Tier_3,Standard Supermarket,1534.0
row_03451,PRD-B9OF3M,16.492,Low Fat,0.0777,fruits and vegetables,249.65,STORE-89Z,33,Medium,Tier_1,Standard Supermarket,6594.7
row_03452,PRD-FZX6AP,12.976,Regular,0.0362,SNACK FOODS,89.93,STORE-YLW,35,Small,Tier_1,Standard Supermarket,1485.53
row_03453,PRD-R9OUDO,5.654,Low Fat,0.0432,Soft Drinks,87.06,STORE-DKU,30,,Tier_2,Standard Supermarket,1997.78
row_03455,PRD-OE45D1,10.174,Low Fat,0.0264,Canned,267.54,STORE-YLW,35,Small,Tier_1,Standard Supermarket,3754.83
row_03456,PRD-IPH6H7,6.129,Low Fat,0.0421,FRUITS AND VEGETABLES,151.24,STORE-9RG,28,Small,Tier_2,Standard Supermarket,2312.24
row_03457,PRD-AQNCDZ,13.594,Regular,0.0,Canned,209.53,STORE-OYG,25,,Tier_2,Standard Supermarket,7556.65
row_03460,PRD-90XDR7,12.487,Low Fat,0.0204,Breads,195.92,STORE-9RG,28,Small,Tier_2,Standard Supermarket,4198.09
row_03461,PRD-QLQCG1,8.535,Low Fat,0.0239,soft drinks,107.83,STORE-YLW,35,Small,Tier_1,Standard Supermarket,963.33
row_03462,PRD-HLJ2XL,19.054,Low Fat,0.0371,MEAT,59.17,STORE-HL7,23,Medium,Tier_3,Superstore,801.26
row_03463,PRD-TGVS38,15.586,Regular,0.0985,DAIRY,62.47,STORE-DKU,30,,Tier_2,Standard Supermarket,730.42
row_03465,PRD-YUG5GN,12.052,Low Fat,0.1187,FRUITS AND VEGETABLES,47.95,STORE-DKU,30,,Tier_2,Standard Supermarket,579.49
row_03466,PRD-OWOT0V,11.99,Regular,0.0444,Canned,128.99,STORE-89Z,33,Medium,Tier_1,Standard Supermarket,1874.24
row_03467,PRD-CHPZ5T,18.696,Low Fat,0.0186,HEALTH AND HYGIENE,218.19,STORE-HL7,23,Medium,Tier_3,Superstore,2189.33
row_03468,PRD-RJX4XT,16.925,Regular,0.0267,Canned,143.62,STORE-AGY,45,Large,Tier_3,Standard Supermarket,2067.1
row_03469,PRD-1XRZN0,15.363,Low Fat,0.0217,canned,214.18,STORE-YLW,35,Small,Tier_1,Standard Supermarket,1801.88
row_03470,PRD-0T2RJM,7.787,Low Fat,0.0322,canned,115.3,STORE-89Z,33,Medium,Tier_1,Standard Supermarket,1775.68
row_03471,PRD-ZVRERW,,Low Fat,0.0625,dairy,92.4,STORE-T5G,47,Small,Tier_1,Corner Shop,358.44
row_03472,PRD-DKYAYQ,18.061,Low Fat,0.0333,Dairy,154.82,STORE-HL7,23,Medium,Tier_3,Superstore,1979.32
row_03473,PRD-BZNC9Q,6.856,Regular,0.1417,Meat,182.69,STORE-89Z,33,Medium,Tier_1,Standard Supermarket,4203.83
row_03474,PRD-6SCK8E,11.21,Low Fat,0.0456,Household,182.25,STORE-DKU,30,,Tier_2,Standard Supermarket,5140.65
row_03476,PRD-4AWTY0,9.271,Low Fat,0.0812,Hard Drinks,183.66,STORE-89Z,33,Medium,Tier_1,Standard Supermarket,6040.83
row_03477,PRD-7VMGGA,,Low Fat,0.0,Health and Hygiene,102.6,STORE-7WS,47,Medium,Tier_3,Flagship Hypermarket,3616.65
row_03478,PRD-VN11V8,11.289,Low Fat,0.0586,Fruits and Vegetables,150.63,STORE-9RG,28,Small,Tier_2,Standard Supermarket,3125.03
row_03479,PRD-BUQGEV,17.77,Low Fat,0.0114,Snack Foods,217.82,STORE-DKU,30,,Tier_2,Standard Supermarket,2551.88
row_03480,PRD-0YLTZ9,,Low Fat,0.0,Dairy,74.01,STORE-T5G,47,Small,Tier_1,Corner Shop,156.14
row_03481,PRD-082UAZ,,Low Fat,0.0268,HOUSEHOLD,174.59,STORE-7WS,47,Medium,Tier_3,Flagship Hypermarket,4073.98
row_03482,PRD-49M5ZM,12.343,Low Fat,0.1022,Fruits and Vegetables,113.5,STORE-YLW,35,Small,Tier_1,Standard Supermarket,938.04
row_03483,PRD-HLJ2XL,18.312,Low Fat,0.035,meat,56.73,STORE-DKU,30,,Tier_2,Standard Supermarket,1156.82
row_03484,PRD-AK5W77,8.552,Regular,0.0,Canned,232.47,STORE-9RG,28,Small,Tier_2,Standard Supermarket,5349.78
row_03486,PRD-PSQUZU,18.217,Low Fat,0.0513,Snack Foods,192.4,STORE-DKU,30,,Tier_2,Standard Supermarket,1385.28
row_03487,PRD-5GAS44,8.524,Low Fat,0.0265,soft drinks,155.86,STORE-9RG,28,Small,Tier_2,Standard Supermarket,3396.28
row_03488,PRD-UM4ULZ,13.222,Regular,0.0728,Fruits and Vegetables,60.64,STORE-HL7,23,Medium,Tier_3,Superstore,939.71
row_03491,PRD-N6HW1H,12.211,Regular,0.0628,STARCHY FOODS,94.4,STORE-OYG,25,,Tier_2,Standard Supermarket,2215.04
row_03492,PRD-HCAZ89,13.369,Regular,0.0175,Snack Foods,83.64,STORE-OYG,25,,Tier_2,Standard Supermarket,659.06
row_03494,PRD-YTXH8P,5.343,Regular,0.079,MEAT,182.74,STORE-JOR,34,,Tier_3,Corner Shop,576.93
row_03496,PRD-KS265G,15.967,Low Fat,0.163,household,57.55,STORE-AGY,45,Large,Tier_3,Standard Supermarket,305.06
row_03497,PRD-UHZ6A8,9.181,Low Fat,0.0437,Hard Drinks,123.03,STORE-OYG,25,,Tier_2,Standard Supermarket,2868.12
row_03498,PRD-XWBVYG,10.07,Low Fat,0.0504,BREADS,35.7,STORE-HL7,23,Medium,Tier_3,Superstore,228.98
row_03499,PRD-2NS5MH,20.747,Low Fat,0.1784,CANNED,185.67,STORE-89Z,33,Medium,Tier_1,Standard Supermarket,1838.8
row_03500,PRD-1GN81E,13.61,Regular,0.1288,Snack Foods,268.1,STORE-AGY,45,Large,Tier_3,Standard Supermarket,3581.48
row_03501,PRD-EU4L5G,15.82,Regular,0.0965,Fruits and Vegetables,203.9,STORE-89Z,33,Medium,Tier_1,Standard Supermarket,2712.08
row_03502,PRD-V3EOYY,15.56,Low Fat,0.1198,Breads,222.19,STORE-JOR,34,,Tier_3,Corner Shop,432.45
row_03503,PRD-Z3PM7V,20.415,Regular,0.0989,Meat,173.17,STORE-AGY,45,Large,Tier_3,Standard Supermarket,4452.21
row_03504,PRD-OF2TX0,7.602,Low Fat,0.1085,SNACK FOODS,109.47,STORE-HL7,23,Medium,Tier_3,Superstore,2427.57
row_03505,PRD-7G23CP,8.804,Low Fat,0.0827,CANNED,79.55,STORE-DKU,30,,Tier_2,Standard Supermarket,1740.54
row_03506,PRD-JZ2N82,12.901,Low Fat,0.103,Household,47.25,STORE-HL7,23,Medium,Tier_3,Superstore,559.38
row_03507,PRD-EMDJNI,15.88,Low Fat,0.0214,Household,43.47,STORE-YLW,35,Small,Tier_1,Standard Supermarket,445.55
row_03508,PRD-FNO6B9,,Regular,0.1308,Soft Drinks,189.77,STORE-7WS,47,Medium,Tier_3,Flagship Hypermarket,7366.46
row_03509,PRD-IFY7O0,13.104,Regular,0.0453,fruits and vegetables,176.6,STORE-YLW,35,Small,Tier_1,Standard Supermarket,2419.39
row_03510,PRD-UJA86V,19.544,Low Fat,0.1237,Canned,92.83,STORE-OYG,25,,Tier_2,Standard Supermarket,602.88
row_03512,PRD-C5BV1L,,Low Fat,0.0221,household,105.51,STORE-7WS,47,Medium,Tier_3,Flagship Hypermarket,2845.86
row_03513,PRD-VLUDBJ,5.736,Regular,0.0417,Snack Foods,176.86,STORE-AGY,45,Large,Tier_3,Standard Supermarket,712.18
row_03514,PRD-VP8OWT,21.512,Low Fat,0.0296,household,143.94,STORE-OYG,25,,Tier_2,Standard Supermarket,1377.57
row_03515,PRD-7MFP05,,Low Fat,0.0342,Soft Drinks,40.28,STORE-7WS,47,Medium,Tier_3,Flagship Hypermarket,1328.75
row_03516,PRD-CZ2O8N,15.145,Regular,0.0248,BAKING GOODS,85.79,STORE-OYG,25,,Tier_2,Standard Supermarket,1546.93
row_03518,PRD-18NL4I,,Regular,0.0214,Fruits and Vegetables,122.85,STORE-7WS,47,Medium,Tier_3,Flagship Hypermarket,3242.23
row_03519,PRD-ON4O79,15.93,Low Fat,0.0162,Household,100.56,STORE-HL7,23,Medium,Tier_3,Superstore,1597.49
row_03521,PRD-EVYY91,,Low Fat,0.0163,Health and Hygiene,110.92,STORE-7WS,47,Medium,Tier_3,Flagship Hypermarket,2483.6
row_03523,PRD-FL1299,8.825,Regular,0.0,CANNED,85.88,STORE-HL7,23,Medium,Tier_3,Superstore,1315.5
row_03524,PRD-YWIQC5,19.882,Regular,0.0273,Fruits and Vegetables,45.86,STORE-OYG,25,,Tier_2,Standard Supermarket,1134.25
row_03525,PRD-GVJICS,15.782,Regular,0.1736,Snack Foods,150.04,STORE-AGY,45,Large,Tier_3,Standard Supermarket,1861.25
row_03527,PRD-NF4EK6,18.594,Low Fat,0.0682,HOUSEHOLD,43.19,STORE-89Z,33,Medium,Tier_1,Standard Supermarket,768.39
row_03528,PRD-J51IFI,12.332,Low Fat,0.0219,breads,160.81,STORE-9RG,28,Small,Tier_2,Standard Supermarket,3389.55
row_03530,PRD-U0J0N0,8.661,Low Fat,0.0259,frozen foods,213.56,STORE-HL7,23,Medium,Tier_3,Superstore,4902.67
row_03531,PRD-ITAZVY,,Low Fat,0.0623,Frozen Foods,46.55,STORE-7WS,47,Medium,Tier_3,Flagship Hypermarket,1508.75
row_03533,PRD-WKDRX0,15.756,Regular,0.06,meat,46.77,STORE-89Z,33,Medium,Tier_1,Standard Supermarket,980.67
row_03534,PRD-LBIPQF,,Regular,0.0451,fruits and vegetables,120.95,STORE-7WS,47,Medium,Tier_3,Flagship Hypermarket,2917.62
row_03535,PRD-QP5M3G,7.502,Low Fat,0.0253,Canned,89.4,STORE-JOR,34,,Tier_3,Corner Shop,187.59
row_03536,PRD-965050,,Low Fat,0.1478,Frozen Foods,214.36,STORE-T5G,47,Small,Tier_1,Corner Shop,442.77
row_03538,PRD-AYNU0X,6.533,Low Fat,0.0339,Breads,212.87,STORE-9RG,28,Small,Tier_2,Standard Supermarket,4741.55
row_03541,PRD-S1R8NF,13.595,Regular,0.0249,SNACK FOODS,81.21,STORE-YLW,35,Small,Tier_1,Standard Supermarket,2151.6
row_03542,PRD-X36ZHB,10.096,Regular,0.0252,BAKING GOODS,175.78,STORE-AGY,45,Large,Tier_3,Standard Supermarket,2112.72
row_03543,PRD-U9W2MB,13.545,Regular,0.1677,fruits and vegetables,144.08,STORE-89Z,33,Medium,Tier_1,Standard Supermarket,1540.49
row_03544,PRD-XMVMZH,14.247,Regular,0.0511,Meat,211.4,STORE-AGY,45,Large,Tier_3,Standard Supermarket,3126.69
row_03545,PRD-Y0PRZV,6.609,Regular,0.0764,Breads,147.35,STORE-DKU,30,,Tier_2,Standard Supermarket,2718.7
row_03546,PRD-KK5FI1,12.201,Regular,0.0725,Canned,87.17,STORE-YLW,35,Small,Tier_1,Standard Supermarket,1583.62
row_03548,PRD-9P452B,,Low Fat,0.0759,Hard Drinks,227.49,STORE-7WS,47,Medium,Tier_3,Flagship Hypermarket,4390.16
row_03549,PRD-UDT59W,16.876,Regular,0.0266,CANNED,95.09,STORE-89Z,33,Medium,Tier_1,Standard Supermarket,486.2
row_03552,PRD-HR8X8C,13.331,Regular,0.1278,Starchy Foods,101.08,STORE-89Z,33,Medium,Tier_1,Standard Supermarket,1842.35
row_03553,PRD-54IKMO,,Regular,0.1503,FRUITS AND VEGETABLES,243.61,STORE-7WS,47,Medium,Tier_3,Flagship Hypermarket,9564.04
row_03554,PRD-74AVMI,15.399,Low Fat,0.0921,Snack Foods,221.73,STORE-OYG,25,,Tier_2,Standard Supermarket,3941.11
row_03555,PRD-HYS3T2,,Low Fat,0.0699,Snack Foods,122.32,STORE-7WS,47,Medium,Tier_3,Flagship Hypermarket,4132.71
row_03556,PRD-7EFVUZ,15.019,Low Fat,0.0461,HEALTH AND HYGIENE,139.1,STORE-DKU,30,,Tier_2,Standard Supermarket,1622.23
row_03558,PRD-K3596H,6.835,Regular,0.043,Snack Foods,103.52,STORE-AGY,45,Large,Tier_3,Standard Supermarket,2304.4
row_03559,PRD-B9UOE3,21.243,Low Fat,0.1503,Snack Foods,174.04,STORE-HL7,23,Medium,Tier_3,Superstore,2879.73
row_03563,PRD-1ZL2WT,13.649,Regular,0.0441,Fruits and Vegetables,158.83,STORE-DKU,30,,Tier_2,Standard Supermarket,1121.56
row_03564,PRD-GW4LDH,10.202,Low Fat,0.0882,HEALTH AND HYGIENE,143.15,STORE-OYG,25,,Tier_2,Standard Supermarket,1569.08
row_03565,PRD-9FUYAS,8.992,Regular,0.0799,FROZEN FOODS,107.91,STORE-HL7,23,Medium,Tier_3,Superstore,1477.52
row_03568,PRD-7Y9HQQ,13.132,Low Fat,0.0308,STARCHY FOODS,252.48,STORE-OYG,25,,Tier_2,Standard Supermarket,3185.62
row_03569,PRD-ET6ZI7,17.569,Low Fat,0.1268,FRUITS AND VEGETABLES,111.88,STORE-89Z,33,Medium,Tier_1,Standard Supermarket,1596.67
row_03570,PRD-8KYLHT,9.263,Low Fat,0.1766,SNACK FOODS,102.26,STORE-DKU,30,,Tier_2,Standard Supermarket,1802.95
row_03571,PRD-CPCMJT,19.502,Low Fat,0.0964,Household,256.82,STORE-HL7,23,Medium,Tier_3,Superstore,5496.84
row_03573,PRD-18NL4I,19.12,Regular,0.0204,Fruits and Vegetables,121.83,STORE-AGY,45,Large,Tier_3,Standard Supermarket,1309.91
row_03574,PRD-X5SMJY,18.543,Low Fat,0.0337,HOUSEHOLD,217.04,STORE-AGY,45,Large,Tier_3,Standard Supermarket,4570.05
row_03575,PRD-CTXCWN,16.636,Low Fat,0.0192,Soft Drinks,158.56,STORE-9RG,28,Small,Tier_2,Standard Supermarket,2002.43
row_03576,PRD-K3596H,6.752,Regular,0.0414,Snack Foods,103.3,STORE-89Z,33,Medium,Tier_1,Standard Supermarket,853.78
row_03577,PRD-RLM5MP,20.995,Regular,0.0582,breads,100.97,STORE-HL7,23,Medium,Tier_3,Superstore,1820.22
row_03578,PRD-BPCIKI,15.011,Low Fat,0.0132,Frozen Foods,62.8,STORE-YLW,35,Small,Tier_1,Standard Supermarket,1045.56
row_03579,PRD-V3ISY0,11.715,Low Fat,0.0103,HEALTH AND HYGIENE,47.16,STORE-OYG,25,,Tier_2,Standard Supermarket,339.73
row_03580,PRD-C71O4Y,11.627,Low Fat,0.2763,fruits and vegetables,130.58,STORE-JOR,34,,Tier_3,Corner Shop,250.98
row_03581,PRD-I379U2,19.754,Low Fat,0.0349,SOFT DRINKS,56.09,STORE-AGY,45,Large,Tier_3,Standard Supermarket,808.37
row_03582,PRD-TKECTS,17.761,Low Fat,0.076,Snack Foods,207.31,STORE-89Z,33,Medium,Tier_1,Standard Supermarket,3858.67
row_03585,PRD-CFZYY9,15.69,Low Fat,0.0925,Frozen Foods,217.38,STORE-AGY,45,Large,Tier_3,Standard Supermarket,1071.84
row_03586,PRD-MPP566,12.103,Low Fat,0.0793,Household,252.04,STORE-HL7,23,Medium,Tier_3,Superstore,471.25
row_03587,PRD-UDT59W,17.298,Regular,0.0253,Canned,96.18,STORE-HL7,23,Medium,Tier_3,Superstore,751.34
row_03588,PRD-D7OODG,19.674,Regular,0.0494,Fruits and Vegetables,77.86,STORE-OYG,25,,Tier_2,Standard Supermarket,979.44
row_03589,PRD-PXXK71,,Low Fat,0.0717,health and hygiene,47.23,STORE-7WS,47,Medium,Tier_3,Flagship Hypermarket,1967.0
row_03590,PRD-RY40KH,,Low Fat,0.0519,FRUITS AND VEGETABLES,105.87,STORE-T5G,47,Small,Tier_1,Corner Shop,98.43
row_03591,PRD-DN0YBY,6.224,Low Fat,0.1144,soft drinks,156.3,STORE-DKU,30,,Tier_2,Standard Supermarket,2022.56
row_03592,PRD-P2F8UZ,12.271,Low Fat,0.0525,household,193.55,STORE-DKU,30,,Tier_2,Standard Supermarket,2675.77
row_03594,PRD-MPXPMF,,Low Fat,0.0313,Health and Hygiene,237.72,STORE-7WS,47,Medium,Tier_3,Flagship Hypermarket,5813.41
row_03595,PRD-3OERXC,16.181,Low Fat,0.1401,Household,99.61,STORE-9RG,28,Small,Tier_2,Standard Supermarket,2535.91
row_03596,PRD-OI1003,16.798,Low Fat,0.0285,HOUSEHOLD,171.93,STORE-AGY,45,Large,Tier_3,Standard Supermarket,1868.22
row_03597,PRD-2PCIGY,7.694,Low Fat,0.0918,Fruits and Vegetables,60.55,STORE-9RG,28,Small,Tier_2,Standard Supermarket,1492.03
row_03598,PRD-A46JZO,14.932,Low Fat,0.0118,HEALTH AND HYGIENE,49.95,STORE-DKU,30,,Tier_2,Standard Supermarket,702.77
row_03599,PRD-LRTVWA,7.622,Low Fat,0.0971,Dairy,191.84,STORE-JOR,34,,Tier_3,Corner Shop,201.34
row_03600,PRD-6EGA7N,,Low Fat,0.1045,canned,183.25,STORE-7WS,47,Medium,Tier_3,Flagship Hypermarket,3042.72
row_03601,PRD-AANYGU,12.691,Low Fat,0.0329,snack foods,173.26,STORE-89Z,33,Medium,Tier_1,Standard Supermarket,1218.68
row_03602,PRD-HYF9SX,17.222,Regular,0.0243,Soft Drinks,37.9,STORE-AGY,45,Large,Tier_3,Standard Supermarket,638.2
row_03603,PRD-OEM1VZ,19.963,Regular,0.0801,DAIRY,200.76,STORE-DKU,30,,Tier_2,Standard Supermarket,2674.47
row_03605,PRD-8669BY,17.216,Low Fat,0.1402,FRUITS AND VEGETABLES,172.78,STORE-HL7,23,Medium,Tier_3,Superstore,1187.65
row_03606,PRD-21BKSM,16.67,Low Fat,0.0342,HEALTH AND HYGIENE,187.13,STORE-89Z,33,Medium,Tier_1,Standard Supermarket,3511.15
row_03607,PRD-ZDANTN,20.781,Regular,0.0223,Baking Goods,236.89,STORE-YLW,35,Small,Tier_1,Standard Supermarket,5762.41
row_03608,PRD-LCSXU1,,Regular,0.1014,BAKING GOODS,173.8,STORE-T5G,47,Small,Tier_1,Corner Shop,347.62
row_03609,PRD-Q7U1KU,13.276,Low Fat,0.0209,Dairy,115.35,STORE-OYG,25,,Tier_2,Standard Supermarket,1151.42
row_03610,PRD-W80O9D,18.201,Low Fat,0.0,FROZEN FOODS,223.18,STORE-HL7,23,Medium,Tier_3,Superstore,4984.22
row_03611,PRD-UHZ6A8,9.07,Low Fat,0.044,Hard Drinks,125.59,STORE-DKU,30,,Tier_2,Standard Supermarket,1612.03
row_03612,PRD-9RHIGZ,7.817,Low Fat,0.0597,Snack Foods,96.3,STORE-DKU,30,,Tier_2,Standard Supermarket,1353.01
row_03613,PRD-EI7XZU,13.372,Low Fat,0.0212,FRUITS AND VEGETABLES,182.36,STORE-OYG,25,,Tier_2,Standard Supermarket,1818.14
row_03614,PRD-TS5BJJ,6.222,Low Fat,0.0194,Household,262.94,STORE-YLW,35,Small,Tier_1,Standard Supermarket,535.81
row_03615,PRD-YX3CXX,12.853,Low Fat,0.0496,BREADS,60.7,STORE-AGY,45,Large,Tier_3,Standard Supermarket,1030.53
row_03616,PRD-W10HOA,6.52,Low Fat,0.0402,Snack Foods,92.64,STORE-9RG,28,Small,Tier_2,Standard Supermarket,1720.99
row_03617,PRD-YTXH8P,,Regular,0.0864,meat,190.98,STORE-T5G,47,Small,Tier_1,Corner Shop,1523.62
row_03618,PRD-3NP4VY,12.315,Low Fat,0.0434,HEALTH AND HYGIENE,34.02,STORE-89Z,33,Medium,Tier_1,Standard Supermarket,315.19
row_03619,PRD-OF2TX0,7.401,Low Fat,0.0987,snack foods,108.95,STORE-9RG,28,Small,Tier_2,Standard Supermarket,2636.05
row_03621,PRD-44P39J,11.116,Regular,0.0679,Frozen Foods,264.52,STORE-9RG,28,Small,Tier_2,Standard Supermarket,4978.64
row_03622,PRD-4GS0FH,,Regular,0.0835,canned,138.95,STORE-T5G,47,Small,Tier_1,Corner Shop,272.38
row_03623,PRD-1MJQUE,16.31,Regular,0.0949,Baking Goods,92.43,STORE-89Z,33,Medium,Tier_1,Standard Supermarket,747.68
row_03624,PRD-AG1OL7,15.566,Low Fat,0.0205,soft drinks,216.81,STORE-HL7,23,Medium,Tier_3,Superstore,2498.97
row_03625,PRD-T0G7RI,13.671,Regular,0.0435,Snack Foods,56.06,STORE-AGY,45,Large,Tier_3,Standard Supermarket,1378.08
row_03626,PRD-AK2WNJ,,Low Fat,0.0822,Baking Goods,181.28,STORE-7WS,47,Medium,Tier_3,Flagship Hypermarket,6514.5
row_03627,PRD-TJ3D90,14.59,Low Fat,0.1572,STARCHY FOODS,103.05,STORE-9RG,28,Small,Tier_2,Standard Supermarket,1131.25
row_03628,PRD-USV9I5,18.712,Regular,0.0683,fruits and vegetables,243.24,STORE-YLW,35,Small,Tier_1,Standard Supermarket,2203.83
row_03629,PRD-HZXGUJ,7.869,Low Fat,0.017,dairy,50.15,STORE-89Z,33,Medium,Tier_1,Standard Supermarket,845.75
row_03630,PRD-8YXU1P,,Low Fat,0.046,Others,108.68,STORE-7WS,47,Medium,Tier_3,Flagship Hypermarket,5048.02
row_03632,PRD-VP8OWT,20.914,Low Fat,0.0296,Household,145.9,STORE-YLW,35,Small,Tier_1,Standard Supermarket,866.78
row_03633,PRD-0TRD9L,15.143,Regular,0.0202,Frozen Foods,125.76,STORE-AGY,45,Large,Tier_3,Standard Supermarket,3505.48
row_03634,PRD-9KE7J2,,Low Fat,0.1431,Breads,171.42,STORE-T5G,47,Small,Tier_1,Corner Shop,369.43
row_03635,PRD-F13TKM,20.248,Low Fat,0.0677,Household,75.56,STORE-DKU,30,,Tier_2,Standard Supermarket,391.4
row_03636,PRD-TKECTS,,Low Fat,0.0773,Snack Foods,209.05,STORE-7WS,47,Medium,Tier_3,Flagship Hypermarket,3307.23
row_03637,PRD-J3GHQ5,9.532,Low Fat,0.0438,fruits and vegetables,90.51,STORE-89Z,33,Medium,Tier_1,Standard Supermarket,1159.12
row_03638,PRD-Q4NM8R,,Low Fat,0.1465,frozen foods,60.96,STORE-7WS,47,Medium,Tier_3,Flagship Hypermarket,1495.1
row_03639,PRD-QS3E3R,5.757,Low Fat,0.0962,breads,164.63,STORE-YLW,35,Small,Tier_1,Standard Supermarket,1829.72
row_03640,PRD-533CFS,21.612,Low Fat,0.0237,Household,148.54,STORE-HL7,23,Medium,Tier_3,Superstore,1569.6
row_03641,PRD-D5KXKQ,19.895,Low Fat,0.0531,SEAFOOD,198.67,STORE-89Z,33,Medium,Tier_1,Standard Supermarket,2004.11
row_03642,PRD-X28K8T,10.505,Low Fat,0.011,breads,42.99,STORE-HL7,23,Medium,Tier_3,Superstore,175.86
row_03644,PRD-PF322F,9.03,Low Fat,0.0708,Breakfast,179.24,STORE-HL7,23,Medium,Tier_3,Superstore,552.25
row_03645,PRD-WT8JJ4,13.657,Low Fat,0.0327,Others,41.41,STORE-DKU,30,,Tier_2,Standard Supermarket,319.88
row_03646,PRD-XUIY0X,14.046,Low Fat,0.0395,starchy foods,177.66,STORE-89Z,33,Medium,Tier_1,Standard Supermarket,4348.69
row_03650,PRD-O7V0VU,5.116,Low Fat,0.0384,CANNED,86.67,STORE-YLW,35,Small,Tier_1,Standard Supermarket,868.56
row_03651,PRD-ANNREG,19.475,Regular,0.0359,Canned,139.57,STORE-DKU,30,,Tier_2,Standard Supermarket,1009.05
row_03652,PRD-JOYJNE,17.336,Low Fat,0.0674,Dairy,175.19,STORE-JOR,34,,Tier_3,Corner Shop,346.87
row_03653,PRD-TLHXCM,14.117,Low Fat,0.0348,canned,249.52,STORE-AGY,45,Large,Tier_3,Standard Supermarket,5342.18
row_03654,PRD-O0V3Z0,,Regular,0.1001,canned,89.67,STORE-7WS,47,Medium,Tier_3,Flagship Hypermarket,3198.63
row_03655,PRD-NMRS5Y,8.204,Low Fat,0.0302,BAKING GOODS,95.21,STORE-YLW,35,Small,Tier_1,Standard Supermarket,672.7
row_03656,PRD-EQUA7O,11.844,Regular,0.026,MEAT,102.15,STORE-AGY,45,Large,Tier_3,Standard Supermarket,2126.62
row_03657,PRD-MQEEB6,17.411,Low Fat,0.0722,canned,80.68,STORE-DKU,30,,Tier_2,Standard Supermarket,1672.95
row_03659,PRD-T93K2H,11.401,Low Fat,0.065,HOUSEHOLD,190.75,STORE-OYG,25,,Tier_2,Standard Supermarket,3453.01
row_03660,PRD-1RDEZX,13.14,Low Fat,0.0795,DAIRY,227.25,STORE-HL7,23,Medium,Tier_3,Superstore,4394.86
row_03661,PRD-CPCMJT,19.266,Low Fat,0.0948,HOUSEHOLD,245.0,STORE-AGY,45,Large,Tier_3,Standard Supermarket,2880.34
row_03662,PRD-EVZUBR,17.098,Low Fat,0.0567,FROZEN FOODS,40.85,STORE-OYG,25,,Tier_2,Standard Supermarket,220.04
row_03663,PRD-PPPTFE,12.068,Regular,0.1747,Canned,115.13,STORE-HL7,23,Medium,Tier_3,Superstore,1853.09
row_03665,PRD-Z8TUBC,20.223,Low Fat,0.0214,Household,73.67,STORE-DKU,30,,Tier_2,Standard Supermarket,160.53
row_03666,PRD-042LPI,19.81,Low Fat,0.0,Health and Hygiene,43.97,STORE-89Z,33,Medium,Tier_1,Standard Supermarket,653.52
row_03667,PRD-DN0YBY,6.215,Low Fat,0.12,soft drinks,160.79,STORE-YLW,35,Small,Tier_1,Standard Supermarket,1327.51
row_03668,PRD-C2W953,17.245,Regular,0.0398,snack foods,98.64,STORE-AGY,45,Large,Tier_3,Standard Supermarket,1007.94
row_03669,PRD-5FVDDW,9.123,Regular,0.0324,Meat,150.18,STORE-YLW,35,Small,Tier_1,Standard Supermarket,2411.95
row_03670,PRD-V94X2H,14.343,Low Fat,0.0365,snack foods,248.38,STORE-9RG,28,Small,Tier_2,Standard Supermarket,6616.24
row_03671,PRD-K2W2CW,16.934,Low Fat,0.0,canned,118.48,STORE-YLW,35,Small,Tier_1,Standard Supermarket,2697.95
row_03672,PRD-1I4EOY,19.315,Low Fat,0.0649,Fruits and Vegetables,214.62,STORE-JOR,34,,Tier_3,Corner Shop,421.94
row_03674,PRD-ATSN1U,19.231,Low Fat,0.0254,Soft Drinks,82.28,STORE-HL7,23,Medium,Tier_3,Superstore,246.83
row_03675,PRD-OS7E3D,9.689,Low Fat,0.0294,Household,42.63,STORE-AGY,45,Large,Tier_3,Standard Supermarket,608.56
row_03677,PRD-NDSUDE,7.586,Regular,0.0,fruits and vegetables,107.24,STORE-AGY,45,Large,Tier_3,Standard Supermarket,1641.22
row_03678,PRD-MVFBO1,9.954,Low Fat,0.0583,household,224.64,STORE-YLW,35,Small,Tier_1,Standard Supermarket,4624.75
row_03679,PRD-5FVDDW,,Regular,0.0342,meat,154.73,STORE-7WS,47,Medium,Tier_3,Flagship Hypermarket,3823.7
row_03681,PRD-ZEFKVO,5.074,Regular,0.0445,Meat,105.08,STORE-YLW,35,Small,Tier_1,Standard Supermarket,1573.81
row_03683,PRD-82BCVD,19.6,Regular,0.0614,Fruits and Vegetables,127.57,STORE-HL7,23,Medium,Tier_3,Superstore,1430.93
row_03684,PRD-F1RCAV,8.944,Low Fat,0.084,HARD DRINKS,154.54,STORE-DKU,30,,Tier_2,Standard Supermarket,1311.27
row_03685,PRD-J4WCO5,14.565,Regular,0.0273,Baking Goods,220.37,STORE-AGY,45,Large,Tier_3,Standard Supermarket,3084.02
row_03686,PRD-DI6SOU,6.764,Regular,0.0477,canned,156.71,STORE-DKU,30,,Tier_2,Standard Supermarket,2078.98
row_03688,PRD-OFJA5N,5.25,Regular,0.0545,canned,199.09,STORE-HL7,23,Medium,Tier_3,Superstore,2322.66
row_03689,PRD-BCDPQ9,13.997,Regular,0.1146,Dairy,239.41,STORE-OYG,25,,Tier_2,Standard Supermarket,6678.96
row_03690,PRD-Y2YYF8,8.336,Low Fat,0.0854,BAKING GOODS,149.35,STORE-YLW,35,Small,Tier_1,Standard Supermarket,2822.63
row_03691,PRD-DRIIPJ,12.333,Low Fat,0.0353,Snack Foods,115.48,STORE-89Z,33,Medium,Tier_1,Standard Supermarket,1995.53
row_03692,PRD-MDLMQ0,15.727,Low Fat,0.0541,Health and Hygiene,147.99,STORE-9RG,28,Small,Tier_2,Standard Supermarket,1102.26
row_03693,PRD-C3DXMR,16.364,Low Fat,0.0353,SNACK FOODS,87.89,STORE-89Z,33,Medium,Tier_1,Standard Supermarket,1040.9
row_03695,PRD-8VF3SM,17.567,Regular,0.029,Canned,89.06,STORE-HL7,23,Medium,Tier_3,Superstore,2144.76
row_03696,PRD-DZ26FO,,Low Fat,0.0171,Canned,176.12,STORE-7WS,47,Medium,Tier_3,Flagship Hypermarket,5871.59
row_03697,PRD-32WT59,,Low Fat,0.0777,Baking Goods,181.18,STORE-7WS,47,Medium,Tier_3,Flagship Hypermarket,3301.86
row_03698,PRD-YP2KNW,,Regular,0.0579,fruits and vegetables,159.09,STORE-7WS,47,Medium,Tier_3,Flagship Hypermarket,3129.53
row_03699,PRD-9ESEQG,6.134,Regular,0.0,Meat,97.04,STORE-DKU,30,,Tier_2,Standard Supermarket,1589.27
row_03700,PRD-4DGYDF,9.619,Regular,0.0467,Frozen Foods,249.95,STORE-HL7,23,Medium,Tier_3,Superstore,3564.96
row_03701,PRD-9STG4E,14.197,Regular,0.0147,CANNED,89.42,STORE-AGY,45,Large,Tier_3,Standard Supermarket,1538.44
row_03702,PRD-RGLY41,13.599,Low Fat,0.0567,Health and Hygiene,35.38,STORE-YLW,35,Small,Tier_1,Standard Supermarket,756.79
row_03703,PRD-21BKSM,17.088,Low Fat,0.0331,health and hygiene,196.48,STORE-YLW,35,Small,Tier_1,Standard Supermarket,4180.57
row_03704,PRD-8LMN4R,15.669,Low Fat,0.0,Soft Drinks,40.86,STORE-OYG,25,,Tier_2,Standard Supermarket,640.8
row_03705,PRD-S6KFRX,18.705,Low Fat,0.1713,Household,169.67,STORE-9RG,28,Small,Tier_2,Standard Supermarket,2560.94
row_03706,PRD-F6KJKV,12.494,Low Fat,0.0259,starchy foods,118.62,STORE-AGY,45,Large,Tier_3,Standard Supermarket,570.66
row_03707,PRD-BA4ILA,15.641,Regular,0.0,Fruits and Vegetables,114.11,STORE-AGY,45,Large,Tier_3,Standard Supermarket,1259.59
row_03709,PRD-SVH3EJ,6.281,Low Fat,0.0,meat,40.42,STORE-9RG,28,Small,Tier_2,Standard Supermarket,1168.5
row_03710,PRD-Q9AH8R,10.415,Low Fat,0.0552,Dairy,227.9,STORE-YLW,35,Small,Tier_1,Standard Supermarket,3608.45
row_03711,PRD-W3QN3T,15.953,Low Fat,0.0405,SNACK FOODS,140.59,STORE-DKU,30,,Tier_2,Standard Supermarket,1786.33
row_03712,PRD-WKI85L,13.472,Low Fat,0.0,Snack Foods,62.67,STORE-JOR,34,,Tier_3,Corner Shop,60.59
row_03713,PRD-LK2C0X,11.862,Low Fat,0.0159,FROZEN FOODS,217.92,STORE-HL7,23,Medium,Tier_3,Superstore,2661.15
row_03716,PRD-6LCP22,21.11,Low Fat,0.0719,Canned,262.76,STORE-HL7,23,Medium,Tier_3,Superstore,7016.22
row_03717,PRD-OEVB9O,6.172,Low Fat,0.0278,soft drinks,83.77,STORE-DKU,30,,Tier_2,Standard Supermarket,895.5
row_03721,PRD-P8192C,8.249,Low Fat,0.0673,Household,211.65,STORE-DKU,30,,Tier_2,Standard Supermarket,3023.12
row_03722,PRD-FL1299,8.935,Regular,0.0553,canned,87.08,STORE-OYG,25,,Tier_2,Standard Supermarket,1305.94
row_03724,PRD-MVFBO1,10.027,Low Fat,0.0597,household,234.34,STORE-9RG,28,Small,Tier_2,Standard Supermarket,3894.9
row_03725,PRD-N64XL2,20.524,Regular,0.1085,Dairy,90.44,STORE-AGY,45,Large,Tier_3,Standard Supermarket,2266.55
row_03726,PRD-1WW0WD,14.433,Low Fat,0.0826,Baking Goods,83.16,STORE-YLW,35,Small,Tier_1,Standard Supermarket,1774.62
row_03728,PRD-R08XCC,18.768,Regular,0.2826,Meat,49.15,STORE-JOR,34,,Tier_3,Corner Shop,46.46
row_03729,PRD-LYF3YR,6.467,Low Fat,0.0063,Household,160.72,STORE-YLW,35,Small,Tier_1,Standard Supermarket,1095.79
row_03730,PRD-M7PL99,20.523,Low Fat,0.0859,meat,182.69,STORE-89Z,33,Medium,Tier_1,Standard Supermarket,4926.67
row_03731,PRD-K2W2CW,16.347,Low Fat,0.0812,canned,119.09,STORE-JOR,34,,Tier_3,Corner Shop,588.42
row_03733,PRD-U3BDL2,8.57,Regular,0.0574,Breads,131.6,STORE-HL7,23,Medium,Tier_3,Superstore,1450.64
row_03735,PRD-36I5A7,,Low Fat,0.0262,Fruits and Vegetables,163.39,STORE-YLW,35,Small,Tier_1,Standard Supermarket,2311.07
row_03737,PRD-M2OX8M,13.28,Low Fat,0.0236,Fruits and Vegetables,163.21,STORE-89Z,33,Medium,Tier_1,Standard Supermarket,4637.0
row_03738,PRD-U0COJB,9.303,Low Fat,0.0,frozen foods,181.13,STORE-OYG,25,,Tier_2,Standard Supermarket,4178.77
row_03739,PRD-UI2QXL,9.332,Low Fat,0.0999,SNACK FOODS,105.07,STORE-YLW,35,Small,Tier_1,Standard Supermarket,1969.3
row_03740,PRD-L7R843,8.212,Low Fat,0.0705,Hard Drinks,253.95,STORE-HL7,23,Medium,Tier_3,Superstore,3574.42
row_03741,PRD-UBXCU2,8.885,Low Fat,0.0193,Household,172.1,STORE-DKU,30,,Tier_2,Standard Supermarket,4336.97
row_03743,PRD-3SY670,,Regular,0.131,Snack Foods,198.49,STORE-YLW,35,Small,Tier_1,Standard Supermarket,1762.38
row_03745,PRD-I4MJMA,8.023,Low Fat,0.0,Household,268.69,STORE-YLW,35,Small,Tier_1,Standard Supermarket,810.81
row_03746,PRD-WCAQ6Y,,Regular,0.1046,Fruits and Vegetables,82.71,STORE-7WS,47,Medium,Tier_3,Flagship Hypermarket,1355.26
row_03747,PRD-QKDZ1Q,16.096,Regular,0.0632,Fruits and Vegetables,226.76,STORE-HL7,23,Medium,Tier_3,Superstore,1601.12
row_03748,PRD-P1PFDI,17.921,Low Fat,0.0,OTHERS,110.2,STORE-HL7,23,Medium,Tier_3,Superstore,1251.19
row_03749,PRD-UT6HR4,13.862,Low Fat,0.0302,HEALTH AND HYGIENE,129.29,STORE-OYG,25,,Tier_2,Standard Supermarket,3715.27
row_03751,PRD-6852FC,,Low Fat,0.016,hard drinks,185.31,STORE-7WS,47,Medium,Tier_3,Flagship Hypermarket,3178.22
row_03752,PRD-V3EOYY,16.04,Low Fat,0.0682,Breads,218.56,STORE-OYG,25,,Tier_2,Standard Supermarket,4896.98
row_03753,PRD-299PG3,8.418,Regular,0.0406,Canned,189.02,STORE-HL7,23,Medium,Tier_3,Superstore,2773.78
row_03754,PRD-ZSDP5Y,,Low Fat,0.0276,Snack Foods,90.93,STORE-7WS,47,Medium,Tier_3,Flagship Hypermarket,3648.59
row_03756,PRD-1N8MTZ,19.375,Low Fat,0.024,Dairy,49.21,STORE-YLW,35,Small,Tier_1,Standard Supermarket,232.55
row_03757,PRD-RACGN7,12.053,Low Fat,0.061,Health and Hygiene,81.21,STORE-DKU,30,,Tier_2,Standard Supermarket,2405.89
row_03758,PRD-6JKLOQ,10.966,Low Fat,0.1794,Baking Goods,163.23,STORE-YLW,35,Small,Tier_1,Standard Supermarket,2764.65
row_03760,PRD-DY1PP4,,Low Fat,0.0,Household,114.15,STORE-7WS,47,Medium,Tier_3,Flagship Hypermarket,1076.2
row_03761,PRD-21520R,,Low Fat,0.0275,snack foods,86.96,STORE-7WS,47,Medium,Tier_3,Flagship Hypermarket,2286.87
row_03762,PRD-OQTR1Y,7.032,Low Fat,0.0,Snack Foods,194.82,STORE-9RG,28,Small,Tier_2,Standard Supermarket,2332.91
row_03763,PRD-Q8SB7X,21.06,Regular,0.0198,breakfast,125.95,STORE-89Z,33,Medium,Tier_1,Standard Supermarket,1986.79
row_03764,PRD-SBZRAD,6.583,Low Fat,0.0351,SNACK FOODS,149.97,STORE-OYG,25,,Tier_2,Standard Supermarket,2422.82
row_03765,PRD-SYOY6G,17.332,Regular,0.0224,Snack Foods,43.58,STORE-AGY,45,Large,Tier_3,Standard Supermarket,699.46
row_03766,PRD-S82I5U,8.635,Low Fat,0.1761,Household,178.52,STORE-89Z,33,Medium,Tier_1,Standard Supermarket,2172.49
row_03767,PRD-ZDVAG1,20.454,Low Fat,0.1426,HOUSEHOLD,34.87,STORE-AGY,45,Large,Tier_3,Standard Supermarket,72.28
row_03769,PRD-EPZHPC,17.322,Low Fat,0.0875,soft drinks,264.92,STORE-HL7,23,Medium,Tier_3,Superstore,3887.78
row_03770,PRD-BPT359,4.822,Regular,0.1367,Baking Goods,51.35,STORE-89Z,33,Medium,Tier_1,Standard Supermarket,2026.27
row_03771,PRD-JN3LYX,14.078,Low Fat,0.1235,DAIRY,124.4,STORE-AGY,45,Large,Tier_3,Standard Supermarket,2719.65
row_03772,PRD-WOC36V,15.792,Low Fat,0.1154,Others,179.37,STORE-JOR,34,,Tier_3,Corner Shop,352.03
row_03774,PRD-TT69UA,7.59,Low Fat,0.051,Canned,121.03,STORE-89Z,33,Medium,Tier_1,Standard Supermarket,1533.57
row_03776,PRD-2G9O9Y,6.454,Regular,0.0934,canned,252.71,STORE-HL7,23,Medium,Tier_3,Superstore,4445.42
row_03777,PRD-AFT69N,11.734,Regular,0.0143,Frozen Foods,182.54,STORE-YLW,35,Small,Tier_1,Standard Supermarket,1465.37
row_03778,PRD-TUF93A,11.19,Low Fat,0.1099,Fruits and Vegetables,188.17,STORE-89Z,33,Medium,Tier_1,Standard Supermarket,5177.35
row_03780,PRD-EPMKVT,,Low Fat,0.0762,Health and Hygiene,60.59,STORE-7WS,47,Medium,Tier_3,Flagship Hypermarket,923.2
row_03781,PRD-8CLUBN,17.521,Regular,0.0427,snack foods,35.98,STORE-YLW,35,Small,Tier_1,Standard Supermarket,650.05
row_03782,PRD-OA9XM0,15.569,Regular,0.0181,MEAT,45.03,STORE-AGY,45,Large,Tier_3,Standard Supermarket,1039.48
row_03784,PRD-IGJGK2,17.242,Regular,0.1201,Meat,106.32,STORE-OYG,25,,Tier_2,Standard Supermarket,1513.73
row_03785,PRD-EN0T5G,,Low Fat,0.1823,Health and Hygiene,254.95,STORE-T5G,47,Small,Tier_1,Corner Shop,1044.18
row_03786,PRD-2SLHIM,20.732,Low Fat,0.01,meat,186.02,STORE-9RG,28,Small,Tier_2,Standard Supermarket,3163.41
row_03788,PRD-S1AWP0,15.371,Low Fat,0.1971,FROZEN FOODS,78.96,STORE-JOR,34,,Tier_3,Corner Shop,151.66
row_03790,PRD-RHA96G,4.959,Low Fat,0.047,baking goods,197.95,STORE-HL7,23,Medium,Tier_3,Superstore,4549.37
row_03791,PRD-5N8I4P,11.587,Low Fat,0.1303,DAIRY,95.61,STORE-9RG,28,Small,Tier_2,Standard Supermarket,1180.78
row_03792,PRD-MHZN3M,18.009,Low Fat,0.0173,meat,139.16,STORE-HL7,23,Medium,Tier_3,Superstore,2446.3
row_03793,PRD-24SCOS,5.942,Low Fat,0.0035,hard drinks,153.18,STORE-AGY,45,Large,Tier_3,Standard Supermarket,1691.62
row_03794,PRD-95CTT5,7.883,Low Fat,0.074,Fruits and Vegetables,188.62,STORE-YLW,35,Small,Tier_1,Standard Supermarket,5651.26
row_03795,PRD-QL2E5M,17.108,Low Fat,0.0621,Dairy,172.21,STORE-DKU,30,,Tier_2,Standard Supermarket,2871.39
row_03796,PRD-F1RCAV,8.863,Low Fat,0.0884,Hard Drinks,155.57,STORE-89Z,33,Medium,Tier_1,Standard Supermarket,1241.89
row_03797,PRD-B9OF3M,17.104,Low Fat,0.0832,FRUITS AND VEGETABLES,252.65,STORE-HL7,23,Medium,Tier_3,Superstore,1557.71
row_03798,PRD-BHKJ25,20.631,Low Fat,0.1141,BAKING GOODS,105.19,STORE-9RG,28,Small,Tier_2,Standard Supermarket,991.02
row_03799,PRD-TBZO2W,13.633,Regular,0.1071,FROZEN FOODS,145.69,STORE-9RG,28,Small,Tier_2,Standard Supermarket,3138.35
row_03800,PRD-6HL8IZ,5.941,Regular,0.0401,FRUITS AND VEGETABLES,259.25,STORE-OYG,25,,Tier_2,Standard Supermarket,3766.26
row_03801,PRD-U0J0N0,9.035,Low Fat,0.044,Frozen Foods,211.38,STORE-JOR,34,,Tier_3,Corner Shop,1055.51
row_03802,PRD-VM8F3I,16.222,Regular,0.2019,Fruits and Vegetables,57.35,STORE-JOR,34,,Tier_3,Corner Shop,404.36
row_03803,PRD-59JSU0,14.815,Regular,0.0921,Meat,133.77,STORE-OYG,25,,Tier_2,Standard Supermarket,3048.26
row_03805,PRD-EFRJYJ,5.288,Regular,0.1431,Seafood,171.17,STORE-OYG,25,,Tier_2,Standard Supermarket,834.45
row_03806,PRD-3D9PH3,19.389,Low Fat,0.1326,hard drinks,154.72,STORE-DKU,30,,Tier_2,Standard Supermarket,3397.79
row_03807,PRD-031L36,6.824,Regular,0.1367,BAKING GOODS,95.6,STORE-YLW,35,Small,Tier_1,Standard Supermarket,1025.68
row_03808,PRD-22JUF0,,Low Fat,0.0945,HOUSEHOLD,153.92,STORE-T5G,47,Small,Tier_1,Corner Shop,317.86
row_03809,PRD-BLMMDP,16.286,Regular,0.0074,SNACK FOODS,40.6,STORE-YLW,35,Small,Tier_1,Standard Supermarket,802.37
row_03810,PRD-F6ZM5U,,Low Fat,0.04,Snack Foods,144.76,STORE-7WS,47,Medium,Tier_3,Flagship Hypermarket,1666.59
row_03812,PRD-TQ9DZG,8.438,Low Fat,0.0294,FRUITS AND VEGETABLES,39.89,STORE-9RG,28,Small,Tier_2,Standard Supermarket,1018.63
row_03813,PRD-0U2BL3,15.57,Low Fat,0.1001,Snack Foods,148.95,STORE-YLW,35,Small,Tier_1,Standard Supermarket,2444.35
row_03814,PRD-RZXHM8,10.858,Regular,0.0909,SNACK FOODS,158.03,STORE-OYG,25,,Tier_2,Standard Supermarket,1996.95
row_03815,PRD-15BYVZ,,Low Fat,0.0,Hard Drinks,191.32,STORE-7WS,47,Medium,Tier_3,Flagship Hypermarket,3262.8
row_03816,PRD-CP4E30,,Low Fat,0.0401,Dairy,181.12,STORE-T5G,47,Small,Tier_1,Corner Shop,682.85
row_03817,PRD-TVFDG0,5.947,Regular,0.0294,Breads,191.93,STORE-9RG,28,Small,Tier_2,Standard Supermarket,3641.81
row_03818,PRD-B2HWYW,,Low Fat,0.0247,household,47.44,STORE-7WS,47,Medium,Tier_3,Flagship Hypermarket,1684.71
row_03819,PRD-O90S1M,,Regular,0.1367,Breads,233.57,STORE-T5G,47,Small,Tier_1,Corner Shop,449.65
row_03820,PRD-UMPYO0,,Low Fat,0.0414,baking goods,93.29,STORE-7WS,47,Medium,Tier_3,Flagship Hypermarket,1683.83
row_03821,PRD-N5SYDV,5.343,Low Fat,0.0112,Household,259.88,STORE-OYG,25,,Tier_2,Standard Supermarket,4385.85
row_03822,PRD-J5B4CP,10.814,Low Fat,0.1084,BREADS,127.82,STORE-DKU,30,,Tier_2,Standard Supermarket,2226.49
row_03823,PRD-L5PBHR,,Low Fat,0.0371,Breads,86.28,STORE-T5G,47,Small,Tier_1,Corner Shop,165.74
row_03825,PRD-PR2ESP,14.351,Low Fat,0.0216,hard drinks,144.92,STORE-AGY,45,Large,Tier_3,Standard Supermarket,3338.1
row_03826,PRD-JD2GVF,9.109,Low Fat,0.0492,Baking Goods,194.5,STORE-JOR,34,,Tier_3,Corner Shop,197.59
row_03827,PRD-VM43VV,9.635,Low Fat,0.1113,HEALTH AND HYGIENE,160.89,STORE-DKU,30,,Tier_2,Standard Supermarket,1741.27
row_03828,PRD-LJKPHC,18.235,Regular,0.0897,Fruits and Vegetables,86.48,STORE-9RG,28,Small,Tier_2,Standard Supermarket,1599.88
row_03830,PRD-VXSN74,17.762,Low Fat,0.054,Snack Foods,144.21,STORE-9RG,28,Small,Tier_2,Standard Supermarket,2120.01
row_03832,PRD-6I2KOE,,Low Fat,0.0412,Snack Foods,162.85,STORE-7WS,47,Medium,Tier_3,Flagship Hypermarket,2716.89
row_03833,PRD-SCSFW2,,Regular,0.2259,frozen foods,233.28,STORE-T5G,47,Small,Tier_1,Corner Shop,454.36
row_03835,PRD-3SQ3DG,18.573,Low Fat,0.0644,SNACK FOODS,131.47,STORE-YLW,35,Small,Tier_1,Standard Supermarket,1904.58
row_03837,PRD-TZXI9C,17.947,Low Fat,0.1085,snack foods,162.49,STORE-YLW,35,Small,Tier_1,Standard Supermarket,2440.92
row_03838,PRD-JVFJWT,19.31,Regular,0.1049,Fruits and Vegetables,228.99,STORE-OYG,25,,Tier_2,Standard Supermarket,5090.43
row_03840,PRD-LF7XE7,,Low Fat,0.1713,fruits and vegetables,113.06,STORE-7WS,47,Medium,Tier_3,Flagship Hypermarket,5137.99
row_03841,PRD-0V6RAS,11.582,Regular,0.0478,FRUITS AND VEGETABLES,162.28,STORE-DKU,30,,Tier_2,Standard Supermarket,2981.9
row_03842,PRD-KV05SZ,18.342,Low Fat,0.0883,Hard Drinks,128.0,STORE-89Z,33,Medium,Tier_1,Standard Supermarket,3339.62
row_03843,PRD-Q90SJM,20.751,Regular,0.0834,frozen foods,183.34,STORE-89Z,33,Medium,Tier_1,Standard Supermarket,3579.93
row_03844,PRD-KSF4HT,11.467,Low Fat,0.0344,SEAFOOD,112.41,STORE-OYG,25,,Tier_2,Standard Supermarket,466.75
row_03845,PRD-2I4RKK,8.211,Low Fat,0.1148,Health and Hygiene,67.3,STORE-AGY,45,Large,Tier_3,Standard Supermarket,951.65
row_03846,PRD-KK5FI1,12.546,Regular,0.1185,canned,85.71,STORE-JOR,34,,Tier_3,Corner Shop,89.7
row_03848,PRD-M82I1L,9.597,Low Fat,0.167,Soft Drinks,221.87,STORE-DKU,30,,Tier_2,Standard Supermarket,8017.36
row_03850,PRD-4W2O6O,6.988,Low Fat,0.0,Household,162.61,STORE-DKU,30,,Tier_2,Standard Supermarket,3446.67
row_03851,PRD-RD47WO,15.333,Regular,0.1048,SNACK FOODS,169.35,STORE-YLW,35,Small,Tier_1,Standard Supermarket,3447.14
row_03852,PRD-YUZ87C,15.525,Low Fat,0.0275,BAKING GOODS,153.3,STORE-9RG,28,Small,Tier_2,Standard Supermarket,3045.47
row_03853,PRD-AQA355,17.073,Low Fat,0.0,frozen foods,40.97,STORE-HL7,23,Medium,Tier_3,Superstore,624.11
row_03855,PRD-EWB9HJ,,Low Fat,0.0,HEALTH AND HYGIENE,180.21,STORE-7WS,47,Medium,Tier_3,Flagship Hypermarket,6940.39
row_03856,PRD-3I603D,17.006,Low Fat,0.0267,Frozen Foods,254.03,STORE-9RG,28,Small,Tier_2,Standard Supermarket,4243.85
row_03857,PRD-TRMI8Q,13.322,Low Fat,0.0,Others,191.9,STORE-YLW,35,Small,Tier_1,Standard Supermarket,1557.96
row_03860,PRD-C5BDFU,,Low Fat,0.0311,dairy,178.8,STORE-7WS,47,Medium,Tier_3,Flagship Hypermarket,1615.29
row_03861,PRD-322N64,17.311,Low Fat,0.0936,DAIRY,91.03,STORE-9RG,28,Small,Tier_2,Standard Supermarket,366.19
row_03862,PRD-EWQGAD,5.372,Regular,0.0314,canned,192.22,STORE-DKU,30,,Tier_2,Standard Supermarket,3608.48
row_03863,PRD-HEZ5ED,16.413,Low Fat,0.1425,HARD DRINKS,172.98,STORE-HL7,23,Medium,Tier_3,Superstore,2285.19
row_03864,PRD-6D4HQC,,Low Fat,0.0812,snack foods,112.53,STORE-7WS,47,Medium,Tier_3,Flagship Hypermarket,2075.02
row_03865,PRD-I379U2,19.537,Low Fat,0.0344,Soft Drinks,55.47,STORE-DKU,30,,Tier_2,Standard Supermarket,1419.98
row_03868,PRD-CVE6PR,15.367,Low Fat,0.0701,soft drinks,89.18,STORE-89Z,33,Medium,Tier_1,Standard Supermarket,2556.34
row_03869,PRD-BUK3XF,20.857,Low Fat,0.0224,fruits and vegetables,101.5,STORE-HL7,23,Medium,Tier_3,Superstore,1158.26
row_03870,PRD-N2D7GY,,Low Fat,0.0516,Others,185.59,STORE-T5G,47,Small,Tier_1,Corner Shop,171.31
row_03872,PRD-JB3VCF,13.441,Regular,0.0215,SNACK FOODS,57.34,STORE-JOR,34,,Tier_3,Corner Shop,119.19
row_03873,PRD-34LIE3,15.477,Low Fat,0.1366,Canned,94.52,STORE-HL7,23,Medium,Tier_3,Superstore,1040.0
row_03874,PRD-7VMGGA,11.821,Low Fat,0.0387,HEALTH AND HYGIENE,96.68,STORE-YLW,35,Small,Tier_1,Standard Supermarket,1445.98
row_03875,PRD-4TJITP,8.165,Low Fat,0.0372,FRUITS AND VEGETABLES,115.92,STORE-89Z,33,Medium,Tier_1,Standard Supermarket,693.15
row_03877,PRD-1EYY37,14.622,Low Fat,0.0488,Soft Drinks,65.61,STORE-HL7,23,Medium,Tier_3,Superstore,548.41
row_03878,PRD-ZN1N5R,12.426,Regular,0.0326,Meat,202.29,STORE-YLW,35,Small,Tier_1,Standard Supermarket,5242.57
row_03879,PRD-E7QYO7,9.942,Regular,0.0448,Fruits and Vegetables,117.11,STORE-HL7,23,Medium,Tier_3,Superstore,1594.19
row_03880,PRD-9LB7L5,18.639,Regular,0.1714,dairy,156.62,STORE-OYG,25,,Tier_2,Standard Supermarket,2689.23
row_03881,PRD-DK2043,,Regular,0.0155,Dairy,196.88,STORE-7WS,47,Medium,Tier_3,Flagship Hypermarket,5423.91
row_03882,PRD-DZQ5YW,17.009,Regular,0.0464,Snack Foods,96.43,STORE-HL7,23,Medium,Tier_3,Superstore,1320.04
row_03883,PRD-FP4E8T,8.689,Low Fat,0.0,FRUITS AND VEGETABLES,121.15,STORE-AGY,45,Large,Tier_3,Standard Supermarket,1516.46
row_03884,PRD-WTQX65,20.657,Low Fat,0.0948,starchy foods,223.73,STORE-AGY,45,Large,Tier_3,Standard Supermarket,3389.07
row_03885,PRD-KS265G,15.595,Low Fat,0.1544,Household,57.91,STORE-DKU,30,,Tier_2,Standard Supermarket,646.66
row_03886,PRD-U0COJB,9.328,Low Fat,0.0647,Frozen Foods,188.76,STORE-DKU,30,,Tier_2,Standard Supermarket,1580.99
row_03887,PRD-BE4HW4,12.131,Low Fat,0.076,Baking Goods,123.25,STORE-OYG,25,,Tier_2,Standard Supermarket,1549.51
row_03889,PRD-2YVL55,20.215,Regular,0.0536,FRUITS AND VEGETABLES,195.71,STORE-AGY,45,Large,Tier_3,Standard Supermarket,1132.38
row_03890,PRD-U1YBPE,10.595,Low Fat,0.0,Household,239.44,STORE-JOR,34,,Tier_3,Corner Shop,731.86
row_03892,PRD-PUWBWJ,12.504,Regular,0.0768,Dairy,249.63,STORE-HL7,23,Medium,Tier_3,Superstore,5028.81
row_03893,PRD-Y7S361,15.838,Low Fat,0.0632,starchy foods,223.63,STORE-9RG,28,Small,Tier_2,Standard Supermarket,6133.13
row_03894,PRD-WJGHF5,19.357,Regular,0.1588,CANNED,248.73,STORE-HL7,23,Medium,Tier_3,Superstore,2699.01
row_03895,PRD-KGPPR8,19.054,Regular,0.0646,baking goods,170.45,STORE-YLW,35,Small,Tier_1,Standard Supermarket,3297.27
row_03896,PRD-1DSTWG,7.542,Low Fat,0.1455,Fruits and Vegetables,237.73,STORE-HL7,23,Medium,Tier_3,Superstore,6332.12
row_03897,PRD-DYYVDQ,19.511,Regular,0.0892,Canned,158.57,STORE-DKU,30,,Tier_2,Standard Supermarket,3530.24
row_03898,PRD-CLVEHR,16.366,Regular,0.0,Frozen Foods,34.64,STORE-OYG,25,,Tier_2,Standard Supermarket,340.76
row_03899,PRD-9HXEG6,7.051,Low Fat,0.0466,Household,59.51,STORE-AGY,45,Large,Tier_3,Standard Supermarket,600.09
row_03900,PRD-SBYDKN,6.229,Low Fat,0.0102,Meat,63.87,STORE-DKU,30,,Tier_2,Standard Supermarket,789.06
row_03901,PRD-2RFKBT,8.422,Low Fat,0.0542,HOUSEHOLD,140.44,STORE-OYG,25,,Tier_2,Standard Supermarket,1911.51
row_03902,PRD-BF343R,20.23,Regular,0.0509,FROZEN FOODS,124.35,STORE-OYG,25,,Tier_2,Standard Supermarket,3337.13
row_03904,PRD-EMDJNI,15.788,Low Fat,0.0204,Household,42.56,STORE-HL7,23,Medium,Tier_3,Superstore,256.19
row_03905,PRD-4HX6BQ,,Low Fat,0.0246,canned,112.24,STORE-7WS,47,Medium,Tier_3,Flagship Hypermarket,1962.7
row_03906,PRD-1NG2QG,,Regular,0.1494,Frozen Foods,155.15,STORE-7WS,47,Medium,Tier_3,Flagship Hypermarket,2841.41
row_03907,PRD-V14WZZ,18.206,Low Fat,0.0299,health and hygiene,191.76,STORE-89Z,33,Medium,Tier_1,Standard Supermarket,2805.68
row_03908,PRD-VQ553K,14.766,Regular,0.0,FRUITS AND VEGETABLES,166.04,STORE-9RG,28,Small,Tier_2,Standard Supermarket,1973.4
row_03909,PRD-6O3NRD,11.161,Low Fat,0.0073,meat,191.72,STORE-AGY,45,Large,Tier_3,Standard Supermarket,5370.16
row_03910,PRD-6IUUKZ,,Regular,0.0,Frozen Foods,145.29,STORE-T5G,47,Small,Tier_1,Corner Shop,443.28
row_03911,PRD-DZQ5YW,17.501,Regular,0.0,SNACK FOODS,96.22,STORE-AGY,45,Large,Tier_3,Standard Supermarket,2729.77
row_03912,PRD-OZ9XFZ,15.866,Regular,0.1041,frozen foods,88.14,STORE-9RG,28,Small,Tier_2,Standard Supermarket,1087.5
row_03913,PRD-IQ9LVF,,Regular,0.0854,baking goods,48.51,STORE-89Z,33,Medium,Tier_1,Standard Supermarket,235.39
row_03914,PRD-X5SMJY,18.854,Low Fat,0.033,HOUSEHOLD,217.7,STORE-89Z,33,Medium,Tier_1,Standard Supermarket,4307.78
row_03915,PRD-6KBJ2C,,Low Fat,0.1562,Dairy,146.93,STORE-T5G,47,Small,Tier_1,Corner Shop,147.71
row_03916,PRD-7MBAPO,10.229,Regular,0.0526,fruits and vegetables,229.7,STORE-YLW,35,Small,Tier_1,Standard Supermarket,4663.86
row_03918,PRD-TBZO2W,14.023,Regular,0.102,Frozen Foods,142.53,STORE-YLW,35,Small,Tier_1,Standard Supermarket,5045.87
row_03919,PRD-32CDXS,20.279,Regular,0.0197,FRUITS AND VEGETABLES,215.87,STORE-9RG,28,Small,Tier_2,Standard Supermarket,5298.77
row_03921,PRD-CXN22P,16.038,Low Fat,0.0846,DAIRY,95.75,STORE-AGY,45,Large,Tier_3,Standard Supermarket,841.67
row_03922,PRD-639BCP,20.607,Regular,0.0626,BAKING GOODS,84.68,STORE-HL7,23,Medium,Tier_3,Superstore,1560.78
row_03923,PRD-6MLGK8,19.683,Regular,0.0,Fruits and Vegetables,181.54,STORE-HL7,23,Medium,Tier_3,Superstore,4010.36
row_03924,PRD-O84W6T,15.54,Low Fat,0.0377,Snack Foods,123.34,STORE-HL7,23,Medium,Tier_3,Superstore,2734.27
row_03927,PRD-GZCPKR,,Low Fat,0.0147,household,55.95,STORE-7WS,47,Medium,Tier_3,Flagship Hypermarket,2479.23
row_03928,PRD-P9K4YE,8.027,Low Fat,0.0,Frozen Foods,123.27,STORE-HL7,23,Medium,Tier_3,Superstore,508.43
row_03929,PRD-9STG4E,14.113,Regular,0.0142,canned,86.05,STORE-HL7,23,Medium,Tier_3,Superstore,2426.04
row_03930,PRD-JDP69D,18.488,Low Fat,0.1688,HOUSEHOLD,196.53,STORE-OYG,25,,Tier_2,Standard Supermarket,2868.72
row_03932,PRD-8A170X,18.068,Low Fat,0.0377,FROZEN FOODS,242.71,STORE-YLW,35,Small,Tier_1,Standard Supermarket,2829.57
row_03936,PRD-WDSS7E,19.44,Regular,0.0426,Frozen Foods,47.55,STORE-89Z,33,Medium,Tier_1,Standard Supermarket,1183.07
row_03937,PRD-41CMGC,7.337,Low Fat,0.0413,FRUITS AND VEGETABLES,226.63,STORE-HL7,23,Medium,Tier_3,Superstore,3739.96
row_03939,PRD-99VH0W,7.807,Low Fat,0.0522,FRUITS AND VEGETABLES,79.87,STORE-OYG,25,,Tier_2,Standard Supermarket,812.14
row_03941,PRD-32CDXS,,Regular,0.0191,fruits and vegetables,222.26,STORE-7WS,47,Medium,Tier_3,Flagship Hypermarket,6816.36
row_03943,PRD-LUSMF0,,Low Fat,0.0806,Meat,215.44,STORE-7WS,47,Medium,Tier_3,Flagship Hypermarket,6412.63
row_03944,PRD-9SEY62,17.581,Low Fat,0.0236,Fruits and Vegetables,96.66,STORE-89Z,33,Medium,Tier_1,Standard Supermarket,945.81
row_03947,PRD-XWBVYG,10.084,Low Fat,0.0493,Breads,33.2,STORE-YLW,35,Small,Tier_1,Standard Supermarket,871.31
row_03948,PRD-FGGUXT,5.562,Regular,0.0546,SNACK FOODS,63.06,STORE-YLW,35,Small,Tier_1,Standard Supermarket,1688.04
row_03950,PRD-GZCPKR,19.141,Low Fat,0.0143,household,57.19,STORE-HL7,23,Medium,Tier_3,Superstore,1333.59
row_03951,PRD-DXQ6WH,,Low Fat,0.0,Health and Hygiene,37.54,STORE-7WS,47,Medium,Tier_3,Flagship Hypermarket,1041.96
row_03952,PRD-43Z5TX,6.136,Low Fat,0.0245,Fruits and Vegetables,165.29,STORE-9RG,28,Small,Tier_2,Standard Supermarket,2790.9
row_03953,PRD-1FT8J9,12.338,Low Fat,0.2373,health and hygiene,230.49,STORE-JOR,34,,Tier_3,Corner Shop,219.1
row_03954,PRD-0W78AQ,8.233,Low Fat,0.0444,Fruits and Vegetables,49.19,STORE-89Z,33,Medium,Tier_1,Standard Supermarket,665.65
row_03955,PRD-MNUTT1,8.514,Low Fat,0.0,canned,144.64,STORE-AGY,45,Large,Tier_3,Standard Supermarket,3481.65
row_03956,PRD-AV3JCJ,17.424,Regular,0.1274,Breakfast,40.64,STORE-9RG,28,Small,Tier_2,Standard Supermarket,695.32
row_03957,PRD-Q8LYYX,11.652,Regular,0.0755,frozen foods,170.24,STORE-9RG,28,Small,Tier_2,Standard Supermarket,1822.7
row_03958,PRD-PLE5H3,10.443,Low Fat,0.0276,Fruits and Vegetables,98.07,STORE-HL7,23,Medium,Tier_3,Superstore,670.88
row_03959,PRD-FZ61II,10.07,Regular,0.1449,frozen foods,140.27,STORE-DKU,30,,Tier_2,Standard Supermarket,1759.83
row_03961,PRD-NF4EK6,,Low Fat,0.0687,Household,39.71,STORE-7WS,47,Medium,Tier_3,Flagship Hypermarket,731.19
row_03963,PRD-58L9K5,,Low Fat,0.0595,Starchy Foods,168.81,STORE-7WS,47,Medium,Tier_3,Flagship Hypermarket,5516.66
row_03964,PRD-APC4XY,7.122,Regular,0.0402,BAKING GOODS,63.59,STORE-89Z,33,Medium,Tier_1,Standard Supermarket,907.41
row_03966,PRD-91ZPKY,17.128,Low Fat,0.1223,FROZEN FOODS,243.43,STORE-9RG,28,Small,Tier_2,Standard Supermarket,5809.31
row_03967,PRD-NF4EK6,18.88,Low Fat,0.0641,Household,40.72,STORE-AGY,45,Large,Tier_3,Standard Supermarket,684.51
row_03968,PRD-JEIR9U,9.835,Low Fat,0.066,Snack Foods,228.33,STORE-HL7,23,Medium,Tier_3,Superstore,1150.97
row_03969,PRD-VQPG4P,10.699,Low Fat,0.0504,Others,163.1,STORE-89Z,33,Medium,Tier_1,Standard Supermarket,3805.19
row_03970,PRD-6RNJLK,20.188,Low Fat,0.0,Baking Goods,43.63,STORE-HL7,23,Medium,Tier_3,Superstore,399.4
row_03971,PRD-XLTA8I,12.951,Low Fat,0.058,soft drinks,142.06,STORE-DKU,30,,Tier_2,Standard Supermarket,420.68
row_03973,PRD-MVV44C,11.323,Regular,0.07,meat,240.89,STORE-YLW,35,Small,Tier_1,Standard Supermarket,4897.53
row_03974,PRD-GJ1QQ8,20.587,Low Fat,0.0794,baking goods,119.91,STORE-89Z,33,Medium,Tier_1,Standard Supermarket,1326.68
row_03975,PRD-QT4HS0,20.13,Low Fat,0.0078,Snack Foods,106.39,STORE-AGY,45,Large,Tier_3,Standard Supermarket,1632.24
row_03976,PRD-CUZREN,13.76,Low Fat,0.0567,dairy,238.71,STORE-OYG,25,,Tier_2,Standard Supermarket,1937.45
row_03977,PRD-DKYAYQ,18.808,Low Fat,0.0,DAIRY,153.93,STORE-AGY,45,Large,Tier_3,Standard Supermarket,305.51
row_03978,PRD-ULF5VL,5.871,Regular,0.0737,Snack Foods,261.01,STORE-DKU,30,,Tier_2,Standard Supermarket,1801.14
row_03979,PRD-SUDBCI,13.371,Low Fat,0.045,Snack Foods,187.81,STORE-YLW,35,Small,Tier_1,Standard Supermarket,1875.23
row_03980,PRD-YFXOBU,8.923,Regular,0.0715,fruits and vegetables,197.6,STORE-HL7,23,Medium,Tier_3,Superstore,2722.99
row_03981,PRD-VN8NN8,9.451,Regular,0.0791,Meat,104.45,STORE-89Z,33,Medium,Tier_1,Standard Supermarket,3965.31
row_03983,PRD-965050,,Low Fat,0.0776,frozen foods,220.56,STORE-7WS,47,Medium,Tier_3,Flagship Hypermarket,5602.31
row_03984,PRD-FNO6B9,8.433,Regular,0.1253,SOFT DRINKS,182.32,STORE-89Z,33,Medium,Tier_1,Standard Supermarket,1248.73
row_03985,PRD-9DBWQW,,Low Fat,0.0428,Household,91.59,STORE-7WS,47,Medium,Tier_3,Flagship Hypermarket,3406.39
row_03986,PRD-0YF9P7,,Low Fat,0.0,Fruits and Vegetables,52.95,STORE-YLW,35,Small,Tier_1,Standard Supermarket,1315.36
row_03988,PRD-QYAHPY,20.968,Low Fat,0.0789,FRUITS AND VEGETABLES,93.88,STORE-HL7,23,Medium,Tier_3,Superstore,372.94
row_03989,PRD-M2OX8M,,Low Fat,0.0233,Fruits and Vegetables,163.01,STORE-7WS,47,Medium,Tier_3,Flagship Hypermarket,4468.03
row_03990,PRD-PD4RXB,,Regular,0.12,BAKING GOODS,60.93,STORE-7WS,47,Medium,Tier_3,Flagship Hypermarket,1065.22
row_03993,PRD-BLQGBI,7.488,Low Fat,0.1222,HOUSEHOLD,156.44,STORE-JOR,34,,Tier_3,Corner Shop,305.98
row_03994,PRD-A46JZO,15.273,Low Fat,0.0,health and hygiene,47.48,STORE-89Z,33,Medium,Tier_1,Standard Supermarket,422.49
row_03995,PRD-NSWIL6,,Low Fat,0.0402,Meat,119.29,STORE-7WS,47,Medium,Tier_3,Flagship Hypermarket,3730.68
row_03997,PRD-Q7WI57,10.298,Low Fat,0.0415,Fruits and Vegetables,37.85,STORE-YLW,35,Small,Tier_1,Standard Supermarket,556.77
row_03999,PRD-UZS9IM,17.105,Low Fat,0.0398,Soft Drinks,162.71,STORE-DKU,30,,Tier_2,Standard Supermarket,2299.14
row_04000,PRD-JVFJWT,,Regular,0.1067,Fruits and Vegetables,230.73,STORE-7WS,47,Medium,Tier_3,Flagship Hypermarket,4597.01
row_04001,PRD-SNF69T,9.139,Low Fat,0.0,Household,54.1,STORE-DKU,30,,Tier_2,Standard Supermarket,315.08
row_04002,PRD-UMMSR8,11.153,Low Fat,0.0496,snack foods,48.93,STORE-JOR,34,,Tier_3,Corner Shop,97.98
row_04003,PRD-GZ0C99,,Regular,0.0156,meat,248.92,STORE-7WS,47,Medium,Tier_3,Flagship Hypermarket,6477.22
row_04004,PRD-TW0A9P,12.654,Regular,0.1365,CANNED,195.3,STORE-JOR,34,,Tier_3,Corner Shop,188.71
row_04005,PRD-MDLMQ0,15.969,Low Fat,0.0572,Health and Hygiene,149.19,STORE-DKU,30,,Tier_2,Standard Supermarket,2641.55
row_04006,PRD-ZFV8YU,,Low Fat,0.0,Fruits and Vegetables,126.91,STORE-T5G,47,Small,Tier_1,Corner Shop,260.82
row_04007,PRD-90XDR7,12.458,Low Fat,0.02,Breads,197.95,STORE-89Z,33,Medium,Tier_1,Standard Supermarket,3671.27
row_04008,PRD-3SY670,6.765,Regular,0.1382,snack foods,199.82,STORE-AGY,45,Large,Tier_3,Standard Supermarket,2813.18
row_04010,PRD-SNF69T,8.693,Low Fat,0.0128,Household,58.13,STORE-OYG,25,,Tier_2,Standard Supermarket,865.78
row_04011,PRD-ZDANTN,,Regular,0.0225,BAKING GOODS,243.0,STORE-7WS,47,Medium,Tier_3,Flagship Hypermarket,4611.47
row_04013,PRD-0KDULB,20.348,Low Fat,0.0717,Household,91.35,STORE-HL7,23,Medium,Tier_3,Superstore,1744.92
row_04014,PRD-N5F62D,,Low Fat,0.0244,FROZEN FOODS,254.7,STORE-T5G,47,Small,Tier_1,Corner Shop,492.85
row_04015,PRD-S2MXCB,12.231,Low Fat,0.0871,household,171.58,STORE-OYG,25,,Tier_2,Standard Supermarket,2527.31
row_04016,PRD-XQFXKD,,Low Fat,0.0934,Canned,141.96,STORE-7WS,47,Medium,Tier_3,Flagship Hypermarket,1922.16
row_04017,PRD-M9RIT8,7.8,Low Fat,0.0163,Snack Foods,160.3,STORE-9RG,28,Small,Tier_2,Standard Supermarket,2806.7
row_04018,PRD-8YXU1P,12.756,Low Fat,0.0451,others,115.65,STORE-YLW,35,Small,Tier_1,Standard Supermarket,813.02
row_04019,PRD-00EIUE,8.52,Regular,0.0722,Canned,188.59,STORE-YLW,35,Small,Tier_1,Standard Supermarket,3032.21
row_04020,PRD-C04T2V,13.066,Low Fat,0.0347,household,46.41,STORE-OYG,25,,Tier_2,Standard Supermarket,713.11
row_04021,PRD-58CEPS,6.759,Low Fat,0.0653,Fruits and Vegetables,186.79,STORE-OYG,25,,Tier_2,Standard Supermarket,2721.61
row_04022,PRD-SQ8X3A,17.119,Regular,0.0653,baking goods,89.02,STORE-9RG,28,Small,Tier_2,Standard Supermarket,1651.85
row_04023,PRD-CJ2XX2,8.134,Low Fat,0.0357,fruits and vegetables,37.0,STORE-HL7,23,Medium,Tier_3,Superstore,448.14
row_04025,PRD-1HOH9O,,Low Fat,0.0438,Household,193.03,STORE-T5G,47,Small,Tier_1,Corner Shop,196.23
row_04026,PRD-3SQ3DG,,Low Fat,0.0641,Snack Foods,133.95,STORE-7WS,47,Medium,Tier_3,Flagship Hypermarket,3362.91
row_04027,PRD-08I4W0,5.739,Low Fat,0.0836,baking goods,35.63,STORE-AGY,45,Large,Tier_3,Standard Supermarket,879.3
row_04028,PRD-FKTCNU,9.005,Regular,0.0906,SNACK FOODS,122.96,STORE-HL7,23,Medium,Tier_3,Superstore,2885.59
row_04030,PRD-E6VA05,9.518,Low Fat,0.0419,Soft Drinks,32.01,STORE-HL7,23,Medium,Tier_3,Superstore,359.63
row_04032,PRD-44P39J,11.592,Regular,0.0694,FROZEN FOODS,256.79,STORE-DKU,30,,Tier_2,Standard Supermarket,2880.11
row_04034,PRD-A0IOEJ,7.898,Low Fat,0.0113,Canned,191.08,STORE-HL7,23,Medium,Tier_3,Superstore,928.19
row_04035,PRD-D4K7YJ,18.194,Regular,0.1412,starchy foods,180.54,STORE-AGY,45,Large,Tier_3,Standard Supermarket,3188.78
row_04036,PRD-0CHYKM,,Low Fat,0.1186,Health and Hygiene,271.12,STORE-T5G,47,Small,Tier_1,Corner Shop,252.44
row_04037,PRD-YUG5GN,11.458,Low Fat,0.0,fruits and vegetables,46.21,STORE-HL7,23,Medium,Tier_3,Superstore,1123.02
row_04038,PRD-FA4IUZ,13.525,Regular,0.0791,dairy,188.51,STORE-YLW,35,Small,Tier_1,Standard Supermarket,3198.38
row_04039,PRD-7CZE3S,,Low Fat,0.015,MEAT,115.51,STORE-7WS,47,Medium,Tier_3,Flagship Hypermarket,1648.96
row_04041,PRD-64V0WS,18.604,Low Fat,0.0719,SNACK FOODS,120.55,STORE-OYG,25,,Tier_2,Standard Supermarket,3556.08
row_04042,PRD-RPHBL5,20.02,Regular,0.0446,snack foods,177.75,STORE-AGY,45,Large,Tier_3,Standard Supermarket,522.94
row_04043,PRD-M80O2R,,Low Fat,0.0835,soft drinks,193.31,STORE-7WS,47,Medium,Tier_3,Flagship Hypermarket,575.13
row_04044,PRD-ANEC1W,,Low Fat,0.0119,FRUITS AND VEGETABLES,38.14,STORE-7WS,47,Medium,Tier_3,Flagship Hypermarket,502.29
row_04045,PRD-7IOABT,7.365,Low Fat,0.089,FROZEN FOODS,146.83,STORE-DKU,30,,Tier_2,Standard Supermarket,1319.54
row_04046,PRD-HR8X8C,13.2,Regular,0.1352,starchy foods,97.9,STORE-YLW,35,Small,Tier_1,Standard Supermarket,2544.17
row_04047,PRD-88AENN,10.793,Regular,0.0,fruits and vegetables,168.89,STORE-HL7,23,Medium,Tier_3,Superstore,1961.09
row_04048,PRD-DN0YBY,,Low Fat,0.1108,SOFT DRINKS,159.99,STORE-7WS,47,Medium,Tier_3,Flagship Hypermarket,2280.61
row_04049,PRD-JNODL5,,Low Fat,0.0158,Health and Hygiene,159.45,STORE-7WS,47,Medium,Tier_3,Flagship Hypermarket,4459.71
row_04050,PRD-C0AR0O,5.165,Regular,0.0516,snack foods,106.78,STORE-JOR,34,,Tier_3,Corner Shop,210.04
row_04051,PRD-XMSTP3,14.746,Low Fat,0.0,SNACK FOODS,48.26,STORE-9RG,28,Small,Tier_2,Standard Supermarket,701.57
row_04052,PRD-GS8W0Q,10.596,Low Fat,0.0492,fruits and vegetables,242.08,STORE-OYG,25,,Tier_2,Standard Supermarket,4786.66
row_04053,PRD-LCSXU1,11.715,Regular,0.0593,Baking Goods,174.04,STORE-AGY,45,Large,Tier_3,Standard Supermarket,520.78
row_04056,PRD-THVKB8,8.737,Regular,0.0,Dairy,259.76,STORE-OYG,25,,Tier_2,Standard Supermarket,4670.39
row_04057,PRD-GW4LDH,10.196,Low Fat,0.0856,health and hygiene,145.87,STORE-DKU,30,,Tier_2,Standard Supermarket,2587.16
row_04058,PRD-679O2X,20.896,Low Fat,0.0803,Snack Foods,196.66,STORE-JOR,34,,Tier_3,Corner Shop,794.15
row_04059,PRD-3HGG9C,20.571,Low Fat,0.0971,Household,190.02,STORE-HL7,23,Medium,Tier_3,Superstore,3403.1
row_04060,PRD-GNJ6OM,15.549,Regular,0.1021,Baking Goods,181.72,STORE-9RG,28,Small,Tier_2,Standard Supermarket,2441.85
row_04061,PRD-LKS9L3,6.4,Regular,0.0506,Baking Goods,222.99,STORE-HL7,23,Medium,Tier_3,Superstore,667.16
row_04062,PRD-4W2O6O,,Low Fat,0.0295,HOUSEHOLD,156.79,STORE-7WS,47,Medium,Tier_3,Flagship Hypermarket,4571.7
row_04063,PRD-5FI6ER,9.434,Regular,0.1005,Canned,78.7,STORE-9RG,28,Small,Tier_2,Standard Supermarket,1914.79
row_04064,PRD-2XAHHF,20.179,Low Fat,0.0251,health and hygiene,142.22,STORE-JOR,34,,Tier_3,Corner Shop,591.54
row_04067,PRD-Q90SJM,20.971,Regular,0.0851,Frozen Foods,182.11,STORE-9RG,28,Small,Tier_2,Standard Supermarket,3164.62
row_04068,PRD-QS3E3R,5.637,Low Fat,0.0982,Breads,160.34,STORE-89Z,33,Medium,Tier_1,Standard Supermarket,3437.56
row_04069,PRD-8NY9QX,16.958,Low Fat,0.1372,Snack Foods,143.54,STORE-HL7,23,Medium,Tier_3,Superstore,2459.87
row_04070,PRD-PNWDDS,11.342,Low Fat,0.1235,DAIRY,44.43,STORE-9RG,28,Small,Tier_2,Standard Supermarket,606.43
row_04071,PRD-VTTR5G,13.638,Regular,0.0548,BREAKFAST,228.82,STORE-OYG,25,,Tier_2,Standard Supermarket,2686.11
row_04072,PRD-K15UL9,9.211,Low Fat,0.1108,frozen foods,95.94,STORE-DKU,30,,Tier_2,Standard Supermarket,1654.59
row_04073,PRD-JT10UE,12.213,Regular,0.0805,Fruits and Vegetables,90.68,STORE-HL7,23,Medium,Tier_3,Superstore,1337.6
row_04074,PRD-QP5M3G,7.536,Low Fat,0.0149,Canned,90.57,STORE-89Z,33,Medium,Tier_1,Standard Supermarket,531.06
row_04075,PRD-L9E9NI,8.345,Regular,0.0358,BAKING GOODS,148.06,STORE-YLW,35,Small,Tier_1,Standard Supermarket,2760.28
row_04076,PRD-C1B3EU,18.989,Regular,0.0954,frozen foods,47.88,STORE-HL7,23,Medium,Tier_3,Superstore,636.83
row_04079,PRD-IQ9LVF,19.223,Regular,0.0839,Baking Goods,49.46,STORE-9RG,28,Small,Tier_2,Standard Supermarket,553.82
row_04080,PRD-Q4MPR9,9.675,Low Fat,0.0297,Snack Foods,158.65,STORE-HL7,23,Medium,Tier_3,Superstore,2840.18
row_04082,PRD-V94X2H,13.994,Low Fat,0.0593,Snack Foods,247.85,STORE-JOR,34,,Tier_3,Corner Shop,732.24
row_04083,PRD-WOSQMC,16.632,Low Fat,0.0426,Fruits and Vegetables,181.62,STORE-AGY,45,Large,Tier_3,Standard Supermarket,1662.65
row_04085,PRD-T6MJXK,18.894,Low Fat,0.0,Dairy,95.05,STORE-DKU,30,,Tier_2,Standard Supermarket,1700.31
row_04086,PRD-NSWIL6,21.355,Low Fat,0.0,MEAT,114.71,STORE-HL7,23,Medium,Tier_3,Superstore,1071.22
row_04087,PRD-B2HWYW,19.467,Low Fat,0.0254,Household,45.56,STORE-AGY,45,Large,Tier_3,Standard Supermarket,598.98
row_04088,PRD-9U47YU,11.299,Regular,0.0057,FRUITS AND VEGETABLES,172.31,STORE-OYG,25,,Tier_2,Standard Supermarket,3127.87
row_04089,PRD-A0R0L9,13.716,Regular,0.0363,Frozen Foods,165.41,STORE-AGY,45,Large,Tier_3,Standard Supermarket,1827.65
row_04090,PRD-UL2AE5,9.537,Low Fat,0.0248,Health and Hygiene,116.33,STORE-DKU,30,,Tier_2,Standard Supermarket,2912.95
row_04091,PRD-6RNJLK,19.49,Low Fat,0.0579,Baking Goods,42.35,STORE-JOR,34,,Tier_3,Corner Shop,86.33
row_04093,PRD-90XDR7,,Low Fat,0.0197,Breads,203.05,STORE-7WS,47,Medium,Tier_3,Flagship Hypermarket,9258.66
row_04095,PRD-LJZEJB,6.506,Low Fat,0.0947,dairy,194.34,STORE-AGY,45,Large,Tier_3,Standard Supermarket,2515.3
row_04096,PRD-18NL4I,19.075,Regular,0.0206,fruits and vegetables,121.74,STORE-DKU,30,,Tier_2,Standard Supermarket,2716.87
row_04097,PRD-UBXCU2,8.841,Low Fat,0.0205,HOUSEHOLD,173.45,STORE-HL7,23,Medium,Tier_3,Superstore,4394.34
row_04098,PRD-4GPYWS,14.024,Low Fat,0.0293,FRUITS AND VEGETABLES,221.01,STORE-DKU,30,,Tier_2,Standard Supermarket,3000.94
row_04099,PRD-E4XLA5,9.623,Regular,0.1255,Baking Goods,226.32,STORE-OYG,25,,Tier_2,Standard Supermarket,2691.7
row_04100,PRD-MS2LEL,18.791,Low Fat,0.1189,Snack Foods,219.36,STORE-9RG,28,Small,Tier_2,Standard Supermarket,5748.13
row_04102,PRD-J0KX9K,9.89,Low Fat,0.1834,fruits and vegetables,179.13,STORE-JOR,34,,Tier_3,Corner Shop,167.67
row_04103,PRD-F3G3T3,,Low Fat,0.0194,Snack Foods,239.19,STORE-7WS,47,Medium,Tier_3,Flagship Hypermarket,6309.99
row_04104,PRD-W4Z56R,5.634,Low Fat,0.0825,FRUITS AND VEGETABLES,163.23,STORE-YLW,35,Small,Tier_1,Standard Supermarket,2286.74
row_04105,PRD-JGLNR2,10.645,Regular,0.0114,Snack Foods,160.55,STORE-89Z,33,Medium,Tier_1,Standard Supermarket,1896.09
row_04106,PRD-4AAL09,20.113,Low Fat,0.1314,Others,38.57,STORE-JOR,34,,Tier_3,Corner Shop,150.87
row_04108,PRD-52UH5B,16.295,Low Fat,0.0759,Canned,213.25,STORE-OYG,25,,Tier_2,Standard Supermarket,4754.06
row_04109,PRD-YDT7CU,14.625,Regular,0.063,BREADS,259.32,STORE-89Z,33,Medium,Tier_1,Standard Supermarket,2686.71
row_04110,PRD-DY1PP4,8.617,Low Fat,0.091,HOUSEHOLD,111.31,STORE-YLW,35,Small,Tier_1,Standard Supermarket,452.15
row_04111,PRD-0DZ6XP,18.749,Low Fat,0.1037,fruits and vegetables,93.64,STORE-AGY,45,Large,Tier_3,Standard Supermarket,1329.83
row_04113,PRD-JVZA65,11.956,Low Fat,0.0209,Snack Foods,153.28,STORE-YLW,35,Small,Tier_1,Standard Supermarket,2131.8
row_04114,PRD-BF1I3L,14.886,Low Fat,0.1466,Soft Drinks,50.58,STORE-OYG,25,,Tier_2,Standard Supermarket,1061.37
row_04115,PRD-0XPJ70,6.42,Low Fat,0.0924,Household,195.56,STORE-9RG,28,Small,Tier_2,Standard Supermarket,2344.05
row_04116,PRD-24Z860,6.056,Regular,0.0109,Frozen Foods,91.9,STORE-OYG,25,,Tier_2,Standard Supermarket,1400.46
row_04117,PRD-MICMBP,7.683,Regular,0.0852,Frozen Foods,35.78,STORE-YLW,35,Small,Tier_1,Standard Supermarket,769.18
row_04118,PRD-2RL15F,10.202,Low Fat,0.1155,HARD DRINKS,112.16,STORE-OYG,25,,Tier_2,Standard Supermarket,2578.56
row_04119,PRD-FHKP7I,,Regular,0.0117,Canned,163.85,STORE-DKU,30,,Tier_2,Standard Supermarket,1738.39
row_04121,PRD-JMV47T,6.215,Regular,0.0097,MEAT,147.89,STORE-89Z,33,Medium,Tier_1,Standard Supermarket,1929.12
row_04123,PRD-FA4IUZ,14.019,Regular,0.0816,Dairy,185.99,STORE-89Z,33,Medium,Tier_1,Standard Supermarket,4597.09
row_04124,PRD-4IHRV7,12.372,Regular,0.0416,meat,179.83,STORE-YLW,35,Small,Tier_1,Standard Supermarket,1916.81
row_04125,PRD-302FAP,13.664,Low Fat,0.0493,Fruits and Vegetables,146.04,STORE-89Z,33,Medium,Tier_1,Standard Supermarket,2666.13
row_04126,PRD-4CYXQB,18.193,Low Fat,0.1203,Snack Foods,187.2,STORE-9RG,28,Small,Tier_2,Standard Supermarket,2887.5
row_04128,PRD-8449K6,17.155,Regular,0.0766,FRUITS AND VEGETABLES,211.83,STORE-YLW,35,Small,Tier_1,Standard Supermarket,3584.93
row_04129,PRD-KDGVNM,6.71,Low Fat,0.0884,Canned,143.53,STORE-JOR,34,,Tier_3,Corner Shop,285.98
row_04130,PRD-4PZT3E,16.317,Low Fat,0.0728,DAIRY,219.1,STORE-HL7,23,Medium,Tier_3,Superstore,6153.28
row_04131,PRD-ZE84LM,6.881,Low Fat,0.0232,Frozen Foods,101.42,STORE-OYG,25,,Tier_2,Standard Supermarket,2590.58
row_04132,PRD-9STG4E,,Regular,0.0148,Canned,89.38,STORE-7WS,47,Medium,Tier_3,Flagship Hypermarket,2415.74
row_04133,PRD-0B7UYQ,19.668,Low Fat,0.1489,household,226.57,STORE-89Z,33,Medium,Tier_1,Standard Supermarket,1922.46
row_04134,PRD-5JACYR,7.565,Low Fat,0.0278,Fruits and Vegetables,39.89,STORE-HL7,23,Medium,Tier_3,Superstore,392.65
row_04135,PRD-TE0XFZ,,Regular,0.1593,frozen foods,215.37,STORE-AGY,45,Large,Tier_3,Standard Supermarket,1489.22
row_04136,PRD-QDXOEA,7.345,Low Fat,0.0276,snack foods,110.83,STORE-DKU,30,,Tier_2,Standard Supermarket,1254.47
row_04140,PRD-C0AR0O,5.083,Regular,0.0297,snack foods,109.12,STORE-9RG,28,Small,Tier_2,Standard Supermarket,2751.41
row_04141,PRD-JSPKET,,Regular,0.1065,Dairy,97.67,STORE-7WS,47,Medium,Tier_3,Flagship Hypermarket,2190.13
row_04142,PRD-IJOTIN,18.085,Low Fat,0.0,Frozen Foods,150.85,STORE-HL7,23,Medium,Tier_3,Superstore,887.82
row_04143,PRD-D8LKB5,17.066,Low Fat,0.0449,Snack Foods,186.62,STORE-HL7,23,Medium,Tier_3,Superstore,4833.03
row_04144,PRD-W10HOA,6.827,Low Fat,0.0411,Snack Foods,89.43,STORE-AGY,45,Large,Tier_3,Standard Supermarket,1246.92
row_04146,PRD-77KXXS,8.38,Regular,0.0756,Dairy,192.88,STORE-OYG,25,,Tier_2,Standard Supermarket,5197.26
row_04148,PRD-KUE98H,9.156,Low Fat,0.1068,BREADS,64.64,STORE-AGY,45,Large,Tier_3,Standard Supermarket,2072.24
row_04149,PRD-8R8KUS,9.663,Regular,0.0638,Fruits and Vegetables,113.83,STORE-DKU,30,,Tier_2,Standard Supermarket,2296.97
row_04150,PRD-4AWTY0,9.693,Low Fat,0.0827,Hard Drinks,187.18,STORE-AGY,45,Large,Tier_3,Standard Supermarket,1776.04
row_04151,PRD-Y8VYIF,18.46,Low Fat,0.044,Canned,252.65,STORE-OYG,25,,Tier_2,Standard Supermarket,5267.66
row_04152,PRD-3I603D,17.224,Low Fat,0.0272,Frozen Foods,269.31,STORE-YLW,35,Small,Tier_1,Standard Supermarket,3742.35
row_04153,PRD-FPTNK2,14.744,Low Fat,0.0958,fruits and vegetables,174.54,STORE-HL7,23,Medium,Tier_3,Superstore,658.13
row_04155,PRD-MLWBFJ,6.474,Low Fat,0.0518,BAKING GOODS,93.3,STORE-JOR,34,,Tier_3,Corner Shop,93.33
row_04156,PRD-ZRMH3F,,Regular,0.132,Frozen Foods,173.4,STORE-7WS,47,Medium,Tier_3,Flagship Hypermarket,4702.16
row_04157,PRD-DTQLBZ,14.617,Regular,0.1314,BAKING GOODS,101.44,STORE-9RG,28,Small,Tier_2,Standard Supermarket,210.72
row_04159,PRD-8JU6OJ,,Low Fat,0.1331,Baking Goods,77.35,STORE-7WS,47,Medium,Tier_3,Flagship Hypermarket,1041.63
row_04161,PRD-H0JJGG,19.128,Low Fat,0.1086,FROZEN FOODS,105.29,STORE-9RG,28,Small,Tier_2,Standard Supermarket,1913.88
row_04162,PRD-HGCAIK,5.808,Regular,0.0895,CANNED,54.08,STORE-AGY,45,Large,Tier_3,Standard Supermarket,1487.74
row_04163,PRD-YGW5F2,10.26,Low Fat,0.1499,MEAT,102.2,STORE-YLW,35,Small,Tier_1,Standard Supermarket,3061.62
row_04164,PRD-NQ65QD,6.182,Low Fat,0.0746,Dairy,57.83,STORE-9RG,28,Small,Tier_2,Standard Supermarket,2120.82
row_04167,PRD-UZET1P,12.937,Low Fat,0.0395,fruits and vegetables,177.05,STORE-89Z,33,Medium,Tier_1,Standard Supermarket,1019.63
row_04168,PRD-KINNDW,20.889,Regular,0.0306,Frozen Foods,85.67,STORE-JOR,34,,Tier_3,Corner Shop,168.81
row_04169,PRD-FA4IUZ,13.577,Regular,0.1263,DAIRY,192.26,STORE-JOR,34,,Tier_3,Corner Shop,714.08
row_04170,PRD-H8YZWJ,9.369,Low Fat,0.0901,CANNED,147.35,STORE-89Z,33,Medium,Tier_1,Standard Supermarket,1003.37
row_04171,PRD-9SEY62,,Low Fat,0.0212,Fruits and Vegetables,93.38,STORE-7WS,47,Medium,Tier_3,Flagship Hypermarket,3728.58
row_04172,PRD-X5M8PJ,4.953,Regular,0.1248,SNACK FOODS,141.72,STORE-DKU,30,,Tier_2,Standard Supermarket,3295.79
row_04173,PRD-VGA3ZI,7.86,Low Fat,0.0266,HEALTH AND HYGIENE,142.48,STORE-YLW,35,Small,Tier_1,Standard Supermarket,3650.31
row_04174,PRD-D6O9YZ,10.884,Regular,0.0502,baking goods,41.67,STORE-89Z,33,Medium,Tier_1,Standard Supermarket,701.46
row_04180,PRD-N3R81D,,Regular,0.1548,frozen foods,184.72,STORE-T5G,47,Small,Tier_1,Corner Shop,1148.62
row_04181,PRD-87AU5B,9.541,Low Fat,0.0138,Soft Drinks,48.8,STORE-DKU,30,,Tier_2,Standard Supermarket,997.9
row_04182,PRD-ZTO1FG,14.204,Low Fat,0.1435,Dairy,264.51,STORE-AGY,45,Large,Tier_3,Standard Supermarket,5470.34
row_04183,PRD-87AU5B,9.943,Low Fat,0.0134,soft drinks,46.83,STORE-HL7,23,Medium,Tier_3,Superstore,359.03
row_04184,PRD-I64XLY,,Low Fat,0.0399,Fruits and Vegetables,188.29,STORE-7WS,47,Medium,Tier_3,Flagship Hypermarket,4824.15
row_04185,PRD-TC2QWF,15.384,Regular,0.1544,Canned,180.61,STORE-OYG,25,,Tier_2,Standard Supermarket,4631.35
row_04188,PRD-MH7GX8,18.839,Low Fat,0.1005,Dairy,52.03,STORE-OYG,25,,Tier_2,Standard Supermarket,970.87
row_04190,PRD-FT3J41,6.687,Regular,0.1095,BAKING GOODS,167.81,STORE-HL7,23,Medium,Tier_3,Superstore,1841.66
row_04191,PRD-HK23A1,8.478,Regular,0.0759,Snack Foods,171.05,STORE-AGY,45,Large,Tier_3,Standard Supermarket,1365.39
row_04192,PRD-OBR9GP,5.606,Low Fat,0.036,Health and Hygiene,99.14,STORE-9RG,28,Small,Tier_2,Standard Supermarket,2655.46
row_04194,PRD-UJG7IN,6.077,Low Fat,0.0944,FROZEN FOODS,125.79,STORE-YLW,35,Small,Tier_1,Standard Supermarket,527.48
row_04195,PRD-ZHWW3L,12.331,Regular,0.0214,Meat,97.36,STORE-9RG,28,Small,Tier_2,Standard Supermarket,573.66
row_04196,PRD-Y7CQKD,13.798,Regular,0.0631,FRUITS AND VEGETABLES,76.43,STORE-89Z,33,Medium,Tier_1,Standard Supermarket,1573.57
row_04197,PRD-Q2RPUV,8.444,Low Fat,0.0568,health and hygiene,139.76,STORE-JOR,34,,Tier_3,Corner Shop,430.55
row_04198,PRD-95N4VP,15.899,Low Fat,0.0461,frozen foods,180.82,STORE-DKU,30,,Tier_2,Standard Supermarket,1913.29
row_04199,PRD-QKDZ1Q,16.8,Regular,0.1055,fruits and vegetables,230.93,STORE-JOR,34,,Tier_3,Corner Shop,226.54
row_04201,PRD-MLWBFJ,6.626,Low Fat,0.0295,BAKING GOODS,93.67,STORE-OYG,25,,Tier_2,Standard Supermarket,1385.0
row_04202,PRD-C5BDFU,6.239,Low Fat,0.0315,Dairy,183.33,STORE-HL7,23,Medium,Tier_3,Superstore,3319.65
row_04203,PRD-KV05SZ,18.574,Low Fat,0.0939,hard drinks,127.0,STORE-DKU,30,,Tier_2,Standard Supermarket,875.17
row_04204,PRD-LYF3YR,6.289,Low Fat,0.0057,HOUSEHOLD,167.38,STORE-DKU,30,,Tier_2,Standard Supermarket,5154.89
row_04205,PRD-PDRI65,11.208,Low Fat,0.0181,Health and Hygiene,133.87,STORE-YLW,35,Small,Tier_1,Standard Supermarket,2885.68
row_04206,PRD-VM8F3I,,Regular,0.1097,Fruits and Vegetables,59.11,STORE-7WS,47,Medium,Tier_3,Flagship Hypermarket,2241.48
row_04208,PRD-2OQEWF,18.037,Low Fat,0.0596,others,132.51,STORE-JOR,34,,Tier_3,Corner Shop,258.65
row_04209,PRD-VRURQT,,Regular,0.0604,dairy,181.05,STORE-7WS,47,Medium,Tier_3,Flagship Hypermarket,1253.98
row_04210,PRD-CEEQ2B,,Low Fat,0.0305,Fruits and Vegetables,110.97,STORE-7WS,47,Medium,Tier_3,Flagship Hypermarket,3193.42
row_04211,PRD-3KK8SL,,Regular,0.0412,FRUITS AND VEGETABLES,201.14,STORE-7WS,47,Medium,Tier_3,Flagship Hypermarket,3811.86
row_04212,PRD-H4CI9H,,Regular,0.0645,Meat,181.92,STORE-T5G,47,Small,Tier_1,Corner Shop,168.19
row_04213,PRD-JZZGKE,10.797,Regular,0.0489,dairy,48.25,STORE-AGY,45,Large,Tier_3,Standard Supermarket,703.35
row_04214,PRD-YHRDU3,13.402,Low Fat,0.0926,Household,162.24,STORE-89Z,33,Medium,Tier_1,Standard Supermarket,4107.71
row_04215,PRD-T0G7RI,,Regular,0.0765,Snack Foods,51.83,STORE-T5G,47,Small,Tier_1,Corner Shop,55.75
row_04216,PRD-FYZF7M,,Low Fat,0.0902,Health and Hygiene,160.91,STORE-7WS,47,Medium,Tier_3,Flagship Hypermarket,6158.33
row_04217,PRD-YL84PO,,Regular,0.0143,SNACK FOODS,199.28,STORE-7WS,47,Medium,Tier_3,Flagship Hypermarket,5707.32
row_04218,PRD-U438R9,,Regular,0.0617,Frozen Foods,178.94,STORE-T5G,47,Small,Tier_1,Corner Shop,350.82
row_04219,PRD-QDI07H,17.623,Regular,0.1527,DAIRY,242.65,STORE-AGY,45,Large,Tier_3,Standard Supermarket,4516.89
row_04220,PRD-EPMKVT,19.708,Low Fat,0.0738,HEALTH AND HYGIENE,62.33,STORE-9RG,28,Small,Tier_2,Standard Supermarket,979.39
row_04221,PRD-YM6IER,7.704,Regular,0.0314,FRUITS AND VEGETABLES,126.0,STORE-DKU,30,,Tier_2,Standard Supermarket,2050.21
row_04222,PRD-K1DZCJ,7.297,Low Fat,0.0952,Household,251.29,STORE-89Z,33,Medium,Tier_1,Standard Supermarket,4141.91
row_04223,PRD-TJ3D90,15.397,Low Fat,0.1549,Starchy Foods,108.62,STORE-AGY,45,Large,Tier_3,Standard Supermarket,1452.63
row_04224,PRD-EI7XZU,13.191,Low Fat,0.0209,FRUITS AND VEGETABLES,179.56,STORE-HL7,23,Medium,Tier_3,Superstore,2243.25
row_04225,PRD-KINNDW,,Regular,0.0188,Frozen Foods,85.79,STORE-YLW,35,Small,Tier_1,Standard Supermarket,1850.7
row_04227,PRD-1Z14YA,,Low Fat,0.0,meat,108.48,STORE-7WS,47,Medium,Tier_3,Flagship Hypermarket,2043.5
row_04230,PRD-JDP69D,18.952,Low Fat,0.1607,Household,198.37,STORE-AGY,45,Large,Tier_3,Standard Supermarket,1130.85
row_04231,PRD-V2V1IT,9.79,Low Fat,0.0451,Frozen Foods,139.03,STORE-9RG,28,Small,Tier_2,Standard Supermarket,2167.49
row_04232,PRD-6C3BE3,,Low Fat,0.0372,Household,148.87,STORE-7WS,47,Medium,Tier_3,Flagship Hypermarket,2076.69
row_04235,PRD-DOYWLL,12.453,Low Fat,0.1875,Canned,122.28,STORE-JOR,34,,Tier_3,Corner Shop,118.6
row_04236,PRD-YWIQC5,19.756,Regular,0.0291,FRUITS AND VEGETABLES,46.09,STORE-89Z,33,Medium,Tier_1,Standard Supermarket,452.11
row_04237,PRD-1WW0WD,,Low Fat,0.0784,BAKING GOODS,78.58,STORE-7WS,47,Medium,Tier_3,Flagship Hypermarket,2811.64
row_04238,PRD-6O3NRD,,Low Fat,0.0,Meat,191.03,STORE-T5G,47,Small,Tier_1,Corner Shop,596.98
row_04239,PRD-V14WZZ,,Low Fat,0.0293,Health and Hygiene,190.14,STORE-7WS,47,Medium,Tier_3,Flagship Hypermarket,2957.23
row_04240,PRD-HXTPDP,9.674,Low Fat,0.1665,Soft Drinks,239.91,STORE-OYG,25,,Tier_2,Standard Supermarket,4587.81
row_04241,PRD-TLHXCM,14.192,Low Fat,0.0358,Canned,258.25,STORE-OYG,25,,Tier_2,Standard Supermarket,4610.45
row_04243,PRD-YTXH8P,5.175,Regular,0.0469,Meat,180.53,STORE-HL7,23,Medium,Tier_3,Superstore,2480.27
row_04244,PRD-EVYY91,14.134,Low Fat,0.0177,health and hygiene,112.71,STORE-OYG,25,,Tier_2,Standard Supermarket,1714.38
row_04246,PRD-ZIX69G,8.091,Regular,0.0823,Fruits and Vegetables,255.6,STORE-OYG,25,,Tier_2,Standard Supermarket,8488.77
row_04247,PRD-NMIC1F,11.073,Regular,0.0,SNACK FOODS,101.75,STORE-YLW,35,Small,Tier_1,Standard Supermarket,210.14
row_04248,PRD-T9U9NM,7.692,Regular,0.0581,BREAKFAST,57.61,STORE-9RG,28,Small,Tier_2,Standard Supermarket,771.59
row_04249,PRD-L38V8W,,Low Fat,0.0,Fruits and Vegetables,112.76,STORE-7WS,47,Medium,Tier_3,Flagship Hypermarket,3648.96
row_04250,PRD-XQS3H4,20.493,Regular,0.0487,dairy,214.6,STORE-HL7,23,Medium,Tier_3,Superstore,1313.02
row_04251,PRD-JDXA1F,10.023,Low Fat,0.0267,Meat,123.99,STORE-OYG,25,,Tier_2,Standard Supermarket,2384.09
row_04252,PRD-0U2BL3,15.618,Low Fat,0.1083,Snack Foods,144.68,STORE-AGY,45,Large,Tier_3,Standard Supermarket,1640.77
row_04253,PRD-8R8KUS,9.881,Regular,0.1018,FRUITS AND VEGETABLES,112.22,STORE-JOR,34,,Tier_3,Corner Shop,445.69
row_04254,PRD-GSTFS2,5.38,Low Fat,0.0145,frozen foods,81.08,STORE-DKU,30,,Tier_2,Standard Supermarket,3165.11
row_04256,PRD-V0PRKG,7.854,Low Fat,0.0689,Soft Drinks,239.2,STORE-HL7,23,Medium,Tier_3,Superstore,2224.94
row_04257,PRD-J2E42T,13.369,Low Fat,0.1347,Frozen Foods,145.11,STORE-89Z,33,Medium,Tier_1,Standard Supermarket,1902.71
row_04258,PRD-YROQ4H,11.488,Low Fat,0.0227,HEALTH AND HYGIENE,174.73,STORE-AGY,45,Large,Tier_3,Standard Supermarket,3005.09
row_04260,PRD-BTN76M,17.344,Low Fat,0.2877,fruits and vegetables,117.07,STORE-JOR,34,,Tier_3,Corner Shop,343.94
row_04262,PRD-OQTR1Y,7.091,Low Fat,0.1045,Snack Foods,191.28,STORE-YLW,35,Small,Tier_1,Standard Supermarket,1881.4
row_04264,PRD-G9LC5B,19.257,Low Fat,0.1826,HOUSEHOLD,35.22,STORE-JOR,34,,Tier_3,Corner Shop,64.68
row_04265,PRD-9YFZQL,10.388,Low Fat,0.1078,SNACK FOODS,148.0,STORE-OYG,25,,Tier_2,Standard Supermarket,1282.25
row_04266,PRD-DZVGPM,20.888,Low Fat,0.0204,SOFT DRINKS,156.9,STORE-HL7,23,Medium,Tier_3,Superstore,1329.91
row_04267,PRD-HD96M8,11.912,Low Fat,0.0622,starchy foods,37.89,STORE-9RG,28,Small,Tier_2,Standard Supermarket,1104.78
row_04269,PRD-D4K7YJ,17.801,Regular,0.1296,Starchy Foods,184.12,STORE-89Z,33,Medium,Tier_1,Standard Supermarket,2196.02
row_04271,PRD-1VG7CO,15.097,Regular,0.2073,fruits and vegetables,175.15,STORE-JOR,34,,Tier_3,Corner Shop,170.59
row_04274,PRD-SBZRAD,6.534,Low Fat,0.0324,Snack Foods,145.79,STORE-89Z,33,Medium,Tier_1,Standard Supermarket,3252.95
row_04275,PRD-YHVNT3,9.392,Low Fat,0.0416,OTHERS,80.57,STORE-9RG,28,Small,Tier_2,Standard Supermarket,1977.42
row_04276,PRD-1XRZN0,15.501,Low Fat,0.022,Canned,216.98,STORE-OYG,25,,Tier_2,Standard Supermarket,2953.42
row_04277,PRD-KC97HQ,17.173,Low Fat,0.0101,snack foods,166.72,STORE-89Z,33,Medium,Tier_1,Standard Supermarket,1710.04
row_04279,PRD-AV3JCJ,17.748,Regular,0.1215,Breakfast,40.75,STORE-YLW,35,Small,Tier_1,Standard Supermarket,691.49
row_04280,PRD-64DI7N,19.514,Regular,0.0532,Frozen Foods,154.52,STORE-9RG,28,Small,Tier_2,Standard Supermarket,5063.53
row_04282,PRD-F6ZM5U,18.025,Low Fat,0.0392,Snack Foods,144.09,STORE-89Z,33,Medium,Tier_1,Standard Supermarket,886.38
row_04283,PRD-PJ1TV2,,Regular,0.0303,FRUITS AND VEGETABLES,138.48,STORE-7WS,47,Medium,Tier_3,Flagship Hypermarket,4287.93
row_04284,PRD-KSF4HT,11.847,Low Fat,0.0324,Seafood,110.16,STORE-9RG,28,Small,Tier_2,Standard Supermarket,975.14
row_04286,PRD-Q7U1KU,13.031,Low Fat,0.02,DAIRY,113.99,STORE-AGY,45,Large,Tier_3,Standard Supermarket,1842.88
row_04287,PRD-HDPJSA,6.321,Low Fat,0.1246,CANNED,258.2,STORE-DKU,30,,Tier_2,Standard Supermarket,3435.5
row_04288,PRD-042LPI,,Low Fat,0.0808,health and hygiene,45.23,STORE-T5G,47,Small,Tier_1,Corner Shop,217.98
row_04289,PRD-MVFBO1,9.671,Low Fat,0.0631,Household,239.83,STORE-DKU,30,,Tier_2,Standard Supermarket,6167.75
row_04290,PRD-DSN8CW,15.36,Regular,0.0476,Snack Foods,174.03,STORE-OYG,25,,Tier_2,Standard Supermarket,2493.15
row_04291,PRD-7VMGGA,11.425,Low Fat,0.0598,health and hygiene,102.3,STORE-JOR,34,,Tier_3,Corner Shop,604.3
row_04292,PRD-6RX35U,13.355,Regular,0.0749,FROZEN FOODS,196.38,STORE-HL7,23,Medium,Tier_3,Superstore,2859.3
row_04294,PRD-ZSDP5Y,16.762,Low Fat,0.0297,Snack Foods,93.49,STORE-AGY,45,Large,Tier_3,Standard Supermarket,2372.52
row_04295,PRD-OIT2UR,8.185,Regular,0.0316,canned,158.02,STORE-9RG,28,Small,Tier_2,Standard Supermarket,1869.56
row_04296,PRD-E42X6G,11.043,Regular,0.0647,dairy,90.33,STORE-YLW,35,Small,Tier_1,Standard Supermarket,1486.75
row_04297,PRD-TY5H59,15.43,Low Fat,0.0531,Fruits and Vegetables,220.7,STORE-YLW,35,Small,Tier_1,Standard Supermarket,6022.1
row_04298,PRD-EHJIMM,13.041,Low Fat,0.0835,Household,61.06,STORE-DKU,30,,Tier_2,Standard Supermarket,2282.6
row_04299,PRD-TT69UA,7.658,Low Fat,0.0511,CANNED,120.15,STORE-9RG,28,Small,Tier_2,Standard Supermarket,1759.34
row_04300,PRD-BUQGEV,,Low Fat,0.0202,snack foods,218.28,STORE-T5G,47,Small,Tier_1,Corner Shop,223.4
row_04302,PRD-54S8AG,18.057,Regular,0.1795,dairy,108.65,STORE-AGY,45,Large,Tier_3,Standard Supermarket,2122.85
row_04303,PRD-7EFVUZ,15.026,Low Fat,0.0464,Health and Hygiene,136.98,STORE-YLW,35,Small,Tier_1,Standard Supermarket,1377.43
row_04304,PRD-U3BDL2,8.62,Regular,0.0564,breads,129.62,STORE-9RG,28,Small,Tier_2,Standard Supermarket,1056.48
row_04305,PRD-1UBYH8,,Low Fat,0.109,breakfast,165.39,STORE-T5G,47,Small,Tier_1,Corner Shop,504.3
row_04307,PRD-30D7TU,19.507,Low Fat,0.0121,Fruits and Vegetables,194.38,STORE-AGY,45,Large,Tier_3,Standard Supermarket,3878.87
row_04308,PRD-QEYOOU,18.763,Regular,0.0738,Frozen Foods,226.84,STORE-HL7,23,Medium,Tier_3,Superstore,1649.86
row_04309,PRD-IF1HEB,18.687,Low Fat,0.0928,FRUITS AND VEGETABLES,242.13,STORE-9RG,28,Small,Tier_2,Standard Supermarket,3071.93
row_04310,PRD-RGLY41,13.736,Low Fat,0.0548,HEALTH AND HYGIENE,34.59,STORE-OYG,25,,Tier_2,Standard Supermarket,317.55
row_04311,PRD-YUZ87C,,Low Fat,0.0285,Baking Goods,145.61,STORE-7WS,47,Medium,Tier_3,Flagship Hypermarket,3075.74
row_04312,PRD-1QW65X,5.923,Low Fat,0.0,HOUSEHOLD,125.59,STORE-OYG,25,,Tier_2,Standard Supermarket,1838.22
row_04313,PRD-HLJ2XL,18.794,Low Fat,0.0344,Meat,57.81,STORE-YLW,35,Small,Tier_1,Standard Supermarket,678.91
row_04314,PRD-CEM9N4,,Low Fat,0.1268,FROZEN FOODS,250.26,STORE-7WS,47,Medium,Tier_3,Flagship Hypermarket,7868.06
row_04317,PRD-TBZO2W,13.847,Regular,0.1101,FROZEN FOODS,142.27,STORE-HL7,23,Medium,Tier_3,Superstore,1160.57
row_04318,PRD-1I4N2E,9.72,Low Fat,0.0224,Household,245.37,STORE-YLW,35,Small,Tier_1,Standard Supermarket,2932.11
row_04321,PRD-FHG8KS,20.515,Low Fat,0.108,Household,122.97,STORE-YLW,35,Small,Tier_1,Standard Supermarket,2879.86
row_04322,PRD-ONUBR9,8.551,Low Fat,0.1354,Canned,50.53,STORE-YLW,35,Small,Tier_1,Standard Supermarket,1226.35
row_04323,PRD-88O5OR,13.02,Low Fat,0.1082,Soft Drinks,164.63,STORE-JOR,34,,Tier_3,Corner Shop,942.82
row_04324,PRD-WT29FN,18.43,Low Fat,0.0083,Baking Goods,80.95,STORE-89Z,33,Medium,Tier_1,Standard Supermarket,785.47
row_04325,PRD-8KYLHT,9.4,Low Fat,0.1722,snack foods,109.71,STORE-HL7,23,Medium,Tier_3,Superstore,546.07
row_04326,PRD-059SC5,20.685,Low Fat,0.0464,Health and Hygiene,147.76,STORE-DKU,30,,Tier_2,Standard Supermarket,854.95
row_04327,PRD-L9B3N2,16.266,Low Fat,0.0421,Starchy Foods,40.4,STORE-DKU,30,,Tier_2,Standard Supermarket,1013.78
row_04328,PRD-KUE98H,9.467,Low Fat,0.1126,BREADS,62.86,STORE-DKU,30,,Tier_2,Standard Supermarket,1093.56
row_04329,PRD-T93K2H,,Low Fat,0.0667,household,199.05,STORE-7WS,47,Medium,Tier_3,Flagship Hypermarket,6968.83
row_04330,PRD-S3JKV0,13.732,Regular,0.0714,Dairy,60.45,STORE-OYG,25,,Tier_2,Standard Supermarket,558.97
row_04331,PRD-DE4M6H,6.627,Regular,0.0459,Frozen Foods,37.04,STORE-OYG,25,,Tier_2,Standard Supermarket,1208.5
row_04332,PRD-JSPKET,6.687,Regular,0.1073,dairy,96.37,STORE-HL7,23,Medium,Tier_3,Superstore,1252.43
row_04334,PRD-N5F3DX,16.722,Regular,0.0163,Snack Foods,224.71,STORE-OYG,25,,Tier_2,Standard Supermarket,8617.32
row_04336,PRD-MPP566,,Low Fat,0.0795,household,239.04,STORE-7WS,47,Medium,Tier_3,Flagship Hypermarket,3587.41
row_04337,PRD-UHT6T0,16.418,Low Fat,0.0334,SOFT DRINKS,74.33,STORE-OYG,25,,Tier_2,Standard Supermarket,2109.94
row_04338,PRD-U438R9,,Regular,0.0361,frozen foods,173.53,STORE-7WS,47,Medium,Tier_3,Flagship Hypermarket,3544.64
row_04339,PRD-JXVIHM,18.493,Low Fat,0.0274,Household,132.31,STORE-AGY,45,Large,Tier_3,Standard Supermarket,3413.18
row_04340,PRD-UDD467,8.884,Low Fat,0.0283,Dairy,154.18,STORE-89Z,33,Medium,Tier_1,Standard Supermarket,4822.97
row_04341,PRD-UPQZIT,7.158,Low Fat,0.0742,SOFT DRINKS,113.32,STORE-9RG,28,Small,Tier_2,Standard Supermarket,1389.61
row_04342,PRD-R9OUDO,5.697,Low Fat,0.046,soft drinks,87.85,STORE-AGY,45,Large,Tier_3,Standard Supermarket,1846.01
row_04343,PRD-JFPWZ6,11.621,Regular,0.0931,snack foods,122.39,STORE-AGY,45,Large,Tier_3,Standard Supermarket,1896.57
row_04344,PRD-NHLLA9,13.453,Low Fat,0.0788,HEALTH AND HYGIENE,55.58,STORE-HL7,23,Medium,Tier_3,Superstore,435.38
row_04345,PRD-T14KTM,11.327,Low Fat,0.0336,Health and Hygiene,166.76,STORE-HL7,23,Medium,Tier_3,Superstore,2936.07
row_04346,PRD-ILAZCL,8.083,Low Fat,0.0164,snack foods,247.01,STORE-JOR,34,,Tier_3,Corner Shop,516.0
row_04347,PRD-28N1GP,,Low Fat,0.1009,baking goods,88.84,STORE-T5G,47,Small,Tier_1,Corner Shop,512.81
row_04348,PRD-Y23CCL,9.503,Regular,0.0387,Meat,190.62,STORE-JOR,34,,Tier_3,Corner Shop,817.09
row_04350,PRD-GZGU9E,13.155,Low Fat,0.1009,Dairy,222.84,STORE-89Z,33,Medium,Tier_1,Standard Supermarket,3489.1
row_04351,PRD-SE05IT,20.847,Low Fat,0.062,BAKING GOODS,231.04,STORE-YLW,35,Small,Tier_1,Standard Supermarket,5878.89
row_04352,PRD-IGBM76,9.736,Regular,0.0473,baking goods,36.77,STORE-DKU,30,,Tier_2,Standard Supermarket,424.99
row_04353,PRD-VQPG4P,10.654,Low Fat,0.0491,Others,159.5,STORE-DKU,30,,Tier_2,Standard Supermarket,1723.73
row_04354,PRD-1FEQOX,,Low Fat,0.1497,SNACK FOODS,257.77,STORE-T5G,47,Small,Tier_1,Corner Shop,245.83
row_04355,PRD-533CFS,20.808,Low Fat,0.0239,Household,148.03,STORE-OYG,25,,Tier_2,Standard Supermarket,3925.3
row_04356,PRD-4DGYDF,9.943,Regular,0.0471,Frozen Foods,250.92,STORE-YLW,35,Small,Tier_1,Standard Supermarket,3484.14
row_04357,PRD-N8W9UR,7.173,Low Fat,0.1521,canned,106.29,STORE-AGY,45,Large,Tier_3,Standard Supermarket,2998.54
row_04361,PRD-4HX6BQ,9.872,Low Fat,0.023,canned,119.67,STORE-DKU,30,,Tier_2,Standard Supermarket,1313.99
row_04362,PRD-ATSWZZ,11.055,Low Fat,0.0273,Household,115.18,STORE-9RG,28,Small,Tier_2,Standard Supermarket,3916.25
row_04363,PRD-4XH4FJ,,Regular,0.1676,FROZEN FOODS,189.74,STORE-T5G,47,Small,Tier_1,Corner Shop,374.7
row_04364,PRD-PT4MX2,14.449,Regular,0.042,FRUITS AND VEGETABLES,112.39,STORE-AGY,45,Large,Tier_3,Standard Supermarket,1560.4
row_04366,PRD-S6KFRX,18.849,Low Fat,0.1763,household,175.95,STORE-DKU,30,,Tier_2,Standard Supermarket,2414.92
row_04367,PRD-GOAVWS,11.733,Low Fat,0.0,Snack Foods,122.48,STORE-HL7,23,Medium,Tier_3,Superstore,839.33
row_04368,PRD-ZJZCZV,8.245,Low Fat,0.0,SNACK FOODS,101.66,STORE-AGY,45,Large,Tier_3,Standard Supermarket,936.78
row_04369,PRD-T5HGP8,10.774,Regular,0.123,Baking Goods,166.32,STORE-HL7,23,Medium,Tier_3,Superstore,1867.6
row_04375,PRD-XMSTP3,15.169,Low Fat,0.0598,Snack Foods,46.68,STORE-DKU,30,,Tier_2,Standard Supermarket,687.04
row_04376,PRD-AHB3HN,10.242,Low Fat,0.1143,SNACK FOODS,59.72,STORE-DKU,30,,Tier_2,Standard Supermarket,791.59
row_04377,PRD-6HEP2U,17.669,Low Fat,0.0125,Snack Foods,142.61,STORE-YLW,35,Small,Tier_1,Standard Supermarket,1358.22
row_04378,PRD-EVYY91,14.573,Low Fat,0.0177,health and hygiene,107.92,STORE-HL7,23,Medium,Tier_3,Superstore,562.69
row_04379,PRD-HP5E7A,10.588,Regular,0.0826,SNACK FOODS,224.61,STORE-9RG,28,Small,Tier_2,Standard Supermarket,4034.97
row_04380,PRD-NCP2VI,17.766,Low Fat,0.0188,Health and Hygiene,230.8,STORE-HL7,23,Medium,Tier_3,Superstore,2875.98
row_04381,PRD-I7OGZA,15.781,Low Fat,0.0508,household,189.23,STORE-DKU,30,,Tier_2,Standard Supermarket,2645.42
row_04382,PRD-1WW0WD,14.348,Low Fat,0.0814,Baking Goods,79.22,STORE-AGY,45,Large,Tier_3,Standard Supermarket,726.59
row_04383,PRD-YUZ87C,14.708,Low Fat,0.0486,Baking Goods,145.98,STORE-JOR,34,,Tier_3,Corner Shop,290.62
row_04384,PRD-M5VWIP,,Low Fat,0.0712,Frozen Foods,123.39,STORE-7WS,47,Medium,Tier_3,Flagship Hypermarket,459.22
row_04387,PRD-U7MX3G,5.979,Low Fat,0.0883,HOUSEHOLD,165.16,STORE-HL7,23,Medium,Tier_3,Superstore,1680.87
row_04389,PRD-V4B1K1,,Low Fat,0.007,BAKING GOODS,46.04,STORE-7WS,47,Medium,Tier_3,Flagship Hypermarket,632.57
row_04390,PRD-5K9MLE,12.213,Low Fat,0.1665,household,119.97,STORE-9RG,28,Small,Tier_2,Standard Supermarket,1328.8
row_04391,PRD-MX6K0J,19.367,Low Fat,0.0623,health and hygiene,126.12,STORE-OYG,25,,Tier_2,Standard Supermarket,2513.55
row_04392,PRD-KTGBTY,11.33,Low Fat,0.0326,HARD DRINKS,39.11,STORE-JOR,34,,Tier_3,Corner Shop,80.66
row_04393,PRD-95N4VP,15.531,Low Fat,0.0759,FROZEN FOODS,183.81,STORE-JOR,34,,Tier_3,Corner Shop,188.0
row_04394,PRD-EBEM2I,12.64,Regular,0.1053,Fruits and Vegetables,170.26,STORE-OYG,25,,Tier_2,Standard Supermarket,3568.8
row_04396,PRD-XQL9QP,,Regular,0.1133,breads,258.18,STORE-T5G,47,Small,Tier_1,Corner Shop,269.58
row_04397,PRD-DZ26FO,11.723,Low Fat,0.0182,CANNED,179.9,STORE-OYG,25,,Tier_2,Standard Supermarket,5720.21
row_04399,PRD-X4KNSF,16.772,Low Fat,0.0641,household,174.9,STORE-JOR,34,,Tier_3,Corner Shop,371.29
row_04401,PRD-PSQUZU,,Low Fat,0.0534,Snack Foods,194.75,STORE-7WS,47,Medium,Tier_3,Flagship Hypermarket,1915.61
row_04402,PRD-86HF4I,15.411,Low Fat,0.0,meat,262.17,STORE-JOR,34,,Tier_3,Corner Shop,1289.07
row_04403,PRD-DTQLBZ,,Regular,0.1219,Baking Goods,105.84,STORE-7WS,47,Medium,Tier_3,Flagship Hypermarket,2464.03
row_04404,PRD-7Y6KY9,20.765,Low Fat,0.0317,BAKING GOODS,178.73,STORE-YLW,35,Small,Tier_1,Standard Supermarket,1120.59
row_04405,PRD-U438R9,11.396,Regular,0.0599,Frozen Foods,180.8,STORE-JOR,34,,Tier_3,Corner Shop,180.01
row_04406,PRD-UDD467,9.15,Low Fat,0.029,Dairy,157.28,STORE-YLW,35,Small,Tier_1,Standard Supermarket,2511.06
row_04407,PRD-K6I2KL,9.503,Regular,0.0137,SNACK FOODS,190.03,STORE-9RG,28,Small,Tier_2,Standard Supermarket,1631.6
row_04408,PRD-T0G7RI,,Regular,0.0401,Snack Foods,51.86,STORE-7WS,47,Medium,Tier_3,Flagship Hypermarket,1556.92
row_04409,PRD-P2F8UZ,12.509,Low Fat,0.0501,Household,190.63,STORE-HL7,23,Medium,Tier_3,Superstore,579.76
row_04410,PRD-N3VBIA,20.168,Low Fat,0.0588,household,250.56,STORE-DKU,30,,Tier_2,Standard Supermarket,1982.61
row_04411,PRD-PXXK71,7.8,Low Fat,0.0697,Health and Hygiene,44.84,STORE-HL7,23,Medium,Tier_3,Superstore,1039.34
row_04412,PRD-070S1K,14.793,Low Fat,0.06,HOUSEHOLD,183.32,STORE-YLW,35,Small,Tier_1,Standard Supermarket,3735.61
row_04414,PRD-FSOZPT,,Regular,0.0749,Soft Drinks,227.55,STORE-7WS,47,Medium,Tier_3,Flagship Hypermarket,8488.66
row_04415,PRD-2PCIGY,,Low Fat,0.15,Fruits and Vegetables,63.52,STORE-T5G,47,Small,Tier_1,Corner Shop,319.85
row_04417,PRD-P1LPTS,,Low Fat,0.2013,HOUSEHOLD,255.17,STORE-T5G,47,Small,Tier_1,Corner Shop,250.7
row_04418,PRD-WMFTOO,18.712,Low Fat,0.0462,health and hygiene,151.38,STORE-89Z,33,Medium,Tier_1,Standard Supermarket,1655.5
row_04420,PRD-O69WEZ,17.087,Regular,0.0123,DAIRY,144.84,STORE-JOR,34,,Tier_3,Corner Shop,282.5
row_04421,PRD-82BCVD,19.698,Regular,0.062,fruits and vegetables,124.34,STORE-89Z,33,Medium,Tier_1,Standard Supermarket,2686.11
row_04422,PRD-I64XLY,11.905,Low Fat,0.0407,Fruits and Vegetables,183.1,STORE-DKU,30,,Tier_2,Standard Supermarket,1808.63
row_04423,PRD-DN0YBY,6.149,Low Fat,0.1139,Soft Drinks,159.62,STORE-9RG,28,Small,Tier_2,Standard Supermarket,1224.56
row_04424,PRD-3I603D,,Low Fat,0.0262,Frozen Foods,268.75,STORE-7WS,47,Medium,Tier_3,Flagship Hypermarket,5671.89
row_04425,PRD-XYXASW,15.011,Low Fat,0.0752,BREADS,119.58,STORE-JOR,34,,Tier_3,Corner Shop,247.95
row_04426,PRD-KFRZWZ,12.823,Low Fat,0.072,Meat,54.58,STORE-OYG,25,,Tier_2,Standard Supermarket,846.47
row_04427,PRD-R3PE29,5.516,Low Fat,0.1802,Soft Drinks,146.7,STORE-OYG,25,,Tier_2,Standard Supermarket,1742.96
row_04428,PRD-QS3E3R,,Low Fat,0.0944,Breads,158.1,STORE-7WS,47,Medium,Tier_3,Flagship Hypermarket,5842.84
row_04429,PRD-DI6SOU,,Regular,0.0467,Canned,155.51,STORE-7WS,47,Medium,Tier_3,Flagship Hypermarket,4119.22
row_04430,PRD-N9CUWJ,9.666,Low Fat,0.0353,SNACK FOODS,242.6,STORE-OYG,25,,Tier_2,Standard Supermarket,3640.68
row_04431,PRD-1QW65X,6.015,Low Fat,0.0891,HOUSEHOLD,132.15,STORE-DKU,30,,Tier_2,Standard Supermarket,2921.37
row_04432,PRD-042LPI,19.987,Low Fat,0.0456,Health and Hygiene,41.22,STORE-9RG,28,Small,Tier_2,Standard Supermarket,603.93
row_04433,PRD-SB61LG,20.854,Regular,0.0474,Fruits and Vegetables,184.0,STORE-DKU,30,,Tier_2,Standard Supermarket,3925.72
row_04434,PRD-VM8F3I,16.021,Regular,0.1198,Fruits and Vegetables,58.14,STORE-9RG,28,Small,Tier_2,Standard Supermarket,169.39
row_04435,PRD-DZVGPM,21.285,Low Fat,0.0,Soft Drinks,151.43,STORE-9RG,28,Small,Tier_2,Standard Supermarket,2433.54
row_04436,PRD-E8N6QI,11.09,Low Fat,0.0537,Soft Drinks,234.19,STORE-89Z,33,Medium,Tier_1,Standard Supermarket,3691.24
row_04437,PRD-SUDBCI,13.076,Low Fat,0.0418,Snack Foods,179.53,STORE-AGY,45,Large,Tier_3,Standard Supermarket,3467.55
row_04439,PRD-AYNU0X,6.8,Low Fat,0.0364,Breads,224.19,STORE-HL7,23,Medium,Tier_3,Superstore,5438.69
row_04440,PRD-RPHBL5,20.328,Regular,0.0483,snack foods,178.42,STORE-OYG,25,,Tier_2,Standard Supermarket,2054.92
row_04442,PRD-8KQGUY,7.842,Low Fat,0.0304,Household,120.15,STORE-OYG,25,,Tier_2,Standard Supermarket,1331.02
row_04443,PRD-YOQF1P,13.957,Regular,0.0137,fruits and vegetables,117.46,STORE-DKU,30,,Tier_2,Standard Supermarket,1449.6
row_04444,PRD-Y7084P,18.67,Low Fat,0.0254,MEAT,89.38,STORE-OYG,25,,Tier_2,Standard Supermarket,822.43
row_04445,PRD-1VG7CO,15.119,Regular,0.1234,FRUITS AND VEGETABLES,173.43,STORE-OYG,25,,Tier_2,Standard Supermarket,2523.65
row_04446,PRD-F6KJKV,12.145,Low Fat,0.0,starchy foods,120.21,STORE-9RG,28,Small,Tier_2,Standard Supermarket,2692.81
row_04447,PRD-9VW3RT,18.472,Low Fat,0.0149,HARD DRINKS,107.0,STORE-9RG,28,Small,Tier_2,Standard Supermarket,1953.06
row_04448,PRD-QEYOOU,,Regular,0.0714,Frozen Foods,231.19,STORE-7WS,47,Medium,Tier_3,Flagship Hypermarket,7112.86
row_04449,PRD-6O0HUH,,Regular,0.0,Fruits and Vegetables,239.89,STORE-T5G,47,Small,Tier_1,Corner Shop,473.79
row_04450,PRD-AK5AGE,,Low Fat,0.0402,Health and Hygiene,190.88,STORE-7WS,47,Medium,Tier_3,Flagship Hypermarket,6065.84
row_04451,PRD-UHZ6A8,9.557,Low Fat,0.0417,Hard Drinks,122.19,STORE-HL7,23,Medium,Tier_3,Superstore,1126.37
row_04452,PRD-JQHUCI,7.676,Regular,0.1524,Canned,51.65,STORE-OYG,25,,Tier_2,Standard Supermarket,591.53
row_04453,PRD-UDD467,,Low Fat,0.0292,dairy,148.74,STORE-7WS,47,Medium,Tier_3,Flagship Hypermarket,1098.36
row_04455,PRD-ICW8VL,9.227,Low Fat,0.0159,Baking Goods,85.49,STORE-OYG,25,,Tier_2,Standard Supermarket,1286.63
row_04456,PRD-L8WU3R,19.315,Regular,0.0184,Snack Foods,112.37,STORE-HL7,23,Medium,Tier_3,Superstore,1726.72
row_04457,PRD-HEZ5ED,16.726,Low Fat,0.1296,Hard Drinks,170.53,STORE-89Z,33,Medium,Tier_1,Standard Supermarket,2713.49
row_04458,PRD-MW0SKC,,Regular,0.2862,MEAT,158.15,STORE-T5G,47,Small,Tier_1,Corner Shop,465.7
row_04459,PRD-RLBUOB,,Regular,0.0,Seafood,179.14,STORE-T5G,47,Small,Tier_1,Corner Shop,178.35
row_04460,PRD-5JACYR,7.492,Low Fat,0.0286,Fruits and Vegetables,41.39,STORE-AGY,45,Large,Tier_3,Standard Supermarket,559.47
row_04461,PRD-059SC5,20.635,Low Fat,0.0,health and hygiene,153.02,STORE-YLW,35,Small,Tier_1,Standard Supermarket,2582.95
row_04462,PRD-8669BY,,Low Fat,0.1304,Fruits and Vegetables,172.74,STORE-7WS,47,Medium,Tier_3,Flagship Hypermarket,3420.92
row_04463,PRD-3H7I5X,14.921,Regular,0.1051,FRUITS AND VEGETABLES,147.37,STORE-OYG,25,,Tier_2,Standard Supermarket,2726.89
row_04464,PRD-UWE98S,7.437,Low Fat,0.0325,Frozen Foods,231.95,STORE-AGY,45,Large,Tier_3,Standard Supermarket,3430.6
row_04465,PRD-CFZYY9,15.516,Low Fat,0.0907,FROZEN FOODS,220.56,STORE-89Z,33,Medium,Tier_1,Standard Supermarket,3343.13
row_04466,PRD-0CHYKM,9.136,Low Fat,0.0719,health and hygiene,272.08,STORE-AGY,45,Large,Tier_3,Standard Supermarket,4066.58
row_04467,PRD-NJR720,19.437,Low Fat,0.1333,breads,153.91,STORE-YLW,35,Small,Tier_1,Standard Supermarket,4005.93
row_04468,PRD-0U24IQ,5.658,Low Fat,0.1319,Dairy,90.31,STORE-YLW,35,Small,Tier_1,Standard Supermarket,1338.08
row_04469,PRD-UP0URE,,Regular,0.0727,Dairy,48.93,STORE-AGY,45,Large,Tier_3,Standard Supermarket,922.64
row_04472,PRD-WMFTOO,19.241,Low Fat,0.0465,HEALTH AND HYGIENE,150.32,STORE-OYG,25,,Tier_2,Standard Supermarket,1659.88
row_04473,PRD-679O2X,20.775,Low Fat,0.0474,SNACK FOODS,195.01,STORE-OYG,25,,Tier_2,Standard Supermarket,1153.31
row_04474,PRD-N3VBIA,19.919,Low Fat,0.0594,Household,240.81,STORE-OYG,25,,Tier_2,Standard Supermarket,3705.16
row_04475,PRD-2SLHIM,21.171,Low Fat,0.0105,MEAT,186.42,STORE-OYG,25,,Tier_2,Standard Supermarket,2829.85
row_04476,PRD-JVFJWT,18.843,Regular,0.1069,Fruits and Vegetables,226.88,STORE-YLW,35,Small,Tier_1,Standard Supermarket,3141.9
row_04477,PRD-M58TL5,7.221,Low Fat,0.053,Frozen Foods,60.12,STORE-YLW,35,Small,Tier_1,Standard Supermarket,797.65
row_04478,PRD-BLQGBI,,Low Fat,0.0762,Household,151.61,STORE-7WS,47,Medium,Tier_3,Flagship Hypermarket,3350.82
row_04479,PRD-5QVWC9,6.365,Low Fat,0.1186,HOUSEHOLD,268.03,STORE-89Z,33,Medium,Tier_1,Standard Supermarket,3334.81
row_04480,PRD-KGPPR8,19.226,Regular,0.063,Baking Goods,159.71,STORE-AGY,45,Large,Tier_3,Standard Supermarket,1697.17
row_04481,PRD-QNVF2X,14.491,Regular,0.0188,DAIRY,265.31,STORE-YLW,35,Small,Tier_1,Standard Supermarket,5011.59
row_04482,PRD-G5MMQ7,10.449,Regular,0.0634,Breakfast,178.62,STORE-OYG,25,,Tier_2,Standard Supermarket,2703.44
row_04484,PRD-2VLDQ4,6.624,Low Fat,0.0686,Hard Drinks,260.42,STORE-HL7,23,Medium,Tier_3,Superstore,4293.73
row_04485,PRD-OSI366,12.868,Low Fat,0.0861,Fruits and Vegetables,109.99,STORE-DKU,30,,Tier_2,Standard Supermarket,3352.55
row_04486,PRD-SCRO8S,15.283,Regular,0.1052,Fruits and Vegetables,42.23,STORE-YLW,35,Small,Tier_1,Standard Supermarket,493.98
row_04487,PRD-3A1DU1,5.694,Low Fat,0.0794,Household,175.38,STORE-OYG,25,,Tier_2,Standard Supermarket,1011.66
row_04488,PRD-28N1GP,13.582,Low Fat,0.0585,BAKING GOODS,86.51,STORE-DKU,30,,Tier_2,Standard Supermarket,1691.08
row_04489,PRD-HD96M8,12.044,Low Fat,0.0633,Starchy Foods,35.32,STORE-HL7,23,Medium,Tier_3,Superstore,258.07
row_04491,PRD-WEPXSK,,Low Fat,0.0766,Soft Drinks,79.79,STORE-T5G,47,Small,Tier_1,Corner Shop,240.22
row_04492,PRD-2QPR75,,Low Fat,0.0971,dairy,54.84,STORE-7WS,47,Medium,Tier_3,Flagship Hypermarket,3218.56
row_04493,PRD-FP4E8T,,Low Fat,0.0444,fruits and vegetables,118.4,STORE-T5G,47,Small,Tier_1,Corner Shop,818.48
row_04494,PRD-YLAH3X,,Low Fat,0.0343,household,108.01,STORE-7WS,47,Medium,Tier_3,Flagship Hypermarket,3204.6
row_04495,PRD-WEWPGV,14.566,Low Fat,0.1186,snack foods,224.08,STORE-9RG,28,Small,Tier_2,Standard Supermarket,5787.83
row_04496,PRD-VW2RFX,,Low Fat,0.0525,dairy,180.15,STORE-7WS,47,Medium,Tier_3,Flagship Hypermarket,8181.71
row_04497,PRD-74AVMI,,Low Fat,0.1637,Snack Foods,227.58,STORE-T5G,47,Small,Tier_1,Corner Shop,954.95
row_04499,PRD-ILAZCL,7.869,Low Fat,0.0103,snack foods,254.69,STORE-YLW,35,Small,Tier_1,Standard Supermarket,2887.21
row_04500,PRD-CLVEHR,16.205,Regular,0.1639,Frozen Foods,33.45,STORE-HL7,23,Medium,Tier_3,Superstore,208.44
row_04501,PRD-PUWBWJ,12.365,Regular,0.1262,Dairy,252.22,STORE-JOR,34,,Tier_3,Corner Shop,251.86
row_04502,PRD-THVKB8,8.968,Regular,0.1494,Dairy,258.45,STORE-JOR,34,,Tier_3,Corner Shop,1263.02
row_04503,PRD-PRFP9S,14.259,Low Fat,0.0268,FROZEN FOODS,77.39,STORE-DKU,30,,Tier_2,Standard Supermarket,795.93
row_04504,PRD-6D4HQC,,Low Fat,0.156,snack foods,113.46,STORE-T5G,47,Small,Tier_1,Corner Shop,112.61
row_04505,PRD-CC46C1,20.097,Regular,0.1188,Baking Goods,199.11,STORE-OYG,25,,Tier_2,Standard Supermarket,2493.23
row_04506,PRD-6HL8IZ,5.825,Regular,0.0388,fruits and vegetables,268.95,STORE-AGY,45,Large,Tier_3,Standard Supermarket,5924.64
row_04507,PRD-Y8VYIF,19.064,Low Fat,0.0443,canned,258.42,STORE-89Z,33,Medium,Tier_1,Standard Supermarket,3317.87
row_04508,PRD-J28SY2,15.888,Regular,0.0741,baking goods,254.43,STORE-89Z,33,Medium,Tier_1,Standard Supermarket,1902.47
row_04509,PRD-JDP69D,19.358,Low Fat,0.1668,Household,194.87,STORE-89Z,33,Medium,Tier_1,Standard Supermarket,3000.87
row_04510,PRD-6S601Z,11.544,Regular,0.1202,Frozen Foods,102.77,STORE-DKU,30,,Tier_2,Standard Supermarket,2058.66
row_04511,PRD-N3R81D,,Regular,0.0944,Frozen Foods,181.33,STORE-7WS,47,Medium,Tier_3,Flagship Hypermarket,6670.55
row_04512,PRD-EFRJYJ,5.413,Regular,0.1378,Seafood,168.3,STORE-YLW,35,Small,Tier_1,Standard Supermarket,3195.27
row_04513,PRD-VN11V8,,Low Fat,0.1029,Fruits and Vegetables,147.49,STORE-T5G,47,Small,Tier_1,Corner Shop,148.1
row_04514,PRD-MDLMQ0,,Low Fat,0.0961,health and hygiene,153.25,STORE-T5G,47,Small,Tier_1,Corner Shop,151.44
row_04515,PRD-0PKUUM,7.6,Regular,0.1443,STARCHY FOODS,168.7,STORE-89Z,33,Medium,Tier_1,Standard Supermarket,4213.06
row_04516,PRD-V82DIB,,Regular,0.0186,MEAT,113.93,STORE-T5G,47,Small,Tier_1,Corner Shop,213.04
row_04517,PRD-NHLLA9,13.697,Low Fat,0.0801,Health and Hygiene,55.2,STORE-DKU,30,,Tier_2,Standard Supermarket,694.12
row_04518,PRD-6NJX8K,6.882,Low Fat,0.0374,household,230.56,STORE-OYG,25,,Tier_2,Standard Supermarket,6152.27
row_04519,PRD-7W86NG,,Low Fat,0.1009,health and hygiene,102.12,STORE-T5G,47,Small,Tier_1,Corner Shop,104.21
row_04520,PRD-JZ2N82,12.762,Low Fat,0.1023,household,45.21,STORE-OYG,25,,Tier_2,Standard Supermarket,809.33
row_04521,PRD-THVKB8,8.999,Regular,0.0871,Dairy,253.94,STORE-DKU,30,,Tier_2,Standard Supermarket,3440.36
row_04523,PRD-KV05SZ,19.37,Low Fat,0.0879,Hard Drinks,129.59,STORE-9RG,28,Small,Tier_2,Standard Supermarket,1178.96
row_04524,PRD-58CEPS,,Low Fat,0.0685,Fruits and Vegetables,182.49,STORE-HL7,23,Medium,Tier_3,Superstore,1333.96
row_04525,PRD-Y0VDVE,15.347,Low Fat,0.047,Dairy,235.84,STORE-HL7,23,Medium,Tier_3,Superstore,2068.92
row_04526,PRD-BTN76M,17.284,Low Fat,0.1665,Fruits and Vegetables,118.25,STORE-AGY,45,Large,Tier_3,Standard Supermarket,658.55
row_04527,PRD-IEIQO7,18.269,Low Fat,0.1133,others,56.74,STORE-DKU,30,,Tier_2,Standard Supermarket,1510.88
row_04528,PRD-U02KQN,19.628,Low Fat,0.0,HEALTH AND HYGIENE,153.43,STORE-HL7,23,Medium,Tier_3,Superstore,2694.24
row_04530,PRD-C71O4Y,11.795,Low Fat,0.0,fruits and vegetables,130.83,STORE-AGY,45,Large,Tier_3,Standard Supermarket,1984.82
row_04531,PRD-D7OODG,,Regular,0.0846,Fruits and Vegetables,77.04,STORE-T5G,47,Small,Tier_1,Corner Shop,313.33
row_04532,PRD-AQ6L6G,6.225,Low Fat,0.1276,Soft Drinks,113.66,STORE-JOR,34,,Tier_3,Corner Shop,467.66
row_04533,PRD-OQ0Y2Z,16.091,Low Fat,0.0538,baking goods,198.44,STORE-9RG,28,Small,Tier_2,Standard Supermarket,4810.62
row_04534,PRD-6S601Z,11.728,Regular,0.1227,Frozen Foods,98.34,STORE-HL7,23,Medium,Tier_3,Superstore,840.07
row_04535,PRD-45H02C,13.059,Regular,0.0301,Canned,59.36,STORE-AGY,45,Large,Tier_3,Standard Supermarket,913.76
row_04536,PRD-G1X3J1,11.843,Low Fat,0.1157,Soft Drinks,195.33,STORE-AGY,45,Large,Tier_3,Standard Supermarket,3946.0
row_04543,PRD-3KI24S,,Low Fat,0.0149,Household,179.65,STORE-7WS,47,Medium,Tier_3,Flagship Hypermarket,4948.13
row_04544,PRD-PGW90J,13.925,Low Fat,0.0428,Dairy,51.01,STORE-HL7,23,Medium,Tier_3,Superstore,1296.88
row_04546,PRD-JEDKTS,14.889,Low Fat,0.0,Soft Drinks,96.18,STORE-YLW,35,Small,Tier_1,Standard Supermarket,459.22
row_04547,PRD-XH6DLO,17.878,Low Fat,0.1293,FROZEN FOODS,121.12,STORE-DKU,30,,Tier_2,Standard Supermarket,2760.88
row_04548,PRD-0TB4QO,6.547,Regular,0.0,Snack Foods,133.09,STORE-89Z,33,Medium,Tier_1,Standard Supermarket,1579.67
row_04549,PRD-18NL4I,19.726,Regular,0.0209,Fruits and Vegetables,120.89,STORE-89Z,33,Medium,Tier_1,Standard Supermarket,2997.25
row_04551,PRD-1N0XXZ,11.062,Low Fat,0.0107,Canned,83.64,STORE-9RG,28,Small,Tier_2,Standard Supermarket,788.8
row_04552,PRD-7G23CP,9.16,Low Fat,0.0823,Canned,81.32,STORE-HL7,23,Medium,Tier_3,Superstore,1504.67
row_04553,PRD-PSQUZU,19.239,Low Fat,0.0513,SNACK FOODS,185.43,STORE-AGY,45,Large,Tier_3,Standard Supermarket,2534.39
row_04554,PRD-2VQXX9,16.367,Low Fat,0.0288,Snack Foods,39.54,STORE-DKU,30,,Tier_2,Standard Supermarket,325.97
row_04555,PRD-A46JZO,15.615,Low Fat,0.0116,Health and Hygiene,49.79,STORE-OYG,25,,Tier_2,Standard Supermarket,151.17
row_04557,PRD-J5B4CP,,Low Fat,0.1793,Breads,128.99,STORE-T5G,47,Small,Tier_1,Corner Shop,616.62
row_04558,PRD-Z3PM7V,20.316,Regular,0.0988,Meat,177.8,STORE-HL7,23,Medium,Tier_3,Superstore,6671.99
row_04560,PRD-Q51250,16.429,Low Fat,0.0949,HOUSEHOLD,207.12,STORE-AGY,45,Large,Tier_3,Standard Supermarket,624.41
row_04561,PRD-1FEQOX,18.505,Low Fat,0.0,snack foods,261.68,STORE-HL7,23,Medium,Tier_3,Superstore,2924.44
row_04564,PRD-2I4RKK,8.62,Low Fat,0.1866,health and hygiene,64.57,STORE-JOR,34,,Tier_3,Corner Shop,123.86
row_04565,PRD-5K9MLE,12.569,Low Fat,0.1688,Household,120.77,STORE-AGY,45,Large,Tier_3,Standard Supermarket,3804.58
row_04566,PRD-P1PFDI,18.005,Low Fat,0.1088,OTHERS,108.91,STORE-OYG,25,,Tier_2,Standard Supermarket,324.36
row_04567,PRD-D7OODG,19.253,Regular,0.0498,Fruits and Vegetables,77.24,STORE-DKU,30,,Tier_2,Standard Supermarket,1568.2
row_04568,PRD-SVH3EJ,6.153,Low Fat,0.0219,MEAT,38.99,STORE-JOR,34,,Tier_3,Corner Shop,80.42
row_04569,PRD-U02KQN,,Low Fat,0.0258,Health and Hygiene,152.28,STORE-7WS,47,Medium,Tier_3,Flagship Hypermarket,6373.0
row_04570,PRD-LI16DH,12.387,Low Fat,0.0187,frozen foods,245.65,STORE-YLW,35,Small,Tier_1,Standard Supermarket,2224.32
row_04571,PRD-3OERXC,15.598,Low Fat,0.1391,household,99.26,STORE-OYG,25,,Tier_2,Standard Supermarket,1274.32
row_04572,PRD-H56OB4,8.926,Low Fat,0.0829,Household,106.83,STORE-JOR,34,,Tier_3,Corner Shop,109.08
row_04575,PRD-94QTWZ,8.383,Low Fat,0.1226,Meat,188.35,STORE-AGY,45,Large,Tier_3,Standard Supermarket,4948.01
row_04578,PRD-ZFWONV,5.357,Regular,0.1074,fruits and vegetables,147.95,STORE-YLW,35,Small,Tier_1,Standard Supermarket,2046.45
row_04579,PRD-M2PZNT,14.391,Low Fat,0.0203,Others,168.68,STORE-89Z,33,Medium,Tier_1,Standard Supermarket,2527.28
row_04580,PRD-G05TPN,18.873,Low Fat,0.1246,Household,194.65,STORE-JOR,34,,Tier_3,Corner Shop,596.91
row_04581,PRD-DH2TA3,,Low Fat,0.028,Household,103.51,STORE-T5G,47,Small,Tier_1,Corner Shop,203.97
row_04582,PRD-RLBUOB,7.225,Regular,0.0207,SEAFOOD,180.27,STORE-DKU,30,,Tier_2,Standard Supermarket,5373.31
row_04583,PRD-8CL0LC,,Low Fat,0.0453,Canned,161.63,STORE-7WS,47,Medium,Tier_3,Flagship Hypermarket,4423.86
row_04584,PRD-FL1299,8.933,Regular,0.0515,Canned,88.31,STORE-YLW,35,Small,Tier_1,Standard Supermarket,1013.08
row_04585,PRD-RVRRGQ,5.894,Regular,0.0723,Dairy,115.49,STORE-89Z,33,Medium,Tier_1,Standard Supermarket,554.22
row_04586,PRD-WJIQXP,12.804,Regular,0.0728,frozen foods,197.81,STORE-AGY,45,Large,Tier_3,Standard Supermarket,1912.09
row_04587,PRD-28N1GP,13.644,Low Fat,0.0983,Baking Goods,87.25,STORE-JOR,34,,Tier_3,Corner Shop,172.75
row_04588,PRD-WJRNZT,16.833,Low Fat,0.0,HOUSEHOLD,169.89,STORE-HL7,23,Medium,Tier_3,Superstore,1367.15
row_04589,PRD-IWS48A,14.536,Regular,0.0355,BAKING GOODS,96.7,STORE-HL7,23,Medium,Tier_3,Superstore,653.06
row_04590,PRD-K2W2CW,16.345,Low Fat,0.0496,Canned,119.9,STORE-89Z,33,Medium,Tier_1,Standard Supermarket,1488.86
row_04593,PRD-1K1QT6,,Low Fat,0.01,Household,181.13,STORE-7WS,47,Medium,Tier_3,Flagship Hypermarket,6458.43
row_04594,PRD-VTZDFX,16.843,Regular,0.0638,baking goods,97.69,STORE-AGY,45,Large,Tier_3,Standard Supermarket,1689.03
row_04595,PRD-6RX35U,13.688,Regular,0.0715,Frozen Foods,193.86,STORE-9RG,28,Small,Tier_2,Standard Supermarket,2043.55
row_04596,PRD-J10FFD,8.314,Low Fat,0.0128,Household,140.82,STORE-YLW,35,Small,Tier_1,Standard Supermarket,673.7
row_04600,PRD-47VEYF,6.246,Regular,0.0959,Meat,216.44,STORE-OYG,25,,Tier_2,Standard Supermarket,2284.2
row_04601,PRD-P3WJRM,12.929,Low Fat,0.0316,FRUITS AND VEGETABLES,194.72,STORE-AGY,45,Large,Tier_3,Standard Supermarket,3259.78
row_04603,PRD-IHO2KG,13.333,Regular,0.0793,FROZEN FOODS,258.62,STORE-DKU,30,,Tier_2,Standard Supermarket,2433.52
row_04604,PRD-6HL8IZ,5.667,Regular,0.0371,Fruits and Vegetables,267.14,STORE-89Z,33,Medium,Tier_1,Standard Supermarket,510.53
row_04605,PRD-2G2HFD,9.493,Low Fat,0.0117,Household,162.54,STORE-JOR,34,,Tier_3,Corner Shop,681.84
row_04607,PRD-OM3ZAQ,,Regular,0.0313,Snack Foods,250.83,STORE-7WS,47,Medium,Tier_3,Flagship Hypermarket,4802.71
row_04609,PRD-ANNREG,19.276,Regular,0.0336,Canned,143.99,STORE-YLW,35,Small,Tier_1,Standard Supermarket,4057.14
row_04610,PRD-58CEPS,6.796,Low Fat,0.0673,fruits and vegetables,183.28,STORE-AGY,45,Large,Tier_3,Standard Supermarket,4021.93
row_04611,PRD-7MBAPO,9.816,Regular,0.0936,Fruits and Vegetables,230.04,STORE-JOR,34,,Tier_3,Corner Shop,1295.55
row_04612,PRD-1J8NER,6.501,Low Fat,0.0256,Household,117.64,STORE-9RG,28,Small,Tier_2,Standard Supermarket,2414.38
row_04613,PRD-OONR06,,Regular,0.0,FROZEN FOODS,234.57,STORE-T5G,47,Small,Tier_1,Corner Shop,723.61
row_04614,PRD-ONUBR9,8.887,Low Fat,0.1457,Canned,47.09,STORE-HL7,23,Medium,Tier_3,Superstore,919.59
row_04615,PRD-CEM9N4,11.932,Low Fat,0.1273,FROZEN FOODS,244.68,STORE-DKU,30,,Tier_2,Standard Supermarket,6618.89
row_04616,PRD-T5HGP8,10.257,Regular,0.118,BAKING GOODS,162.02,STORE-YLW,35,Small,Tier_1,Standard Supermarket,3461.61
row_04617,PRD-1LYFSP,,Low Fat,0.173,FRUITS AND VEGETABLES,219.5,STORE-7WS,47,Medium,Tier_3,Flagship Hypermarket,9537.99
row_04618,PRD-WTIGY6,11.238,Regular,0.0874,Snack Foods,170.84,STORE-YLW,35,Small,Tier_1,Standard Supermarket,1042.23
row_04619,PRD-12310X,8.097,Low Fat,0.0138,Health and Hygiene,181.95,STORE-89Z,33,Medium,Tier_1,Standard Supermarket,3727.9
row_04621,PRD-MICMBP,7.785,Regular,0.0797,Frozen Foods,34.17,STORE-9RG,28,Small,Tier_2,Standard Supermarket,676.65
row_04622,PRD-CETEN7,6.784,Regular,0.1996,Baking Goods,41.59,STORE-JOR,34,,Tier_3,Corner Shop,252.94
row_04623,PRD-UJG7IN,5.906,Low Fat,0.1007,FROZEN FOODS,125.03,STORE-OYG,25,,Tier_2,Standard Supermarket,777.12
row_04624,PRD-639BCP,21.332,Regular,0.0599,baking goods,85.18,STORE-DKU,30,,Tier_2,Standard Supermarket,1423.54
row_04625,PRD-N5F62D,17.524,Low Fat,0.0142,Frozen Foods,252.66,STORE-89Z,33,Medium,Tier_1,Standard Supermarket,6373.57
row_04626,PRD-G05TPN,,Low Fat,0.0766,Household,192.17,STORE-7WS,47,Medium,Tier_3,Flagship Hypermarket,5634.11
row_04627,PRD-OE45D1,10.055,Low Fat,0.0259,CANNED,260.86,STORE-9RG,28,Small,Tier_2,Standard Supermarket,3133.91
row_04628,PRD-1L8SUG,16.501,Regular,0.056,STARCHY FOODS,64.05,STORE-9RG,28,Small,Tier_2,Standard Supermarket,1024.52
row_04629,PRD-9AHW2P,14.069,Regular,0.0584,SNACK FOODS,231.78,STORE-89Z,33,Medium,Tier_1,Standard Supermarket,3845.87
row_04632,PRD-CEM9N4,12.091,Low Fat,0.1352,FROZEN FOODS,242.5,STORE-OYG,25,,Tier_2,Standard Supermarket,737.39
row_04633,PRD-8A170X,18.456,Low Fat,0.0402,FROZEN FOODS,243.49,STORE-HL7,23,Medium,Tier_3,Superstore,3047.18
row_04635,PRD-38JOEC,14.581,Regular,0.0101,Snack Foods,155.4,STORE-OYG,25,,Tier_2,Standard Supermarket,3573.6
row_04639,PRD-GJY1KD,,Low Fat,0.0087,household,192.87,STORE-HL7,23,Medium,Tier_3,Superstore,4384.76
row_04640,PRD-IQK291,10.715,Low Fat,0.0188,SOFT DRINKS,192.05,STORE-9RG,28,Small,Tier_2,Standard Supermarket,2346.92
row_04641,PRD-W3QN3T,15.934,Low Fat,0.0416,snack foods,140.65,STORE-YLW,35,Small,Tier_1,Standard Supermarket,2284.07
row_04642,PRD-P3WJRM,12.947,Low Fat,0.0548,fruits and vegetables,199.69,STORE-JOR,34,,Tier_3,Corner Shop,379.99
row_04643,PRD-C2W953,17.096,Regular,0.0379,SNACK FOODS,96.68,STORE-89Z,33,Medium,Tier_1,Standard Supermarket,2695.65
row_04644,PRD-OI4J3X,17.157,Regular,0.1528,FRUITS AND VEGETABLES,59.76,STORE-OYG,25,,Tier_2,Standard Supermarket,1100.91
row_04645,PRD-BRCL47,14.036,Low Fat,0.0333,Hard Drinks,116.07,STORE-OYG,25,,Tier_2,Standard Supermarket,1915.73
row_04646,PRD-4WYJ9D,16.581,Low Fat,0.0,Fruits and Vegetables,112.08,STORE-HL7,23,Medium,Tier_3,Superstore,528.11
row_04647,PRD-UN5Z3J,12.665,Regular,0.0461,SOFT DRINKS,178.14,STORE-9RG,28,Small,Tier_2,Standard Supermarket,1276.07
row_04648,PRD-3U0H8W,12.113,Low Fat,0.022,FROZEN FOODS,192.81,STORE-OYG,25,,Tier_2,Standard Supermarket,1865.91
row_04649,PRD-JGLNR2,10.477,Regular,0.0112,Snack Foods,165.85,STORE-DKU,30,,Tier_2,Standard Supermarket,2915.82
row_04650,PRD-JZ2N82,13.338,Low Fat,0.096,household,44.2,STORE-YLW,35,Small,Tier_1,Standard Supermarket,629.37
row_04652,PRD-87AU5B,9.888,Low Fat,0.0143,SOFT DRINKS,44.58,STORE-AGY,45,Large,Tier_3,Standard Supermarket,1249.08
row_04654,PRD-VI7F16,9.515,Regular,0.0723,Snack Foods,122.02,STORE-OYG,25,,Tier_2,Standard Supermarket,1271.06
row_04655,PRD-IDKG04,8.495,Regular,0.0866,snack foods,121.72,STORE-OYG,25,,Tier_2,Standard Supermarket,2153.57
row_04658,PRD-CTXCWN,16.654,Low Fat,0.0202,Soft Drinks,150.18,STORE-HL7,23,Medium,Tier_3,Superstore,1186.32
row_04659,PRD-1ZUYZY,8.641,Regular,0.0465,fruits and vegetables,170.24,STORE-9RG,28,Small,Tier_2,Standard Supermarket,1646.3
row_04660,PRD-N4RCER,17.721,Regular,0.1398,seafood,150.55,STORE-YLW,35,Small,Tier_1,Standard Supermarket,3762.69
row_04661,PRD-R9OUDO,5.712,Low Fat,0.046,Soft Drinks,88.23,STORE-YLW,35,Small,Tier_1,Standard Supermarket,1077.66
row_04662,PRD-Q2RPUV,8.594,Low Fat,0.0323,health and hygiene,140.75,STORE-DKU,30,,Tier_2,Standard Supermarket,1103.8
row_04663,PRD-RMBF82,9.727,Regular,0.0363,fruits and vegetables,164.06,STORE-AGY,45,Large,Tier_3,Standard Supermarket,1028.32
row_04664,PRD-UMMSR8,11.088,Low Fat,0.0314,snack foods,48.46,STORE-DKU,30,,Tier_2,Standard Supermarket,694.49
row_04665,PRD-M7PL99,19.959,Low Fat,0.0797,Meat,183.65,STORE-YLW,35,Small,Tier_1,Standard Supermarket,2209.28
row_04666,PRD-T2DADY,17.477,Low Fat,0.0195,OTHERS,82.56,STORE-AGY,45,Large,Tier_3,Standard Supermarket,337.25
row_04667,PRD-1J8NER,,Low Fat,0.0264,Household,124.65,STORE-7WS,47,Medium,Tier_3,Flagship Hypermarket,3247.86
row_04668,PRD-78TW48,,Regular,0.0194,SNACK FOODS,180.12,STORE-T5G,47,Small,Tier_1,Corner Shop,360.14
row_04669,PRD-3IMLYS,12.742,Regular,0.0225,fruits and vegetables,243.19,STORE-YLW,35,Small,Tier_1,Standard Supermarket,3128.64
row_04670,PRD-RP91YM,20.531,Regular,0.1436,MEAT,78.4,STORE-9RG,28,Small,Tier_2,Standard Supermarket,677.53
row_04671,PRD-5URYBL,8.22,Low Fat,0.1188,Household,159.64,STORE-YLW,35,Small,Tier_1,Standard Supermarket,2629.22
row_04672,PRD-T5HGP8,,Regular,0.1128,BAKING GOODS,167.66,STORE-7WS,47,Medium,Tier_3,Flagship Hypermarket,6147.39
row_04673,PRD-RP91YM,,Regular,0.1436,MEAT,83.33,STORE-7WS,47,Medium,Tier_3,Flagship Hypermarket,1910.1
row_04676,PRD-QP5L7C,21.116,Low Fat,0.0391,FROZEN FOODS,186.86,STORE-YLW,35,Small,Tier_1,Standard Supermarket,2773.05
row_04677,PRD-XQS3H4,20.313,Regular,0.0461,dairy,221.39,STORE-9RG,28,Small,Tier_2,Standard Supermarket,3414.21
row_04678,PRD-JD2GVF,9.579,Low Fat,0.0291,baking goods,199.86,STORE-HL7,23,Medium,Tier_3,Superstore,2124.31
row_04679,PRD-4TJITP,8.223,Low Fat,0.0394,Fruits and Vegetables,113.09,STORE-OYG,25,,Tier_2,Standard Supermarket,803.91
row_04680,PRD-GD8AFP,,Low Fat,0.0445,Dairy,39.18,STORE-7WS,47,Medium,Tier_3,Flagship Hypermarket,1044.83
row_04681,PRD-Z4T48O,10.004,Regular,0.0115,snack foods,83.52,STORE-DKU,30,,Tier_2,Standard Supermarket,781.73
row_04682,PRD-1LWNLR,11.374,Low Fat,0.058,Baking Goods,240.93,STORE-YLW,35,Small,Tier_1,Standard Supermarket,3046.81
row_04683,PRD-HGCAIK,5.775,Regular,0.0896,Canned,54.04,STORE-YLW,35,Small,Tier_1,Standard Supermarket,1030.23
row_04684,PRD-0HHXSC,20.621,Low Fat,0.0276,HOUSEHOLD,74.72,STORE-9RG,28,Small,Tier_2,Standard Supermarket,2498.83
row_04685,PRD-LU9AAE,7.758,Low Fat,0.0665,FROZEN FOODS,152.03,STORE-HL7,23,Medium,Tier_3,Superstore,2388.86
row_04687,PRD-RHZPAC,10.065,Regular,0.0288,CANNED,119.58,STORE-AGY,45,Large,Tier_3,Standard Supermarket,825.85
row_04688,PRD-FG1BKU,6.577,Low Fat,0.1069,HOUSEHOLD,82.46,STORE-9RG,28,Small,Tier_2,Standard Supermarket,3123.61
row_04689,PRD-HQ57UY,15.709,Regular,0.1148,Frozen Foods,36.87,STORE-HL7,23,Medium,Tier_3,Superstore,518.45
row_04690,PRD-UUSRZR,,Regular,0.062,Frozen Foods,157.94,STORE-AGY,45,Large,Tier_3,Standard Supermarket,2539.95
row_04691,PRD-302FAP,,Low Fat,0.05,fruits and vegetables,148.6,STORE-7WS,47,Medium,Tier_3,Flagship Hypermarket,3004.7
row_04692,PRD-AWPUBL,9.728,Regular,0.0288,Canned,169.65,STORE-9RG,28,Small,Tier_2,Standard Supermarket,1263.75
row_04693,PRD-KDJU3I,15.683,Low Fat,0.0561,dairy,228.95,STORE-YLW,35,Small,Tier_1,Standard Supermarket,5118.52
row_04694,PRD-2I4RKK,8.387,Low Fat,0.1098,health and hygiene,63.94,STORE-YLW,35,Small,Tier_1,Standard Supermarket,669.8
row_04695,PRD-SQ8X3A,,Regular,0.063,Baking Goods,86.98,STORE-7WS,47,Medium,Tier_3,Flagship Hypermarket,2164.06
row_04696,PRD-THLXJ6,12.789,Low Fat,0.1177,snack foods,44.18,STORE-YLW,35,Small,Tier_1,Standard Supermarket,535.89
row_04697,PRD-51LIY8,11.744,Low Fat,0.0384,Dairy,54.94,STORE-OYG,25,,Tier_2,Standard Supermarket,1509.0
row_04698,PRD-IWHL8Z,7.648,Low Fat,0.028,Canned,155.44,STORE-DKU,30,,Tier_2,Standard Supermarket,2422.27
row_04701,PRD-43Z5TX,6.176,Low Fat,0.0267,Fruits and Vegetables,157.62,STORE-OYG,25,,Tier_2,Standard Supermarket,4116.35
row_04702,PRD-CZD9MX,14.762,Regular,0.107,Fruits and Vegetables,178.39,STORE-DKU,30,,Tier_2,Standard Supermarket,3803.77
row_04703,PRD-IE2L2F,,Low Fat,0.0624,Frozen Foods,76.48,STORE-T5G,47,Small,Tier_1,Corner Shop,72.14
row_04705,PRD-JRFCO7,8.931,Low Fat,0.1148,Frozen Foods,57.88,STORE-OYG,25,,Tier_2,Standard Supermarket,844.95
row_04706,PRD-GGO8YM,16.75,Regular,0.0687,breakfast,181.13,STORE-9RG,28,Small,Tier_2,Standard Supermarket,6159.56
row_04707,PRD-J10FFD,8.182,Low Fat,0.0225,Household,143.48,STORE-JOR,34,,Tier_3,Corner Shop,432.2
row_04708,PRD-BXIITA,12.454,Low Fat,0.0108,Others,123.28,STORE-JOR,34,,Tier_3,Corner Shop,123.19
row_04711,PRD-PT4MX2,14.8,Regular,0.0422,Fruits and Vegetables,108.83,STORE-OYG,25,,Tier_2,Standard Supermarket,1848.8
row_04712,PRD-GSTFS2,5.499,Low Fat,0.0146,Frozen Foods,80.44,STORE-HL7,23,Medium,Tier_3,Superstore,2253.31
row_04713,PRD-9789H0,18.159,Regular,0.0264,baking goods,237.48,STORE-YLW,35,Small,Tier_1,Standard Supermarket,3907.69
row_04714,PRD-1GXI9D,13.253,Low Fat,0.0357,Frozen Foods,181.84,STORE-OYG,25,,Tier_2,Standard Supermarket,3162.69
row_04715,PRD-M0ZQ63,10.161,Low Fat,0.0669,Dairy,261.4,STORE-AGY,45,Large,Tier_3,Standard Supermarket,6077.44
row_04716,PRD-QYAHPY,21.305,Low Fat,0.1249,Fruits and Vegetables,98.9,STORE-JOR,34,,Tier_3,Corner Shop,187.24
row_04717,PRD-EVYY91,14.578,Low Fat,0.0178,HEALTH AND HYGIENE,111.02,STORE-AGY,45,Large,Tier_3,Standard Supermarket,2157.18
row_04718,PRD-2I4RKK,8.295,Low Fat,0.1115,HEALTH AND HYGIENE,63.44,STORE-9RG,28,Small,Tier_2,Standard Supermarket,697.0
row_04719,PRD-VDCG3B,21.089,Regular,0.0,Seafood,236.23,STORE-DKU,30,,Tier_2,Standard Supermarket,2683.04
row_04720,PRD-QVRR9A,7.931,Low Fat,0.0654,hard drinks,232.8,STORE-89Z,33,Medium,Tier_1,Standard Supermarket,4659.72
row_04721,PRD-DZVGPM,20.84,Low Fat,0.0351,SOFT DRINKS,147.72,STORE-JOR,34,,Tier_3,Corner Shop,149.03
row_04722,PRD-95N4VP,,Low Fat,0.0793,frozen foods,184.86,STORE-T5G,47,Small,Tier_1,Corner Shop,188.52
row_04723,PRD-6SVH6Q,7.415,Regular,0.0422,baking goods,183.95,STORE-YLW,35,Small,Tier_1,Standard Supermarket,5691.18
row_04724,PRD-1GXI9D,13.273,Low Fat,0.037,frozen foods,187.15,STORE-YLW,35,Small,Tier_1,Standard Supermarket,4093.61
row_04725,PRD-UT6HR4,13.659,Low Fat,0.0295,HEALTH AND HYGIENE,132.35,STORE-89Z,33,Medium,Tier_1,Standard Supermarket,744.67
row_04726,PRD-MW0SKC,12.411,Regular,0.1579,meat,153.7,STORE-HL7,23,Medium,Tier_3,Superstore,1110.12
row_04727,PRD-IEPXXY,18.866,Low Fat,0.0164,FROZEN FOODS,122.69,STORE-HL7,23,Medium,Tier_3,Superstore,1939.4
row_04728,PRD-VM43VV,9.454,Low Fat,0.1139,HEALTH AND HYGIENE,154.67,STORE-OYG,25,,Tier_2,Standard Supermarket,2541.35
row_04730,PRD-1UQBFO,14.582,Low Fat,0.0649,Hard Drinks,46.39,STORE-89Z,33,Medium,Tier_1,Standard Supermarket,827.24
row_04732,PRD-2UETCH,19.811,Low Fat,0.0322,meat,171.23,STORE-YLW,35,Small,Tier_1,Standard Supermarket,541.17
row_04734,PRD-IF1HEB,18.691,Low Fat,0.1002,Fruits and Vegetables,241.42,STORE-AGY,45,Large,Tier_3,Standard Supermarket,4570.36
row_04735,PRD-PZFBNK,6.51,Low Fat,0.0783,STARCHY FOODS,197.28,STORE-YLW,35,Small,Tier_1,Standard Supermarket,3946.49
row_04736,PRD-ILCMG5,6.498,Regular,0.0484,Fruits and Vegetables,140.9,STORE-89Z,33,Medium,Tier_1,Standard Supermarket,4562.18
row_04738,PRD-TS3K1S,8.764,Low Fat,0.0056,Frozen Foods,99.81,STORE-HL7,23,Medium,Tier_3,Superstore,1025.17
row_04739,PRD-VP8H4N,8.661,Low Fat,0.0959,CANNED,51.19,STORE-OYG,25,,Tier_2,Standard Supermarket,250.19
row_04740,PRD-MX6K0J,19.857,Low Fat,0.0638,Health and Hygiene,125.32,STORE-9RG,28,Small,Tier_2,Standard Supermarket,1737.03
row_04742,PRD-GLI4UP,14.469,Low Fat,0.0398,Starchy Foods,123.2,STORE-OYG,25,,Tier_2,Standard Supermarket,2002.29
row_04743,PRD-R73A70,18.758,Regular,0.0266,MEAT,191.52,STORE-DKU,30,,Tier_2,Standard Supermarket,3164.85
row_04746,PRD-7IOABT,,Low Fat,0.0871,frozen foods,146.83,STORE-7WS,47,Medium,Tier_3,Flagship Hypermarket,1694.73
row_04747,PRD-UHG7EC,14.081,Regular,0.026,Frozen Foods,169.92,STORE-YLW,35,Small,Tier_1,Standard Supermarket,4077.91
row_04748,PRD-JDP69D,19.36,Low Fat,0.1712,Household,190.36,STORE-9RG,28,Small,Tier_2,Standard Supermarket,2267.23
row_04750,PRD-YOZV8C,,Low Fat,0.3029,Household,181.3,STORE-T5G,47,Small,Tier_1,Corner Shop,361.49
row_04751,PRD-BWWWTP,20.808,Low Fat,0.0885,Dairy,260.22,STORE-89Z,33,Medium,Tier_1,Standard Supermarket,3217.38
row_04752,PRD-TS3K1S,9.021,Low Fat,0.0056,frozen foods,98.94,STORE-DKU,30,,Tier_2,Standard Supermarket,590.39
row_04753,PRD-L6H2NL,,Low Fat,0.1434,Household,46.33,STORE-T5G,47,Small,Tier_1,Corner Shop,144.1
row_04754,PRD-0JGL4C,8.107,Regular,0.1325,Canned,42.22,STORE-HL7,23,Medium,Tier_3,Superstore,207.22
row_04755,PRD-G7JPM7,6.715,Regular,0.0113,Snack Foods,57.01,STORE-HL7,23,Medium,Tier_3,Superstore,340.6
row_04756,PRD-E4XLA5,9.656,Regular,0.1304,BAKING GOODS,226.02,STORE-HL7,23,Medium,Tier_3,Superstore,5970.42
row_04758,PRD-JZETKP,7.782,Low Fat,0.0147,baking goods,83.51,STORE-OYG,25,,Tier_2,Standard Supermarket,2576.04
row_04760,PRD-ZL5GJ8,17.535,Low Fat,0.0564,MEAT,154.64,STORE-DKU,30,,Tier_2,Standard Supermarket,5505.16
row_04761,PRD-IJOTIN,18.327,Low Fat,0.0671,Frozen Foods,147.0,STORE-AGY,45,Large,Tier_3,Standard Supermarket,2508.68
row_04762,PRD-IUYATD,,Low Fat,0.0339,HOUSEHOLD,118.38,STORE-7WS,47,Medium,Tier_3,Flagship Hypermarket,2456.65
row_04763,PRD-KC97HQ,17.363,Low Fat,0.016,Snack Foods,165.2,STORE-JOR,34,,Tier_3,Corner Shop,628.71
row_04764,PRD-EGKRHJ,5.324,Regular,0.0059,Snack Foods,102.46,STORE-9RG,28,Small,Tier_2,Standard Supermarket,2101.27
row_04765,PRD-30D7TU,19.722,Low Fat,0.013,fruits and vegetables,186.97,STORE-YLW,35,Small,Tier_1,Standard Supermarket,2567.35
row_04766,PRD-C2W953,17.621,Regular,0.0373,SNACK FOODS,99.23,STORE-YLW,35,Small,Tier_1,Standard Supermarket,189.97
row_04767,PRD-B9OF3M,16.567,Low Fat,0.0805,fruits and vegetables,263.87,STORE-AGY,45,Large,Tier_3,Standard Supermarket,7305.95
row_04768,PRD-YZB4K8,17.894,Regular,0.0166,fruits and vegetables,46.79,STORE-HL7,23,Medium,Tier_3,Superstore,693.93
row_04770,PRD-EOGKKC,14.261,Low Fat,0.0118,Others,54.69,STORE-DKU,30,,Tier_2,Standard Supermarket,1035.74
row_04771,PRD-64V0WS,,Low Fat,0.0768,Snack Foods,123.79,STORE-7WS,47,Medium,Tier_3,Flagship Hypermarket,4365.55
row_04773,PRD-8KE2WT,16.416,Regular,0.0481,Frozen Foods,127.99,STORE-9RG,28,Small,Tier_2,Standard Supermarket,3217.95
row_04774,PRD-4TJITP,8.364,Low Fat,0.0653,Fruits and Vegetables,113.22,STORE-JOR,34,,Tier_3,Corner Shop,226.07
row_04776,PRD-V56VKT,9.353,Regular,0.1697,fruits and vegetables,142.78,STORE-OYG,25,,Tier_2,Standard Supermarket,1958.88
row_04777,PRD-RLBUOB,7.498,Regular,0.0373,SEAFOOD,181.95,STORE-JOR,34,,Tier_3,Corner Shop,183.61
row_04778,PRD-S82I5U,8.461,Low Fat,0.181,Household,166.31,STORE-YLW,35,Small,Tier_1,Standard Supermarket,2542.66
row_04779,PRD-PKT9A9,14.905,Regular,0.0526,Canned,57.16,STORE-DKU,30,,Tier_2,Standard Supermarket,453.44
row_04780,PRD-L11FC6,19.321,Regular,0.0176,meat,102.93,STORE-OYG,25,,Tier_2,Standard Supermarket,1134.19
row_04782,PRD-63RMAJ,,Low Fat,0.0283,household,187.77,STORE-T5G,47,Small,Tier_1,Corner Shop,533.24
row_04786,PRD-EGKRHJ,5.429,Regular,0.0058,SNACK FOODS,102.07,STORE-OYG,25,,Tier_2,Standard Supermarket,1512.32
row_04788,PRD-202SK1,20.034,Low Fat,0.0844,CANNED,180.19,STORE-AGY,45,Large,Tier_3,Standard Supermarket,2966.82
row_04789,PRD-HCW81X,8.097,Low Fat,0.0107,Hard Drinks,151.83,STORE-HL7,23,Medium,Tier_3,Superstore,1053.86
row_04790,PRD-SMRD3A,8.741,Low Fat,0.056,Fruits and Vegetables,180.24,STORE-89Z,33,Medium,Tier_1,Standard Supermarket,4787.13
row_04791,PRD-1N8MTZ,20.098,Low Fat,0.0238,DAIRY,45.54,STORE-9RG,28,Small,Tier_2,Standard Supermarket,963.39
row_04792,PRD-QYXGO4,,Low Fat,0.0525,fruits and vegetables,57.02,STORE-7WS,47,Medium,Tier_3,Flagship Hypermarket,1840.61
row_04793,PRD-R73A70,,Regular,0.028,meat,199.71,STORE-7WS,47,Medium,Tier_3,Flagship Hypermarket,4965.32
row_04794,PRD-OOBWF4,,Low Fat,0.0251,frozen foods,34.23,STORE-T5G,47,Small,Tier_1,Corner Shop,35.4
row_04795,PRD-E5UPVR,17.205,Regular,0.0817,snack foods,111.52,STORE-YLW,35,Small,Tier_1,Standard Supermarket,2968.95
row_04797,PRD-4GYSMJ,8.735,Low Fat,0.0987,HOUSEHOLD,203.94,STORE-YLW,35,Small,Tier_1,Standard Supermarket,5570.99
row_04798,PRD-OK2ECS,,Regular,0.0508,fruits and vegetables,150.22,STORE-7WS,47,Medium,Tier_3,Flagship Hypermarket,5225.81
row_04800,PRD-9USY38,,Low Fat,0.1564,snack foods,114.67,STORE-T5G,47,Small,Tier_1,Corner Shop,598.71
row_04801,PRD-LCSXU1,11.441,Regular,0.0574,Baking Goods,174.61,STORE-89Z,33,Medium,Tier_1,Standard Supermarket,3322.87
row_04802,PRD-15BYVZ,18.21,Low Fat,0.0432,Hard Drinks,193.11,STORE-AGY,45,Large,Tier_3,Standard Supermarket,3671.63
row_04804,PRD-8KYLHT,9.137,Low Fat,0.2788,snack foods,106.86,STORE-JOR,34,,Tier_3,Corner Shop,406.21
row_04805,PRD-08S1A7,11.33,Low Fat,0.0755,fruits and vegetables,191.6,STORE-DKU,30,,Tier_2,Standard Supermarket,2631.23
row_04806,PRD-1FO2WB,,Regular,0.0247,Frozen Foods,111.27,STORE-7WS,47,Medium,Tier_3,Flagship Hypermarket,1878.38
row_04807,PRD-OSKK9O,15.745,Regular,0.0141,Fruits and Vegetables,112.39,STORE-DKU,30,,Tier_2,Standard Supermarket,1185.0
row_04808,PRD-Q7U1KU,13.028,Low Fat,0.0219,DAIRY,116.57,STORE-89Z,33,Medium,Tier_1,Standard Supermarket,3177.59
row_04809,PRD-4JP18M,17.854,Low Fat,0.0549,Snack Foods,120.89,STORE-HL7,23,Medium,Tier_3,Superstore,2766.15
row_04810,PRD-0L0JBS,9.028,Regular,0.0093,canned,104.72,STORE-YLW,35,Small,Tier_1,Standard Supermarket,2660.07
row_04811,PRD-2H3TZR,9.818,Low Fat,0.095,SOFT DRINKS,163.97,STORE-AGY,45,Large,Tier_3,Standard Supermarket,3302.01
row_04812,PRD-5HJHWF,,Low Fat,0.0449,Snack Foods,82.95,STORE-7WS,47,Medium,Tier_3,Flagship Hypermarket,1753.11
row_04813,PRD-5RX1SQ,7.617,Regular,0.0499,Dairy,117.32,STORE-OYG,25,,Tier_2,Standard Supermarket,3132.26
row_04815,PRD-X7Z97Z,9.004,Low Fat,0.0977,household,56.82,STORE-89Z,33,Medium,Tier_1,Standard Supermarket,1045.91
row_04816,PRD-EDLQ9E,8.174,Regular,0.0317,Breads,246.18,STORE-YLW,35,Small,Tier_1,Standard Supermarket,6717.32
row_04817,PRD-IMV03J,14.766,Regular,0.0647,snack foods,259.28,STORE-HL7,23,Medium,Tier_3,Superstore,3804.51
row_04818,PRD-RPHBL5,20.754,Regular,0.0,snack foods,177.07,STORE-9RG,28,Small,Tier_2,Standard Supermarket,3711.38
row_04819,PRD-042LPI,19.686,Low Fat,0.0498,Health and Hygiene,44.26,STORE-YLW,35,Small,Tier_1,Standard Supermarket,164.83
row_04820,PRD-679O2X,21.074,Low Fat,0.0506,Snack Foods,191.46,STORE-89Z,33,Medium,Tier_1,Standard Supermarket,1475.87
row_04821,PRD-TJ3D90,15.181,Low Fat,0.1601,STARCHY FOODS,105.84,STORE-OYG,25,,Tier_2,Standard Supermarket,4048.34
row_04822,PRD-Q3QA3S,19.869,Regular,0.0311,dairy,260.28,STORE-89Z,33,Medium,Tier_1,Standard Supermarket,3157.8
row_04823,PRD-6C3BE3,20.234,Low Fat,0.0399,Household,151.39,STORE-YLW,35,Small,Tier_1,Standard Supermarket,1444.66
row_04825,PRD-EVZUBR,17.373,Low Fat,0.058,Frozen Foods,42.55,STORE-AGY,45,Large,Tier_3,Standard Supermarket,1024.39
row_04827,PRD-SDX9DA,13.357,Regular,0.0275,Meat,34.22,STORE-AGY,45,Large,Tier_3,Standard Supermarket,679.82
row_04828,PRD-K82WU9,,Regular,0.1002,Fruits and Vegetables,130.63,STORE-7WS,47,Medium,Tier_3,Flagship Hypermarket,1626.52
row_04829,PRD-SIIAEB,12.616,Low Fat,0.095,SNACK FOODS,118.93,STORE-OYG,25,,Tier_2,Standard Supermarket,1916.89
row_04830,PRD-76RKQ4,5.568,Low Fat,0.025,DAIRY,242.79,STORE-89Z,33,Medium,Tier_1,Standard Supermarket,3465.22
row_04832,PRD-YM6IER,7.35,Regular,0.032,fruits and vegetables,124.47,STORE-9RG,28,Small,Tier_2,Standard Supermarket,2007.98
row_04833,PRD-RDW6ET,8.936,Regular,0.0715,fruits and vegetables,184.28,STORE-HL7,23,Medium,Tier_3,Superstore,906.99
row_04834,PRD-8UHW94,5.906,Regular,0.0295,Frozen Foods,103.75,STORE-89Z,33,Medium,Tier_1,Standard Supermarket,395.09
row_04835,PRD-CU4YYJ,,Low Fat,0.143,canned,39.2,STORE-T5G,47,Small,Tier_1,Corner Shop,37.76
row_04836,PRD-F4B8DW,20.849,Low Fat,0.0368,DAIRY,224.6,STORE-9RG,28,Small,Tier_2,Standard Supermarket,5278.79
row_04837,PRD-RY40KH,12.636,Low Fat,0.0308,Fruits and Vegetables,104.51,STORE-DKU,30,,Tier_2,Standard Supermarket,1444.12
row_04838,PRD-1Q3TMY,7.178,Low Fat,0.1151,Fruits and Vegetables,168.15,STORE-HL7,23,Medium,Tier_3,Superstore,2230.43
row_04839,PRD-PRFP9S,,Low Fat,0.0263,Frozen Foods,78.52,STORE-7WS,47,Medium,Tier_3,Flagship Hypermarket,1944.34
row_04840,PRD-HEZ5ED,16.523,Low Fat,0.1409,Hard Drinks,169.41,STORE-9RG,28,Small,Tier_2,Standard Supermarket,1373.55
row_04842,PRD-K82WU9,6.149,Regular,0.099,fruits and vegetables,127.43,STORE-OYG,25,,Tier_2,Standard Supermarket,1190.5
row_04844,PRD-U652FY,,Regular,0.0286,Canned,174.46,STORE-7WS,47,Medium,Tier_3,Flagship Hypermarket,3513.76
row_04845,PRD-JLC90O,,Regular,0.0421,CANNED,146.4,STORE-T5G,47,Small,Tier_1,Corner Shop,290.01
row_04847,PRD-0JE4QV,,Low Fat,0.0337,frozen foods,224.74,STORE-7WS,47,Medium,Tier_3,Flagship Hypermarket,7053.43
row_04848,PRD-K82WU9,6.201,Regular,0.1046,Fruits and Vegetables,128.7,STORE-9RG,28,Small,Tier_2,Standard Supermarket,1406.1
row_04849,PRD-7RS8R0,6.741,Low Fat,0.1053,fruits and vegetables,85.05,STORE-YLW,35,Small,Tier_1,Standard Supermarket,1356.78
row_04850,PRD-WA5IMY,11.595,Regular,0.0824,Frozen Foods,78.91,STORE-YLW,35,Small,Tier_1,Standard Supermarket,1095.02
row_04851,PRD-J3GHQ5,9.458,Low Fat,0.0423,FRUITS AND VEGETABLES,91.1,STORE-OYG,25,,Tier_2,Standard Supermarket,510.23
row_04853,PRD-GJ1QQ8,,Low Fat,0.0844,Baking Goods,118.57,STORE-7WS,47,Medium,Tier_3,Flagship Hypermarket,3851.02
row_04854,PRD-V33B4H,14.083,Regular,0.0834,meat,119.99,STORE-HL7,23,Medium,Tier_3,Superstore,2336.96
row_04856,PRD-UVYR0Q,,Low Fat,0.0626,SOFT DRINKS,150.47,STORE-7WS,47,Medium,Tier_3,Flagship Hypermarket,3268.89
row_04857,PRD-JVZA65,11.757,Low Fat,0.0204,SNACK FOODS,146.07,STORE-OYG,25,,Tier_2,Standard Supermarket,1349.1
row_04858,PRD-NY1QEG,9.119,Low Fat,0.0653,Frozen Foods,65.6,STORE-JOR,34,,Tier_3,Corner Shop,124.11
row_04860,PRD-AK5AGE,10.561,Low Fat,0.0424,Health and Hygiene,195.68,STORE-DKU,30,,Tier_2,Standard Supermarket,2449.83
row_04861,PRD-40MGG1,13.189,Low Fat,0.0976,Soft Drinks,182.78,STORE-HL7,23,Medium,Tier_3,Superstore,3059.21
row_04862,PRD-HU814P,12.256,Low Fat,0.0093,Baking Goods,69.89,STORE-DKU,30,,Tier_2,Standard Supermarket,1066.74
row_04864,PRD-2HPNW1,,Regular,0.079,Frozen Foods,60.71,STORE-T5G,47,Small,Tier_1,Corner Shop,118.27
row_04865,PRD-0U9DAQ,5.815,Low Fat,0.0,FROZEN FOODS,156.6,STORE-YLW,35,Small,Tier_1,Standard Supermarket,2006.2
row_04866,PRD-AYNU0X,6.771,Low Fat,0.0,Breads,212.76,STORE-AGY,45,Large,Tier_3,Standard Supermarket,2424.78
row_04867,PRD-VOYP59,16.286,Regular,0.1143,Fruits and Vegetables,177.34,STORE-DKU,30,,Tier_2,Standard Supermarket,5397.67
row_04868,PRD-JFXKHA,20.074,Regular,0.1249,snack foods,92.89,STORE-OYG,25,,Tier_2,Standard Supermarket,1135.47
row_04869,PRD-0XPJ70,6.563,Low Fat,0.0974,Household,194.21,STORE-YLW,35,Small,Tier_1,Standard Supermarket,5097.1
row_04870,PRD-20AP4V,,Low Fat,0.0233,HOUSEHOLD,104.3,STORE-7WS,47,Medium,Tier_3,Flagship Hypermarket,3045.23
row_04871,PRD-SR6GI0,10.692,Low Fat,0.0353,Fruits and Vegetables,133.94,STORE-OYG,25,,Tier_2,Standard Supermarket,3422.47
row_04872,PRD-6IUUKZ,,Regular,0.0328,FROZEN FOODS,140.69,STORE-7WS,47,Medium,Tier_3,Flagship Hypermarket,5247.27
row_04873,PRD-0TRD9L,15.173,Regular,0.0203,Frozen Foods,125.82,STORE-HL7,23,Medium,Tier_3,Superstore,1811.74
row_04874,PRD-3KI24S,18.123,Low Fat,0.0162,Household,185.47,STORE-HL7,23,Medium,Tier_3,Superstore,1648.1
row_04875,PRD-IF1HEB,18.549,Low Fat,0.0928,Fruits and Vegetables,237.19,STORE-YLW,35,Small,Tier_1,Standard Supermarket,5064.0
row_04876,PRD-UVYP1N,14.271,Regular,0.1013,Snack Foods,159.03,STORE-YLW,35,Small,Tier_1,Standard Supermarket,2834.18
row_04877,PRD-93TBZQ,14.181,Regular,0.0642,FRUITS AND VEGETABLES,87.99,STORE-YLW,35,Small,Tier_1,Standard Supermarket,953.4
row_04878,PRD-J28SY2,15.887,Regular,0.0754,baking goods,264.72,STORE-YLW,35,Small,Tier_1,Standard Supermarket,5699.16
row_04879,PRD-299PG3,8.557,Regular,0.0409,Canned,186.16,STORE-9RG,28,Small,Tier_2,Standard Supermarket,3002.02
row_04880,PRD-EBEM2I,12.302,Regular,0.171,FRUITS AND VEGETABLES,178.11,STORE-JOR,34,,Tier_3,Corner Shop,697.53
row_04882,PRD-ZFWONV,,Regular,0.1956,FRUITS AND VEGETABLES,143.61,STORE-T5G,47,Small,Tier_1,Corner Shop,285.22
row_04883,PRD-TVFDG0,5.814,Regular,0.0304,Breads,191.78,STORE-HL7,23,Medium,Tier_3,Superstore,917.87
row_04884,PRD-B2HWYW,19.406,Low Fat,0.0251,HOUSEHOLD,50.45,STORE-YLW,35,Small,Tier_1,Standard Supermarket,1023.22
row_04885,PRD-KJ6I53,7.792,Low Fat,0.184,Household,33.46,STORE-YLW,35,Small,Tier_1,Standard Supermarket,756.72
row_04887,PRD-3EHIB4,7.617,Low Fat,0.05,Canned,257.38,STORE-DKU,30,,Tier_2,Standard Supermarket,3832.02
row_04890,PRD-3HGG9C,19.648,Low Fat,0.0962,Household,186.32,STORE-OYG,25,,Tier_2,Standard Supermarket,2274.11
row_04891,PRD-XLZYOB,6.258,Low Fat,0.0071,Frozen Foods,62.71,STORE-YLW,35,Small,Tier_1,Standard Supermarket,819.35
row_04892,PRD-BQNJ97,15.152,Low Fat,0.0316,baking goods,107.35,STORE-AGY,45,Large,Tier_3,Standard Supermarket,3309.83
row_04893,PRD-4TMXDN,10.372,Regular,0.1432,breads,160.14,STORE-AGY,45,Large,Tier_3,Standard Supermarket,1835.28
row_04894,PRD-RLM5MP,21.144,Regular,0.0547,Breads,106.06,STORE-DKU,30,,Tier_2,Standard Supermarket,611.95
row_04895,PRD-PXZYDW,,Low Fat,0.0948,Household,143.23,STORE-T5G,47,Small,Tier_1,Corner Shop,589.95
row_04896,PRD-9SEY62,17.988,Low Fat,0.0226,Fruits and Vegetables,93.48,STORE-YLW,35,Small,Tier_1,Standard Supermarket,1718.58
row_04897,PRD-98BNVW,18.929,Regular,0.0646,fruits and vegetables,184.1,STORE-OYG,25,,Tier_2,Standard Supermarket,2895.95
row_04898,PRD-Y7084P,18.846,Low Fat,0.0267,MEAT,89.4,STORE-HL7,23,Medium,Tier_3,Superstore,1772.0
row_04899,PRD-FTNWN0,17.618,Low Fat,0.1491,breads,93.19,STORE-9RG,28,Small,Tier_2,Standard Supermarket,1463.62
row_04900,PRD-DXQ6WH,16.817,Low Fat,0.0122,Health and Hygiene,39.6,STORE-AGY,45,Large,Tier_3,Standard Supermarket,737.21
row_04901,PRD-MN8Z1H,,Low Fat,0.0388,Health and Hygiene,147.61,STORE-T5G,47,Small,Tier_1,Corner Shop,453.61
row_04903,PRD-0U2BL3,15.189,Low Fat,0.0,SNACK FOODS,145.7,STORE-OYG,25,,Tier_2,Standard Supermarket,2949.23
row_04904,PRD-QP5L7C,21.144,Low Fat,0.0385,frozen foods,197.23,STORE-AGY,45,Large,Tier_3,Standard Supermarket,3174.62
row_04905,PRD-CVE6PR,15.489,Low Fat,0.0697,Soft Drinks,90.45,STORE-YLW,35,Small,Tier_1,Standard Supermarket,1748.94
row_04906,PRD-4JP18M,,Low Fat,0.0919,snack foods,122.63,STORE-T5G,47,Small,Tier_1,Corner Shop,123.44
row_04907,PRD-T14KTM,10.818,Low Fat,0.031,Health and Hygiene,165.03,STORE-OYG,25,,Tier_2,Standard Supermarket,2206.3
row_04908,PRD-8NY9QX,16.359,Low Fat,0.1441,snack foods,143.34,STORE-AGY,45,Large,Tier_3,Standard Supermarket,2751.3
row_04910,PRD-32R5MU,,Low Fat,0.0,snack foods,158.38,STORE-T5G,47,Small,Tier_1,Corner Shop,436.99
row_04911,PRD-9WHSBP,19.711,Regular,0.0,Frozen Foods,82.47,STORE-DKU,30,,Tier_2,Standard Supermarket,924.88
row_04912,PRD-XWBVYG,10.064,Low Fat,0.0498,BREADS,31.63,STORE-AGY,45,Large,Tier_3,Standard Supermarket,391.91
row_04915,PRD-PQJ1YE,7.196,Regular,0.0219,canned,92.66,STORE-HL7,23,Medium,Tier_3,Superstore,804.79
row_04916,PRD-8MX1EV,18.828,Low Fat,0.0,Soft Drinks,52.46,STORE-9RG,28,Small,Tier_2,Standard Supermarket,444.96
row_04917,PRD-QKXIRH,18.519,Low Fat,0.103,Frozen Foods,118.0,STORE-DKU,30,,Tier_2,Standard Supermarket,3061.75
row_04918,PRD-HCW81X,8.401,Low Fat,0.0105,hard drinks,146.01,STORE-89Z,33,Medium,Tier_1,Standard Supermarket,1850.3
row_04919,PRD-XLTA8I,12.878,Low Fat,0.0573,Soft Drinks,139.69,STORE-9RG,28,Small,Tier_2,Standard Supermarket,2325.6
row_04920,PRD-JB3VCF,13.864,Regular,0.0124,Snack Foods,58.33,STORE-AGY,45,Large,Tier_3,Standard Supermarket,332.7
row_04921,PRD-MSK8AG,17.821,Low Fat,0.0888,dairy,178.97,STORE-9RG,28,Small,Tier_2,Standard Supermarket,3246.12
row_04922,PRD-PGDZ95,,Low Fat,0.1246,Frozen Foods,88.31,STORE-7WS,47,Medium,Tier_3,Flagship Hypermarket,3338.71
row_04923,PRD-D9DSYZ,14.41,Low Fat,0.0594,HOUSEHOLD,246.17,STORE-DKU,30,,Tier_2,Standard Supermarket,2213.6
row_04924,PRD-U58FLM,4.545,Low Fat,0.1395,Breads,124.32,STORE-DKU,30,,Tier_2,Standard Supermarket,2942.74
row_04925,PRD-YUG5GN,11.714,Low Fat,0.1159,Fruits and Vegetables,46.71,STORE-AGY,45,Large,Tier_3,Standard Supermarket,408.66
row_04926,PRD-DQYUN3,9.955,Low Fat,0.0471,HARD DRINKS,59.09,STORE-OYG,25,,Tier_2,Standard Supermarket,376.66
row_04927,PRD-XLZYOB,6.355,Low Fat,0.0075,frozen foods,60.81,STORE-89Z,33,Medium,Tier_1,Standard Supermarket,498.64
row_04928,PRD-FP4E8T,8.886,Low Fat,0.0269,Fruits and Vegetables,120.93,STORE-YLW,35,Small,Tier_1,Standard Supermarket,1528.66
row_04930,PRD-HYF9SX,16.509,Regular,0.0238,soft drinks,37.44,STORE-OYG,25,,Tier_2,Standard Supermarket,549.69
row_04931,PRD-1WMMME,15.554,Low Fat,0.0159,Others,138.09,STORE-89Z,33,Medium,Tier_1,Standard Supermarket,2758.57
row_04932,PRD-1FEQOX,18.636,Low Fat,0.0924,Snack Foods,256.88,STORE-OYG,25,,Tier_2,Standard Supermarket,5474.51
row_04933,PRD-60GBFW,,Low Fat,0.0388,Frozen Foods,31.53,STORE-7WS,47,Medium,Tier_3,Flagship Hypermarket,961.39
row_04934,PRD-BLQGBI,7.484,Low Fat,0.0735,Household,153.02,STORE-HL7,23,Medium,Tier_3,Superstore,2616.85
row_04935,PRD-PXZYDW,14.895,Low Fat,0.0554,Household,142.27,STORE-OYG,25,,Tier_2,Standard Supermarket,2786.85
row_04939,PRD-H4CI9H,6.551,Regular,0.0383,MEAT,180.21,STORE-9RG,28,Small,Tier_2,Standard Supermarket,1204.01
row_04940,PRD-NHLLA9,,Low Fat,0.1318,HEALTH AND HYGIENE,57.18,STORE-T5G,47,Small,Tier_1,Corner Shop,115.82
row_04941,PRD-5XCR5N,,Low Fat,0.0609,household,116.39,STORE-T5G,47,Small,Tier_1,Corner Shop,233.67
row_04942,PRD-83UJSO,18.225,Low Fat,0.0186,Health and Hygiene,131.12,STORE-HL7,23,Medium,Tier_3,Superstore,2379.93
row_04943,PRD-87AU5B,10.068,Low Fat,0.0134,soft drinks,44.3,STORE-89Z,33,Medium,Tier_1,Standard Supermarket,1445.22
row_04944,PRD-93TBZQ,14.348,Regular,0.1103,Fruits and Vegetables,86.22,STORE-JOR,34,,Tier_3,Corner Shop,167.2
row_04946,PRD-XLZYOB,,Low Fat,0.0131,frozen foods,57.71,STORE-T5G,47,Small,Tier_1,Corner Shop,126.39
row_04947,PRD-QOHMUH,15.603,Low Fat,0.0305,hard drinks,43.18,STORE-OYG,25,,Tier_2,Standard Supermarket,753.09
row_04948,PRD-90O7Y2,15.721,Low Fat,0.0932,Soft Drinks,199.78,STORE-AGY,45,Large,Tier_3,Standard Supermarket,3352.14
row_04949,PRD-QKDZ1Q,,Regular,0.105,fruits and vegetables,222.8,STORE-T5G,47,Small,Tier_1,Corner Shop,677.78
row_04950,PRD-Y2YYF8,8.41,Low Fat,0.082,Baking Goods,147.75,STORE-HL7,23,Medium,Tier_3,Superstore,1602.7
row_04951,PRD-4PZT3E,,Low Fat,0.0699,dairy,220.54,STORE-7WS,47,Medium,Tier_3,Flagship Hypermarket,4230.06
row_04952,PRD-ORDJGF,19.82,Low Fat,0.0053,DAIRY,271.82,STORE-AGY,45,Large,Tier_3,Standard Supermarket,5041.29
row_04953,PRD-38JOEC,14.648,Regular,0.0096,SNACK FOODS,158.07,STORE-89Z,33,Medium,Tier_1,Standard Supermarket,2676.02
row_04954,PRD-8KYLHT,9.136,Low Fat,0.1699,SNACK FOODS,109.62,STORE-9RG,28,Small,Tier_2,Standard Supermarket,801.36
row_04956,PRD-0HHXSC,21.197,Low Fat,0.028,Household,72.55,STORE-YLW,35,Small,Tier_1,Standard Supermarket,707.46
row_04957,PRD-6V1JZP,16.539,Low Fat,0.027,Household,244.25,STORE-HL7,23,Medium,Tier_3,Superstore,6676.1
row_04958,PRD-VM43VV,9.737,Low Fat,0.182,health and hygiene,156.51,STORE-JOR,34,,Tier_3,Corner Shop,626.36
row_04959,PRD-Q2RPUV,8.563,Low Fat,0.034,Health and Hygiene,139.09,STORE-89Z,33,Medium,Tier_1,Standard Supermarket,674.16
row_04960,PRD-0U24IQ,5.691,Low Fat,0.1322,DAIRY,92.24,STORE-HL7,23,Medium,Tier_3,Superstore,1537.47
row_04961,PRD-08I4W0,5.807,Low Fat,0.0791,Baking Goods,37.83,STORE-YLW,35,Small,Tier_1,Standard Supermarket,685.14
row_04962,PRD-UMMSR8,11.654,Low Fat,0.0301,Snack Foods,51.5,STORE-HL7,23,Medium,Tier_3,Superstore,634.23
row_04963,PRD-34LIE3,16.057,Low Fat,0.0,CANNED,94.55,STORE-9RG,28,Small,Tier_2,Standard Supermarket,1298.04
row_04964,PRD-G7TBTN,15.56,Low Fat,0.0598,snack foods,57.44,STORE-HL7,23,Medium,Tier_3,Superstore,493.87
row_04966,PRD-6BH3LL,17.369,Low Fat,0.0766,Baking Goods,109.93,STORE-DKU,30,,Tier_2,Standard Supermarket,999.58
row_04967,PRD-097IYP,12.055,Regular,0.027,Canned,40.26,STORE-YLW,35,Small,Tier_1,Standard Supermarket,354.44
row_04968,PRD-T0HICC,13.395,Low Fat,0.1203,snack foods,193.36,STORE-OYG,25,,Tier_2,Standard Supermarket,1856.09
row_04969,PRD-G9LC5B,,Low Fat,0.1032,Household,33.93,STORE-7WS,47,Medium,Tier_3,Flagship Hypermarket,423.31
row_04971,PRD-K5635T,10.263,Low Fat,0.029,Baking Goods,115.51,STORE-DKU,30,,Tier_2,Standard Supermarket,2778.12
row_04972,PRD-YLAH3X,15.296,Low Fat,0.0,HOUSEHOLD,108.79,STORE-OYG,25,,Tier_2,Standard Supermarket,1570.96
row_04973,PRD-ULF5VL,5.65,Regular,0.0759,Snack Foods,266.39,STORE-AGY,45,Large,Tier_3,Standard Supermarket,7137.55
row_04975,PRD-FGGUXT,,Regular,0.0568,Snack Foods,63.16,STORE-7WS,47,Medium,Tier_3,Flagship Hypermarket,1670.93
row_04977,PRD-U0COJB,9.107,Low Fat,0.065,Frozen Foods,185.98,STORE-89Z,33,Medium,Tier_1,Standard Supermarket,3192.79
row_04978,PRD-ZOID71,14.839,Regular,0.0868,FRUITS AND VEGETABLES,222.68,STORE-YLW,35,Small,Tier_1,Standard Supermarket,651.37
row_04979,PRD-YWIQC5,20.53,Regular,0.0,Fruits and Vegetables,45.22,STORE-JOR,34,,Tier_3,Corner Shop,46.65
row_04980,PRD-9ROJVZ,8.371,Regular,0.0833,Frozen Foods,56.73,STORE-DKU,30,,Tier_2,Standard Supermarket,452.67
row_04981,PRD-PJ1TV2,17.824,Regular,0.0284,Fruits and Vegetables,142.92,STORE-OYG,25,,Tier_2,Standard Supermarket,1072.78
row_04982,PRD-54IKMO,,Regular,0.264,Fruits and Vegetables,245.38,STORE-T5G,47,Small,Tier_1,Corner Shop,504.2
row_04983,PRD-2UETCH,,Low Fat,0.0565,Meat,172.82,STORE-T5G,47,Small,Tier_1,Corner Shop,352.81
row_04984,PRD-8LXUM3,6.946,Low Fat,0.061,DAIRY,144.14,STORE-AGY,45,Large,Tier_3,Standard Supermarket,1691.6
row_04985,PRD-PCUYHY,,Low Fat,0.0951,Baking Goods,161.25,STORE-7WS,47,Medium,Tier_3,Flagship Hypermarket,4300.68
row_04988,PRD-6MLGK8,19.232,Regular,0.0222,Fruits and Vegetables,181.97,STORE-DKU,30,,Tier_2,Standard Supermarket,2563.76
row_04990,PRD-VTAQXP,5.838,Regular,0.0991,Dairy,43.5,STORE-OYG,25,,Tier_2,Standard Supermarket,740.98
row_04991,PRD-WM8LSW,15.264,Low Fat,0.0706,Baking Goods,252.16,STORE-AGY,45,Large,Tier_3,Standard Supermarket,6259.3
row_04992,PRD-C0AR0O,5.094,Regular,0.0285,Snack Foods,106.56,STORE-HL7,23,Medium,Tier_3,Superstore,2094.32
row_04993,PRD-9QWB0H,6.589,Low Fat,0.0237,Breads,103.85,STORE-AGY,45,Large,Tier_3,Standard Supermarket,1756.71
row_04994,PRD-VB2Y6O,,Low Fat,0.0193,Health and Hygiene,193.22,STORE-HL7,23,Medium,Tier_3,Superstore,2918.91
row_04996,PRD-K3I8BZ,12.046,Low Fat,0.1179,Soft Drinks,190.49,STORE-HL7,23,Medium,Tier_3,Superstore,359.62
row_04997,PRD-ZVRERW,17.154,Low Fat,0.0336,dairy,92.19,STORE-89Z,33,Medium,Tier_1,Standard Supermarket,887.55
row_04998,PRD-K1Z5BY,11.228,Low Fat,0.0429,SNACK FOODS,175.78,STORE-YLW,35,Small,Tier_1,Standard Supermarket,2017.35
row_04999,PRD-97XGCK,15.62,Low Fat,0.0834,Baking Goods,107.41,STORE-DKU,30,,Tier_2,Standard Supermarket,1761.41
row_05000,PRD-94QTWZ,7.923,Low Fat,0.198,meat,184.37,STORE-JOR,34,,Tier_3,Corner Shop,390.07
row_05001,PRD-IFY7O0,,Regular,0.0426,FRUITS AND VEGETABLES,178.12,STORE-AGY,45,Large,Tier_3,Standard Supermarket,3819.32
row_05002,PRD-PJ1TV2,17.346,Regular,0.0311,FRUITS AND VEGETABLES,141.55,STORE-9RG,28,Small,Tier_2,Standard Supermarket,1273.22
row_05003,PRD-X5M8PJ,5.03,Regular,0.1268,Snack Foods,144.35,STORE-AGY,45,Large,Tier_3,Standard Supermarket,1782.81
row_05005,PRD-QDI07H,17.544,Regular,0.1528,Dairy,246.89,STORE-89Z,33,Medium,Tier_1,Standard Supermarket,3828.12
row_05006,PRD-IZED1I,,Regular,0.0371,SNACK FOODS,144.4,STORE-7WS,47,Medium,Tier_3,Flagship Hypermarket,4029.01
row_05007,PRD-R1N6UV,18.831,Low Fat,0.0137,household,230.4,STORE-DKU,30,,Tier_2,Standard Supermarket,1328.04
row_05008,PRD-9S9WWR,16.38,Regular,0.076,Fruits and Vegetables,100.4,STORE-9RG,28,Small,Tier_2,Standard Supermarket,1596.38
row_05009,PRD-TIGUE8,,Low Fat,0.0627,HOUSEHOLD,128.42,STORE-7WS,47,Medium,Tier_3,Flagship Hypermarket,1597.54
row_05010,PRD-TFZHI9,,Low Fat,0.1492,health and hygiene,95.11,STORE-7WS,47,Medium,Tier_3,Flagship Hypermarket,2507.53
row_05011,PRD-3IMLYS,12.46,Regular,0.0358,Fruits and Vegetables,247.03,STORE-JOR,34,,Tier_3,Corner Shop,261.27
row_05012,PRD-TRMI8Q,13.394,Low Fat,0.0121,Others,183.31,STORE-9RG,28,Small,Tier_2,Standard Supermarket,3187.19
row_05013,PRD-IMZXFQ,7.017,Low Fat,0.0226,frozen foods,259.1,STORE-YLW,35,Small,Tier_1,Standard Supermarket,2919.66
row_05014,PRD-MY5ZPJ,,Low Fat,0.0326,HARD DRINKS,115.87,STORE-7WS,47,Medium,Tier_3,Flagship Hypermarket,2390.29
row_05015,PRD-HU814P,,Low Fat,0.0165,Baking Goods,74.08,STORE-T5G,47,Small,Tier_1,Corner Shop,140.32
row_05016,PRD-HDPJSA,6.414,Low Fat,0.2043,canned,260.05,STORE-JOR,34,,Tier_3,Corner Shop,252.67
row_05017,PRD-UUTRXG,12.92,Low Fat,0.0237,fruits and vegetables,183.79,STORE-DKU,30,,Tier_2,Standard Supermarket,1295.2
row_05019,PRD-LI16DH,11.986,Low Fat,0.019,frozen foods,253.63,STORE-89Z,33,Medium,Tier_1,Standard Supermarket,4914.56
row_05020,PRD-K3I8BZ,11.695,Low Fat,0.1152,Soft Drinks,182.22,STORE-OYG,25,,Tier_2,Standard Supermarket,2671.82
row_05022,PRD-91ZPKY,17.272,Low Fat,0.1148,Frozen Foods,253.41,STORE-89Z,33,Medium,Tier_1,Standard Supermarket,4356.57
row_05024,PRD-ITKQO4,5.842,Regular,0.1539,MEAT,158.62,STORE-89Z,33,Medium,Tier_1,Standard Supermarket,1562.34
row_05026,PRD-X7AKU0,,Low Fat,0.1275,Health and Hygiene,121.06,STORE-T5G,47,Small,Tier_1,Corner Shop,233.45
row_05027,PRD-6DXZJ1,13.01,Regular,0.0704,Snack Foods,64.71,STORE-AGY,45,Large,Tier_3,Standard Supermarket,382.35
row_05028,PRD-T2DADY,16.858,Low Fat,0.0,OTHERS,78.05,STORE-HL7,23,Medium,Tier_3,Superstore,980.18
row_05029,PRD-GZ27FH,16.436,Low Fat,0.0658,Canned,98.9,STORE-89Z,33,Medium,Tier_1,Standard Supermarket,1655.35
row_05030,PRD-6BH3LL,17.285,Low Fat,0.08,BAKING GOODS,110.3,STORE-OYG,25,,Tier_2,Standard Supermarket,1123.38
row_05031,PRD-QIP98Q,8.67,Low Fat,0.0653,Soft Drinks,146.86,STORE-YLW,35,Small,Tier_1,Standard Supermarket,2017.26
row_05032,PRD-F075N4,15.147,Regular,0.0,snack foods,174.58,STORE-DKU,30,,Tier_2,Standard Supermarket,4739.92
row_05037,PRD-237WI9,11.015,Low Fat,0.0516,FROZEN FOODS,58.58,STORE-YLW,35,Small,Tier_1,Standard Supermarket,975.5
row_05038,PRD-HCAZ89,13.679,Regular,0.0187,snack foods,77.47,STORE-HL7,23,Medium,Tier_3,Superstore,228.78
row_05039,PRD-0AB7R8,,Regular,0.2964,Fruits and Vegetables,167.87,STORE-T5G,47,Small,Tier_1,Corner Shop,174.94
row_05040,PRD-QP5M3G,7.515,Low Fat,0.0158,Canned,90.54,STORE-DKU,30,,Tier_2,Standard Supermarket,2224.87
row_05041,PRD-B7ITAT,11.433,Low Fat,0.2172,Baking Goods,152.35,STORE-JOR,34,,Tier_3,Corner Shop,433.2
row_05042,PRD-P6SDYY,19.808,Regular,0.0,MEAT,167.22,STORE-AGY,45,Large,Tier_3,Standard Supermarket,3557.36
row_05043,PRD-7JHXTX,9.104,Low Fat,0.1303,HOUSEHOLD,172.58,STORE-OYG,25,,Tier_2,Standard Supermarket,2082.65
row_05044,PRD-PJGDSY,,Low Fat,0.2586,snack foods,151.08,STORE-T5G,47,Small,Tier_1,Corner Shop,160.96
row_05046,PRD-72AAVH,15.146,Low Fat,0.054,meat,242.92,STORE-AGY,45,Large,Tier_3,Standard Supermarket,4817.52
row_05048,PRD-GNJ6OM,15.916,Regular,0.1062,Baking Goods,184.79,STORE-YLW,35,Small,Tier_1,Standard Supermarket,1134.37
row_05049,PRD-1I4EOY,,Low Fat,0.0366,FRUITS AND VEGETABLES,212.2,STORE-7WS,47,Medium,Tier_3,Flagship Hypermarket,4394.07
row_05050,PRD-UVYP1N,,Regular,0.0929,Snack Foods,161.83,STORE-7WS,47,Medium,Tier_3,Flagship Hypermarket,6117.95
row_05052,PRD-LI16DH,12.14,Low Fat,0.0191,FROZEN FOODS,254.36,STORE-9RG,28,Small,Tier_2,Standard Supermarket,6115.24
row_05056,PRD-JZ2N82,13.13,Low Fat,0.1,Household,46.24,STORE-89Z,33,Medium,Tier_1,Standard Supermarket,639.94
row_05057,PRD-OEQXOC,,Regular,0.032,Breakfast,50.14,STORE-7WS,47,Medium,Tier_3,Flagship Hypermarket,1551.42
row_05058,PRD-994LX9,,Low Fat,0.2528,Dairy,107.34,STORE-T5G,47,Small,Tier_1,Corner Shop,198.91
row_05059,PRD-D4K7YJ,,Regular,0.1375,starchy foods,182.03,STORE-7WS,47,Medium,Tier_3,Flagship Hypermarket,6161.08
row_05060,PRD-1FEQOX,18.718,Low Fat,0.0911,SNACK FOODS,251.25,STORE-YLW,35,Small,Tier_1,Standard Supermarket,4980.61
row_05061,PRD-VM43VV,9.587,Low Fat,0.1094,Health and Hygiene,158.31,STORE-9RG,28,Small,Tier_2,Standard Supermarket,2570.73
row_05062,PRD-TOTSN5,17.122,Regular,0.0537,STARCHY FOODS,46.07,STORE-DKU,30,,Tier_2,Standard Supermarket,583.3
row_05064,PRD-9789H0,17.822,Regular,0.027,BAKING GOODS,245.74,STORE-DKU,30,,Tier_2,Standard Supermarket,3097.83
row_05065,PRD-OS7E3D,9.459,Low Fat,0.0306,HOUSEHOLD,46.54,STORE-OYG,25,,Tier_2,Standard Supermarket,700.43
row_05066,PRD-WEWPGV,15.365,Low Fat,0.1131,Snack Foods,229.23,STORE-AGY,45,Large,Tier_3,Standard Supermarket,4367.58
row_05067,PRD-KE6H76,8.357,Regular,0.0307,baking goods,98.53,STORE-HL7,23,Medium,Tier_3,Superstore,1874.1
row_05068,PRD-884JXZ,16.745,Low Fat,0.0322,FROZEN FOODS,149.28,STORE-OYG,25,,Tier_2,Standard Supermarket,2311.84
row_05069,PRD-BGLSH8,,Low Fat,0.0314,Household,38.13,STORE-7WS,47,Medium,Tier_3,Flagship Hypermarket,974.35
row_05070,PRD-CTXCWN,16.666,Low Fat,0.0185,SOFT DRINKS,155.2,STORE-YLW,35,Small,Tier_1,Standard Supermarket,1132.6
row_05071,PRD-EOGKKC,14.734,Low Fat,0.0,Others,54.87,STORE-JOR,34,,Tier_3,Corner Shop,54.46
row_05072,PRD-UZS9IM,,Low Fat,0.075,soft drinks,163.65,STORE-T5G,47,Small,Tier_1,Corner Shop,789.84
row_05073,PRD-HDPJSA,6.326,Low Fat,0.0,Canned,266.17,STORE-HL7,23,Medium,Tier_3,Superstore,2882.2
row_05074,PRD-C3Y7HA,16.675,Low Fat,0.02,Fruits and Vegetables,48.66,STORE-HL7,23,Medium,Tier_3,Superstore,462.42
row_05075,PRD-X36ZHB,10.585,Regular,0.025,Baking Goods,169.27,STORE-89Z,33,Medium,Tier_1,Standard Supermarket,3870.74
row_05076,PRD-GS8W0Q,11.027,Low Fat,0.0498,Fruits and Vegetables,252.86,STORE-AGY,45,Large,Tier_3,Standard Supermarket,4472.68
row_05077,PRD-VI7F16,,Regular,0.0701,snack foods,118.4,STORE-7WS,47,Medium,Tier_3,Flagship Hypermarket,1738.37
row_05078,PRD-MH7GX8,,Low Fat,0.1043,Dairy,53.95,STORE-7WS,47,Medium,Tier_3,Flagship Hypermarket,1939.19
row_05079,PRD-36I5A7,,Low Fat,0.0266,fruits and vegetables,170.01,STORE-7WS,47,Medium,Tier_3,Flagship Hypermarket,4295.79
row_05080,PRD-CLVEHR,15.932,Regular,0.1674,FROZEN FOODS,33.43,STORE-AGY,45,Large,Tier_3,Standard Supermarket,352.47
row_05081,PRD-PRFP9S,14.665,Low Fat,0.0259,Frozen Foods,77.68,STORE-YLW,35,Small,Tier_1,Standard Supermarket,964.1
row_05082,PRD-22ZACS,17.541,Low Fat,0.0839,Breads,199.37,STORE-HL7,23,Medium,Tier_3,Superstore,1830.0
row_05083,PRD-0QD58X,17.295,Regular,0.026,BREADS,47.15,STORE-JOR,34,,Tier_3,Corner Shop,88.73
row_05084,PRD-TV6685,,Low Fat,0.0512,Fruits and Vegetables,150.85,STORE-7WS,47,Medium,Tier_3,Flagship Hypermarket,4673.81
row_05085,PRD-7Y9HQQ,12.971,Low Fat,0.0,Starchy Foods,257.26,STORE-9RG,28,Small,Tier_2,Standard Supermarket,2467.83
row_05086,PRD-V1VXVU,5.387,Low Fat,0.0915,Health and Hygiene,99.76,STORE-9RG,28,Small,Tier_2,Standard Supermarket,2608.18
row_05087,PRD-DSN8CW,15.895,Regular,0.0,snack foods,175.2,STORE-AGY,45,Large,Tier_3,Standard Supermarket,6459.67
row_05088,PRD-533CFS,,Low Fat,0.0239,household,142.83,STORE-7WS,47,Medium,Tier_3,Flagship Hypermarket,3780.66
row_05089,PRD-VICDRI,21.227,Regular,0.1276,Frozen Foods,119.33,STORE-DKU,30,,Tier_2,Standard Supermarket,338.56
row_05090,PRD-EVFXVR,,Low Fat,0.0848,Household,162.24,STORE-7WS,47,Medium,Tier_3,Flagship Hypermarket,5527.79
row_05091,PRD-VTZDFX,17.116,Regular,0.0623,Baking Goods,97.87,STORE-OYG,25,,Tier_2,Standard Supermarket,1990.82
row_05092,PRD-2BSMEB,6.619,Low Fat,0.0392,Baking Goods,50.61,STORE-89Z,33,Medium,Tier_1,Standard Supermarket,1005.16
row_05093,PRD-965050,9.105,Low Fat,0.0814,frozen foods,208.97,STORE-DKU,30,,Tier_2,Standard Supermarket,1730.9
row_05094,PRD-SX50VK,6.399,Regular,0.1267,SNACK FOODS,34.12,STORE-DKU,30,,Tier_2,Standard Supermarket,147.2
row_05095,PRD-75E78H,7.417,Low Fat,0.031,Household,175.37,STORE-AGY,45,Large,Tier_3,Standard Supermarket,4390.42
row_05096,PRD-192YWO,12.492,Low Fat,0.0262,CANNED,57.19,STORE-HL7,23,Medium,Tier_3,Superstore,919.31
row_05097,PRD-CZD9MX,15.567,Regular,0.1673,Fruits and Vegetables,176.8,STORE-JOR,34,,Tier_3,Corner Shop,1053.58
row_05098,PRD-9ROJVZ,7.967,Regular,0.0804,Frozen Foods,56.03,STORE-89Z,33,Medium,Tier_1,Standard Supermarket,775.2
row_05099,PRD-XMSTP3,14.621,Low Fat,0.056,Snack Foods,44.81,STORE-OYG,25,,Tier_2,Standard Supermarket,418.2
row_05100,PRD-SIIAEB,,Low Fat,0.1586,Snack Foods,118.04,STORE-T5G,47,Small,Tier_1,Corner Shop,470.08
row_05101,PRD-32QVLN,12.655,Regular,0.0771,DAIRY,184.58,STORE-OYG,25,,Tier_2,Standard Supermarket,4719.06
row_05102,PRD-0XPJ70,,Low Fat,0.0972,household,193.44,STORE-7WS,47,Medium,Tier_3,Flagship Hypermarket,4786.75
row_05104,PRD-T93K2H,,Low Fat,0.1203,household,190.34,STORE-T5G,47,Small,Tier_1,Corner Shop,198.36
row_05105,PRD-9AHEJ8,,Low Fat,0.1763,DAIRY,42.85,STORE-T5G,47,Small,Tier_1,Corner Shop,40.12
row_05106,PRD-6I2KOE,19.47,Low Fat,0.0397,Snack Foods,163.85,STORE-YLW,35,Small,Tier_1,Standard Supermarket,2945.03
row_05108,PRD-9RIGPP,20.42,Low Fat,0.0511,FRUITS AND VEGETABLES,37.65,STORE-9RG,28,Small,Tier_2,Standard Supermarket,117.76
row_05109,PRD-5I0GQM,18.765,Low Fat,0.146,Breakfast,100.93,STORE-YLW,35,Small,Tier_1,Standard Supermarket,206.16
row_05110,PRD-DV8A43,,Regular,0.2461,Snack Foods,46.96,STORE-T5G,47,Small,Tier_1,Corner Shop,44.72
row_05111,PRD-LV9PLM,6.886,Low Fat,0.0963,Health and Hygiene,260.34,STORE-JOR,34,,Tier_3,Corner Shop,255.29
row_05112,PRD-E5UPVR,,Regular,0.0,Snack Foods,112.17,STORE-7WS,47,Medium,Tier_3,Flagship Hypermarket,3935.31
row_05113,PRD-52UH5B,,Low Fat,0.0707,CANNED,211.06,STORE-7WS,47,Medium,Tier_3,Flagship Hypermarket,5499.03
row_05114,PRD-BOVVPN,9.951,Low Fat,0.0556,Health and Hygiene,198.47,STORE-DKU,30,,Tier_2,Standard Supermarket,3286.38
row_05115,PRD-F13TKM,20.139,Low Fat,0.0731,household,76.69,STORE-AGY,45,Large,Tier_3,Standard Supermarket,216.74
row_05117,PRD-XH6DLO,18.445,Low Fat,0.1238,Frozen Foods,121.97,STORE-YLW,35,Small,Tier_1,Standard Supermarket,1293.42
row_05118,PRD-302FAP,14.038,Low Fat,0.0514,fruits and vegetables,148.92,STORE-OYG,25,,Tier_2,Standard Supermarket,2910.98
row_05119,PRD-N3QXKH,13.808,Low Fat,0.0886,Dairy,235.43,STORE-DKU,30,,Tier_2,Standard Supermarket,4004.97
row_05120,PRD-4AWTY0,9.306,Low Fat,0.0887,Hard Drinks,188.53,STORE-9RG,28,Small,Tier_2,Standard Supermarket,3941.88
row_05121,PRD-0FM2N0,,Low Fat,0.0826,meat,152.05,STORE-T5G,47,Small,Tier_1,Corner Shop,153.77
row_05122,PRD-FA4IUZ,13.489,Regular,0.0791,Dairy,189.21,STORE-DKU,30,,Tier_2,Standard Supermarket,1120.43
row_05123,PRD-CVIYJK,11.192,Regular,0.0216,dairy,83.11,STORE-OYG,25,,Tier_2,Standard Supermarket,1671.31
row_05124,PRD-N3VBIA,20.699,Low Fat,0.0593,household,239.95,STORE-HL7,23,Medium,Tier_3,Superstore,4612.32
row_05125,PRD-1GN81E,,Regular,0.0,Snack Foods,260.66,STORE-T5G,47,Small,Tier_1,Corner Shop,760.16
row_05126,PRD-TJ3D90,14.861,Low Fat,0.1523,STARCHY FOODS,107.46,STORE-89Z,33,Medium,Tier_1,Standard Supermarket,729.0
row_05127,PRD-ON4O79,16.561,Low Fat,0.0282,Household,100.66,STORE-JOR,34,,Tier_3,Corner Shop,404.0
row_05128,PRD-4W2O6O,6.843,Low Fat,0.029,HOUSEHOLD,161.61,STORE-OYG,25,,Tier_2,Standard Supermarket,2690.74
row_05129,PRD-L6HYC1,7.321,Regular,0.1486,SNACK FOODS,105.36,STORE-9RG,28,Small,Tier_2,Standard Supermarket,2186.84
row_05130,PRD-9S9WWR,16.419,Regular,0.078,fruits and vegetables,101.54,STORE-AGY,45,Large,Tier_3,Standard Supermarket,1883.2
row_05131,PRD-H8YZWJ,9.544,Low Fat,0.0906,canned,139.29,STORE-AGY,45,Large,Tier_3,Standard Supermarket,2977.3
row_05133,PRD-AHB3HN,10.158,Low Fat,0.1172,Snack Foods,60.1,STORE-HL7,23,Medium,Tier_3,Superstore,1396.51
row_05134,PRD-TC2QWF,,Regular,0.1564,Canned,179.8,STORE-7WS,47,Medium,Tier_3,Flagship Hypermarket,5999.33
row_05135,PRD-3H7I5X,,Regular,0.179,Fruits and Vegetables,143.45,STORE-T5G,47,Small,Tier_1,Corner Shop,418.2
row_05136,PRD-LXLIM5,12.26,Low Fat,0.066,Health and Hygiene,122.36,STORE-YLW,35,Small,Tier_1,Standard Supermarket,244.53
row_05137,PRD-WZMTFC,9.275,Low Fat,0.0,Household,116.72,STORE-YLW,35,Small,Tier_1,Standard Supermarket,1596.45
row_05139,PRD-0HHXSC,,Low Fat,0.0268,household,74.4,STORE-DKU,30,,Tier_2,Standard Supermarket,1501.49
row_05143,PRD-58B6PJ,16.127,Regular,0.0644,Dairy,79.11,STORE-HL7,23,Medium,Tier_3,Superstore,1713.08
row_05144,PRD-YLXYXL,7.534,Low Fat,0.0365,BAKING GOODS,75.71,STORE-DKU,30,,Tier_2,Standard Supermarket,1154.46
row_05145,PRD-BVGKP7,15.96,Regular,0.0258,FRUITS AND VEGETABLES,99.99,STORE-89Z,33,Medium,Tier_1,Standard Supermarket,1256.83
row_05148,PRD-T2DADY,17.367,Low Fat,0.0202,Others,78.2,STORE-YLW,35,Small,Tier_1,Standard Supermarket,1269.8
row_05149,PRD-L11FC6,,Regular,0.0184,Meat,102.81,STORE-7WS,47,Medium,Tier_3,Flagship Hypermarket,1492.36
row_05150,PRD-NZLAXA,18.663,Low Fat,0.0391,HOUSEHOLD,245.65,STORE-OYG,25,,Tier_2,Standard Supermarket,5445.3
row_05151,PRD-IGJGK2,17.247,Regular,0.1186,meat,103.12,STORE-HL7,23,Medium,Tier_3,Superstore,1625.37
row_05152,PRD-IY3X80,12.353,Low Fat,0.1123,baking goods,223.89,STORE-DKU,30,,Tier_2,Standard Supermarket,3445.25
row_05153,PRD-59JSU0,14.882,Regular,0.0992,Meat,132.25,STORE-AGY,45,Large,Tier_3,Standard Supermarket,2465.25
row_05154,PRD-6852FC,11.998,Low Fat,0.0161,hard drinks,175.22,STORE-OYG,25,,Tier_2,Standard Supermarket,4328.1
row_05155,PRD-D7M46B,6.643,Low Fat,0.0219,Household,32.85,STORE-YLW,35,Small,Tier_1,Standard Supermarket,1255.36
row_05156,PRD-BJPI4H,6.708,Low Fat,0.0146,Soft Drinks,129.29,STORE-DKU,30,,Tier_2,Standard Supermarket,1239.91
row_05157,PRD-Q3QA3S,19.803,Regular,0.0,dairy,252.34,STORE-HL7,23,Medium,Tier_3,Superstore,5590.78
row_05158,PRD-VP8OWT,,Low Fat,0.0488,Household,144.47,STORE-T5G,47,Small,Tier_1,Corner Shop,146.01
row_05159,PRD-8A5PN4,5.857,Regular,0.0795,Fruits and Vegetables,263.68,STORE-AGY,45,Large,Tier_3,Standard Supermarket,1483.57
row_05161,PRD-8A5PN4,5.836,Regular,0.08,fruits and vegetables,251.64,STORE-9RG,28,Small,Tier_2,Standard Supermarket,4598.39
row_05163,PRD-VTZDFX,16.715,Regular,0.0617,BAKING GOODS,97.52,STORE-9RG,28,Small,Tier_2,Standard Supermarket,2910.72
row_05164,PRD-WMFTOO,18.627,Low Fat,0.0466,HEALTH AND HYGIENE,152.75,STORE-AGY,45,Large,Tier_3,Standard Supermarket,3292.51
row_05165,PRD-CP4E30,6.133,Low Fat,0.0233,dairy,174.18,STORE-AGY,45,Large,Tier_3,Standard Supermarket,4472.5
row_05166,PRD-H56OB4,9.19,Low Fat,0.0463,Household,108.13,STORE-OYG,25,,Tier_2,Standard Supermarket,1774.75
row_05167,PRD-5WVO01,5.224,Low Fat,0.031,Health and Hygiene,36.33,STORE-9RG,28,Small,Tier_2,Standard Supermarket,416.03
row_05168,PRD-RJ6GD2,12.063,Low Fat,0.0083,Health and Hygiene,116.44,STORE-9RG,28,Small,Tier_2,Standard Supermarket,2408.82
row_05169,PRD-U0COJB,,Low Fat,0.0648,FROZEN FOODS,181.63,STORE-7WS,47,Medium,Tier_3,Flagship Hypermarket,4370.68
row_05170,PRD-ZN1N5R,,Regular,0.0349,Meat,194.05,STORE-7WS,47,Medium,Tier_3,Flagship Hypermarket,3102.16
row_05171,PRD-AN4EIO,14.321,Regular,0.2191,FROZEN FOODS,53.08,STORE-JOR,34,,Tier_3,Corner Shop,164.59
row_05172,PRD-IWS48A,14.065,Regular,0.0336,BAKING GOODS,95.73,STORE-OYG,25,,Tier_2,Standard Supermarket,2111.88
row_05173,PRD-4DGYDF,9.948,Regular,0.0482,frozen foods,247.14,STORE-89Z,33,Medium,Tier_1,Standard Supermarket,3206.31
row_05174,PRD-9Q4JNA,,Low Fat,0.0657,Snack Foods,258.26,STORE-7WS,47,Medium,Tier_3,Flagship Hypermarket,7496.92
row_05175,PRD-I64XLY,11.855,Low Fat,0.0404,FRUITS AND VEGETABLES,192.98,STORE-89Z,33,Medium,Tier_1,Standard Supermarket,1276.51
row_05176,PRD-2PCM3G,19.097,Low Fat,0.0369,Fruits and Vegetables,113.61,STORE-YLW,35,Small,Tier_1,Standard Supermarket,1393.7
row_05177,PRD-VOYP59,16.886,Regular,0.1138,fruits and vegetables,182.48,STORE-9RG,28,Small,Tier_2,Standard Supermarket,746.11
row_05178,PRD-FY9Z9U,19.997,Regular,0.1025,Canned,106.65,STORE-YLW,35,Small,Tier_1,Standard Supermarket,3633.1
row_05179,PRD-N5F3DX,17.269,Regular,0.0156,snack foods,233.19,STORE-89Z,33,Medium,Tier_1,Standard Supermarket,4533.42
row_05181,PRD-7EFVUZ,15.123,Low Fat,0.0455,Health and Hygiene,141.62,STORE-AGY,45,Large,Tier_3,Standard Supermarket,2464.48
row_05182,PRD-PCUYHY,15.18,Low Fat,0.0948,baking goods,159.23,STORE-YLW,35,Small,Tier_1,Standard Supermarket,2723.55
row_05183,PRD-D9146L,,Low Fat,0.0734,SNACK FOODS,159.62,STORE-7WS,47,Medium,Tier_3,Flagship Hypermarket,2343.21
row_05184,PRD-299PG3,8.798,Regular,0.0413,Canned,187.74,STORE-OYG,25,,Tier_2,Standard Supermarket,3941.98
row_05186,PRD-HK23A1,,Regular,0.0807,Snack Foods,171.67,STORE-89Z,33,Medium,Tier_1,Standard Supermarket,5142.26
row_05187,PRD-U3BDL2,8.628,Regular,0.0,BREADS,133.49,STORE-89Z,33,Medium,Tier_1,Standard Supermarket,2343.67
row_05188,PRD-BJPI4H,6.938,Low Fat,0.0138,Soft Drinks,126.2,STORE-HL7,23,Medium,Tier_3,Superstore,1607.93
row_05189,PRD-QIRRQA,,Low Fat,0.0837,dairy,189.91,STORE-7WS,47,Medium,Tier_3,Flagship Hypermarket,7442.69
row_05190,PRD-P5GVBS,11.854,Regular,0.1466,dairy,237.6,STORE-YLW,35,Small,Tier_1,Standard Supermarket,5724.04
row_05192,PRD-O7V0VU,,Low Fat,0.0378,Canned,88.99,STORE-AGY,45,Large,Tier_3,Standard Supermarket,248.75
row_05193,PRD-V2V1IT,10.293,Low Fat,0.0476,frozen foods,139.49,STORE-OYG,25,,Tier_2,Standard Supermarket,831.63
row_05194,PRD-P5GVBS,,Regular,0.1423,Dairy,236.74,STORE-89Z,33,Medium,Tier_1,Standard Supermarket,3259.99
row_05195,PRD-NF4EK6,18.961,Low Fat,0.0673,HOUSEHOLD,43.75,STORE-HL7,23,Medium,Tier_3,Superstore,641.38
row_05196,PRD-SIY7PG,14.233,Low Fat,0.0254,HOUSEHOLD,40.12,STORE-OYG,25,,Tier_2,Standard Supermarket,506.37
row_05197,PRD-RGLY41,13.804,Low Fat,0.0559,health and hygiene,36.59,STORE-DKU,30,,Tier_2,Standard Supermarket,947.29
row_05198,PRD-R1N6UV,18.54,Low Fat,0.0145,HOUSEHOLD,217.79,STORE-HL7,23,Medium,Tier_3,Superstore,3685.98
row_05200,PRD-SCSFW2,9.388,Regular,0.0,FROZEN FOODS,228.61,STORE-AGY,45,Large,Tier_3,Standard Supermarket,5709.82
row_05201,PRD-N8W9UR,6.995,Low Fat,0.0,Canned,108.3,STORE-89Z,33,Medium,Tier_1,Standard Supermarket,1399.34
row_05202,PRD-8MVMVQ,8.872,Low Fat,0.1269,household,111.15,STORE-HL7,23,Medium,Tier_3,Superstore,1053.11
row_05203,PRD-QK31H5,16.57,Low Fat,0.0562,fruits and vegetables,257.97,STORE-JOR,34,,Tier_3,Corner Shop,487.84
row_05205,PRD-RWWK6P,8.526,Low Fat,0.0142,Baking Goods,94.34,STORE-9RG,28,Small,Tier_2,Standard Supermarket,1145.07
row_05206,PRD-7DMS2Z,13.187,Low Fat,0.0328,Meat,61.79,STORE-89Z,33,Medium,Tier_1,Standard Supermarket,748.04
row_05207,PRD-QYXGO4,19.78,Low Fat,0.0544,Fruits and Vegetables,57.51,STORE-AGY,45,Large,Tier_3,Standard Supermarket,932.09
row_05208,PRD-EGC2DP,6.886,Low Fat,0.0585,snack foods,213.2,STORE-AGY,45,Large,Tier_3,Standard Supermarket,2892.32
row_05209,PRD-32R5MU,7.129,Low Fat,0.0147,Snack Foods,154.23,STORE-DKU,30,,Tier_2,Standard Supermarket,641.15
row_05210,PRD-2YAZQT,15.781,Regular,0.1419,FROZEN FOODS,47.25,STORE-JOR,34,,Tier_3,Corner Shop,48.19
row_05211,PRD-55LOSM,7.597,Low Fat,0.0204,SNACK FOODS,244.96,STORE-9RG,28,Small,Tier_2,Standard Supermarket,4390.36
row_05212,PRD-0W78AQ,8.369,Low Fat,0.047,FRUITS AND VEGETABLES,50.26,STORE-OYG,25,,Tier_2,Standard Supermarket,836.14
row_05214,PRD-GBYJDD,17.904,Low Fat,0.0149,fruits and vegetables,184.23,STORE-89Z,33,Medium,Tier_1,Standard Supermarket,4877.29
row_05217,PRD-7IOABT,7.418,Low Fat,0.1421,Frozen Foods,142.07,STORE-JOR,34,,Tier_3,Corner Shop,863.79
row_05218,PRD-R9QIKQ,13.719,Low Fat,0.0665,baking goods,92.75,STORE-DKU,30,,Tier_2,Standard Supermarket,2012.04
row_05219,PRD-GZ27FH,15.909,Low Fat,0.0635,Canned,98.59,STORE-OYG,25,,Tier_2,Standard Supermarket,2716.38
row_05220,PRD-302FAP,13.989,Low Fat,0.0498,Fruits and Vegetables,147.19,STORE-9RG,28,Small,Tier_2,Standard Supermarket,2224.11
row_05221,PRD-91ZPKY,16.755,Low Fat,0.1255,frozen foods,253.62,STORE-HL7,23,Medium,Tier_3,Superstore,5963.59
row_05222,PRD-22ZACS,17.98,Low Fat,0.0851,Breads,202.04,STORE-89Z,33,Medium,Tier_1,Standard Supermarket,1507.26
row_05224,PRD-SCRO8S,14.865,Regular,0.1048,FRUITS AND VEGETABLES,42.92,STORE-89Z,33,Medium,Tier_1,Standard Supermarket,775.68
row_05225,PRD-FKTCNU,9.12,Regular,0.0903,Snack Foods,126.98,STORE-9RG,28,Small,Tier_2,Standard Supermarket,1429.35
row_05226,PRD-UX01UP,10.795,Low Fat,0.0287,snack foods,241.85,STORE-89Z,33,Medium,Tier_1,Standard Supermarket,6888.93
row_05227,PRD-0PKUUM,7.638,Regular,0.1472,Starchy Foods,174.69,STORE-DKU,30,,Tier_2,Standard Supermarket,4574.59
row_05228,PRD-CYUEID,9.705,Low Fat,0.0948,Others,196.76,STORE-AGY,45,Large,Tier_3,Standard Supermarket,2335.79
row_05230,PRD-MECOSF,5.796,Regular,0.0194,Soft Drinks,46.59,STORE-YLW,35,Small,Tier_1,Standard Supermarket,515.37
row_05231,PRD-CX9J1I,14.393,Low Fat,0.0926,SOFT DRINKS,174.08,STORE-9RG,28,Small,Tier_2,Standard Supermarket,3367.2
row_05232,PRD-12310X,8.118,Low Fat,0.0151,Health and Hygiene,178.86,STORE-HL7,23,Medium,Tier_3,Superstore,2271.31
row_05233,PRD-OFS80Q,7.593,Regular,0.0266,SNACK FOODS,193.33,STORE-OYG,25,,Tier_2,Standard Supermarket,4935.92
row_05234,PRD-3RA1PP,20.761,Low Fat,0.127,snack foods,199.98,STORE-89Z,33,Medium,Tier_1,Standard Supermarket,1633.6
row_05236,PRD-0T2RJM,7.851,Low Fat,0.0333,canned,120.07,STORE-DKU,30,,Tier_2,Standard Supermarket,2432.4
row_05238,PRD-PF322F,9.12,Low Fat,0.0737,BREAKFAST,178.42,STORE-DKU,30,,Tier_2,Standard Supermarket,1721.25
row_05240,PRD-OSI366,12.731,Low Fat,0.0917,fruits and vegetables,109.02,STORE-9RG,28,Small,Tier_2,Standard Supermarket,674.75
row_05241,PRD-USV9I5,18.572,Regular,0.0678,fruits and vegetables,245.88,STORE-HL7,23,Medium,Tier_3,Superstore,2942.25
row_05242,PRD-3NP4VY,12.431,Low Fat,0.041,Health and Hygiene,32.36,STORE-YLW,35,Small,Tier_1,Standard Supermarket,525.44
row_05243,PRD-QDXOEA,7.22,Low Fat,0.0277,SNACK FOODS,106.45,STORE-9RG,28,Small,Tier_2,Standard Supermarket,1152.9
row_05244,PRD-2HPNW1,,Regular,0.0441,Frozen Foods,58.43,STORE-7WS,47,Medium,Tier_3,Flagship Hypermarket,1701.78
row_05245,PRD-1EYY37,,Low Fat,0.047,Soft Drinks,63.23,STORE-7WS,47,Medium,Tier_3,Flagship Hypermarket,3098.8
row_05248,PRD-CFDOOB,9.338,Regular,0.1273,fruits and vegetables,100.42,STORE-AGY,45,Large,Tier_3,Standard Supermarket,1562.34
row_05249,PRD-11CMKR,12.074,Low Fat,0.0325,Canned,184.72,STORE-AGY,45,Large,Tier_3,Standard Supermarket,3334.33
row_05250,PRD-5BFZ63,,Low Fat,0.1416,Canned,164.48,STORE-7WS,47,Medium,Tier_3,Flagship Hypermarket,3958.29
row_05251,PRD-0PKUUM,7.497,Regular,0.1451,Starchy Foods,172.06,STORE-YLW,35,Small,Tier_1,Standard Supermarket,3912.09
row_05252,PRD-21BKSM,16.635,Low Fat,0.0341,Health and Hygiene,188.4,STORE-OYG,25,,Tier_2,Standard Supermarket,2216.26
row_05253,PRD-C71O4Y,11.529,Low Fat,0.1743,Fruits and Vegetables,124.71,STORE-YLW,35,Small,Tier_1,Standard Supermarket,2378.92
row_05255,PRD-F8MDRY,20.127,Regular,0.0224,DAIRY,254.18,STORE-9RG,28,Small,Tier_2,Standard Supermarket,4922.36
row_05256,PRD-CCUG7R,,Regular,0.0419,meat,43.86,STORE-7WS,47,Medium,Tier_3,Flagship Hypermarket,1088.26
row_05257,PRD-YZB4K8,18.163,Regular,0.0169,fruits and vegetables,49.6,STORE-AGY,45,Large,Tier_3,Standard Supermarket,1401.5
row_05259,PRD-4WYJ9D,16.21,Low Fat,0.0701,Fruits and Vegetables,109.4,STORE-AGY,45,Large,Tier_3,Standard Supermarket,860.21
row_05260,PRD-ZE84LM,6.881,Low Fat,0.0234,FROZEN FOODS,95.89,STORE-AGY,45,Large,Tier_3,Standard Supermarket,569.28
row_05263,PRD-9DBWQW,19.976,Low Fat,0.0425,HOUSEHOLD,86.73,STORE-89Z,33,Medium,Tier_1,Standard Supermarket,2668.18
row_05264,PRD-5FDHJK,7.124,Low Fat,0.0784,Soft Drinks,91.87,STORE-YLW,35,Small,Tier_1,Standard Supermarket,1225.04
row_05265,PRD-884JXZ,17.404,Low Fat,0.034,frozen foods,147.97,STORE-HL7,23,Medium,Tier_3,Superstore,2113.75
row_05266,PRD-FL9NP6,7.655,Low Fat,0.0546,Health and Hygiene,59.06,STORE-9RG,28,Small,Tier_2,Standard Supermarket,713.01
row_05268,PRD-MX6K0J,20.297,Low Fat,0.0629,Health and Hygiene,126.66,STORE-DKU,30,,Tier_2,Standard Supermarket,2187.05
row_05269,PRD-OE45D1,9.723,Low Fat,0.0268,canned,267.51,STORE-89Z,33,Medium,Tier_1,Standard Supermarket,4542.41
row_05270,PRD-FP4E8T,9.027,Low Fat,0.0,Fruits and Vegetables,120.55,STORE-JOR,34,,Tier_3,Corner Shop,125.4
row_05271,PRD-VB2Y6O,15.217,Low Fat,0.0198,health and hygiene,193.64,STORE-AGY,45,Large,Tier_3,Standard Supermarket,1885.56
row_05273,PRD-TLHXCM,14.372,Low Fat,0.0346,Canned,250.23,STORE-9RG,28,Small,Tier_2,Standard Supermarket,2022.98
row_05274,PRD-CC46C1,20.209,Regular,0.1227,Baking Goods,198.83,STORE-89Z,33,Medium,Tier_1,Standard Supermarket,3492.08
row_05275,PRD-S1AWP0,15.679,Low Fat,0.1138,Frozen Foods,74.26,STORE-AGY,45,Large,Tier_3,Standard Supermarket,1695.19
row_05276,PRD-3H7I5X,14.929,Regular,0.1042,fruits and vegetables,142.05,STORE-DKU,30,,Tier_2,Standard Supermarket,2671.74
row_05277,PRD-ET6ZI7,16.654,Low Fat,0.0,fruits and vegetables,111.26,STORE-YLW,35,Small,Tier_1,Standard Supermarket,2872.42
row_05278,PRD-JSPKET,6.796,Regular,0.1084,DAIRY,95.43,STORE-DKU,30,,Tier_2,Standard Supermarket,953.52
row_05279,PRD-UC3160,17.142,Regular,0.0737,Meat,113.44,STORE-DKU,30,,Tier_2,Standard Supermarket,1725.98
row_05280,PRD-FT3J41,6.455,Regular,0.1016,Baking Goods,170.15,STORE-89Z,33,Medium,Tier_1,Standard Supermarket,3941.05
row_05281,PRD-PF322F,,Low Fat,0.1231,Breakfast,172.44,STORE-T5G,47,Small,Tier_1,Corner Shop,366.62
row_05282,PRD-JDOLC4,6.253,Low Fat,0.0941,Fruits and Vegetables,180.01,STORE-OYG,25,,Tier_2,Standard Supermarket,1220.21
row_05283,PRD-1EYY37,15.019,Low Fat,0.0507,SOFT DRINKS,67.13,STORE-AGY,45,Large,Tier_3,Standard Supermarket,1619.27
row_05284,PRD-DTLHAI,11.802,Regular,0.0,Baking Goods,49.97,STORE-9RG,28,Small,Tier_2,Standard Supermarket,420.64
row_05285,PRD-00V830,9.679,Low Fat,0.0405,Hard Drinks,223.23,STORE-OYG,25,,Tier_2,Standard Supermarket,4596.8
row_05286,PRD-5I78U5,,Regular,0.0148,Fruits and Vegetables,241.26,STORE-7WS,47,Medium,Tier_3,Flagship Hypermarket,12359.04
row_05288,PRD-8LXUM3,7.236,Low Fat,0.0612,Dairy,148.31,STORE-DKU,30,,Tier_2,Standard Supermarket,1874.86
row_05289,PRD-5K9MLE,,Low Fat,0.1595,household,119.54,STORE-7WS,47,Medium,Tier_3,Flagship Hypermarket,3273.89
row_05291,PRD-30D7TU,19.697,Low Fat,0.0122,FRUITS AND VEGETABLES,187.77,STORE-DKU,30,,Tier_2,Standard Supermarket,1280.29
row_05292,PRD-GZCPKR,18.989,Low Fat,0.0141,Household,53.66,STORE-89Z,33,Medium,Tier_1,Standard Supermarket,1430.11
row_05293,PRD-965050,9.104,Low Fat,0.0798,frozen foods,222.53,STORE-9RG,28,Small,Tier_2,Standard Supermarket,4116.81
row_05294,PRD-0JL6QK,,Low Fat,0.1293,SNACK FOODS,106.39,STORE-7WS,47,Medium,Tier_3,Flagship Hypermarket,4123.82
row_05295,PRD-FHG8KS,20.099,Low Fat,0.11,Household,124.32,STORE-AGY,45,Large,Tier_3,Standard Supermarket,2694.76
row_05298,PRD-PL13YL,15.733,Low Fat,0.1691,Health and Hygiene,187.16,STORE-OYG,25,,Tier_2,Standard Supermarket,2036.04
row_05300,PRD-MPXPMF,14.368,Low Fat,0.0319,Health and Hygiene,237.77,STORE-AGY,45,Large,Tier_3,Standard Supermarket,4337.33
row_05301,PRD-HBZ5J3,,Low Fat,0.104,BAKING GOODS,108.83,STORE-T5G,47,Small,Tier_1,Corner Shop,330.14
row_05304,PRD-1FO2WB,8.44,Regular,0.0253,Frozen Foods,113.59,STORE-HL7,23,Medium,Tier_3,Superstore,1551.03
row_05306,PRD-ZIX69G,8.14,Regular,0.0803,Fruits and Vegetables,254.84,STORE-89Z,33,Medium,Tier_1,Standard Supermarket,6369.53
row_05307,PRD-97PPER,5.795,Low Fat,0.0593,FRUITS AND VEGETABLES,172.12,STORE-YLW,35,Small,Tier_1,Standard Supermarket,1725.49
row_05308,PRD-28N1GP,13.868,Low Fat,0.0,BAKING GOODS,87.74,STORE-AGY,45,Large,Tier_3,Standard Supermarket,1189.93
row_05310,PRD-S6KFRX,18.987,Low Fat,0.1784,HOUSEHOLD,171.69,STORE-YLW,35,Small,Tier_1,Standard Supermarket,1687.75
row_05311,PRD-57XD6K,12.616,Low Fat,0.1601,Frozen Foods,45.57,STORE-AGY,45,Large,Tier_3,Standard Supermarket,858.69
row_05313,PRD-NF4EK6,,Low Fat,0.1174,HOUSEHOLD,43.39,STORE-T5G,47,Small,Tier_1,Corner Shop,39.48
row_05315,PRD-JB3VCF,13.993,Regular,0.0,Snack Foods,55.66,STORE-DKU,30,,Tier_2,Standard Supermarket,1374.32
row_05316,PRD-0RH735,,Low Fat,0.1757,Others,244.99,STORE-7WS,47,Medium,Tier_3,Flagship Hypermarket,4527.27
row_05317,PRD-P8BYW4,12.761,Regular,0.0238,Meat,230.21,STORE-9RG,28,Small,Tier_2,Standard Supermarket,5731.4
row_05318,PRD-7JHXTX,8.693,Low Fat,0.125,household,176.58,STORE-DKU,30,,Tier_2,Standard Supermarket,2076.15
row_05319,PRD-OUWR61,8.506,Regular,0.0385,Dairy,86.06,STORE-YLW,35,Small,Tier_1,Standard Supermarket,1617.47
row_05320,PRD-38JOEC,14.979,Regular,0.0095,snack foods,162.09,STORE-AGY,45,Large,Tier_3,Standard Supermarket,2481.77
row_05321,PRD-FUDM7O,19.675,Regular,0.0216,fruits and vegetables,221.27,STORE-YLW,35,Small,Tier_1,Standard Supermarket,875.52
row_05322,PRD-V3OJ57,8.75,Low Fat,0.0405,Frozen Foods,53.56,STORE-89Z,33,Medium,Tier_1,Standard Supermarket,1320.41
row_05323,PRD-P5GVBS,11.483,Regular,0.151,Dairy,239.77,STORE-AGY,45,Large,Tier_3,Standard Supermarket,2739.24
row_05324,PRD-3NP4VY,12.72,Low Fat,0.0405,health and hygiene,35.15,STORE-HL7,23,Medium,Tier_3,Superstore,337.0
row_05325,PRD-IEIQO7,18.349,Low Fat,0.1224,Others,54.83,STORE-YLW,35,Small,Tier_1,Standard Supermarket,1072.68
row_05326,PRD-FP4E8T,8.873,Low Fat,0.0254,FRUITS AND VEGETABLES,120.99,STORE-9RG,28,Small,Tier_2,Standard Supermarket,1980.81
row_05327,PRD-4GYSMJ,8.67,Low Fat,0.0987,household,207.41,STORE-9RG,28,Small,Tier_2,Standard Supermarket,4309.19
row_05328,PRD-JVZA65,12.443,Low Fat,0.0211,SNACK FOODS,152.21,STORE-HL7,23,Medium,Tier_3,Superstore,2155.88
row_05329,PRD-8NY9QX,17.219,Low Fat,0.0,snack foods,146.47,STORE-OYG,25,,Tier_2,Standard Supermarket,2681.35
row_05330,PRD-XBXTLN,,Low Fat,0.1423,Starchy Foods,88.4,STORE-7WS,47,Medium,Tier_3,Flagship Hypermarket,3904.52
row_05332,PRD-2UHCIN,20.364,Low Fat,0.0249,Household,186.17,STORE-DKU,30,,Tier_2,Standard Supermarket,2759.78
row_05333,PRD-9DDVP4,15.287,Regular,0.0944,FRUITS AND VEGETABLES,61.09,STORE-89Z,33,Medium,Tier_1,Standard Supermarket,512.68
row_05334,PRD-RH8H90,9.375,Low Fat,0.0237,HEALTH AND HYGIENE,190.13,STORE-89Z,33,Medium,Tier_1,Standard Supermarket,3981.43
row_05335,PRD-I1E9QQ,,Low Fat,0.314,Household,255.98,STORE-T5G,47,Small,Tier_1,Corner Shop,739.26
row_05337,PRD-8QLHBI,9.584,Low Fat,0.1052,SNACK FOODS,240.5,STORE-YLW,35,Small,Tier_1,Standard Supermarket,936.92
row_05338,PRD-Q51250,16.238,Low Fat,0.0979,household,209.14,STORE-89Z,33,Medium,Tier_1,Standard Supermarket,1459.04
row_05339,PRD-RDW6ET,8.534,Regular,0.0779,Fruits and Vegetables,182.55,STORE-9RG,28,Small,Tier_2,Standard Supermarket,3829.99
row_05340,PRD-2NS5MH,20.159,Low Fat,0.1698,Canned,188.79,STORE-HL7,23,Medium,Tier_3,Superstore,1593.54
row_05341,PRD-V5WMKZ,6.306,Low Fat,0.0607,Breakfast,129.43,STORE-OYG,25,,Tier_2,Standard Supermarket,1423.57
row_05344,PRD-X9G7HS,10.151,Low Fat,0.2042,Canned,113.04,STORE-JOR,34,,Tier_3,Corner Shop,111.89
row_05345,PRD-ITKQO4,5.771,Regular,0.1563,MEAT,158.19,STORE-DKU,30,,Tier_2,Standard Supermarket,3138.61
row_05346,PRD-8VYI78,,Low Fat,0.0754,Household,226.96,STORE-7WS,47,Medium,Tier_3,Flagship Hypermarket,7827.35
row_05347,PRD-X4KNSF,16.11,Low Fat,0.0362,Household,183.53,STORE-AGY,45,Large,Tier_3,Standard Supermarket,3352.33
row_05350,PRD-5GAS44,,Low Fat,0.0457,SOFT DRINKS,146.92,STORE-T5G,47,Small,Tier_1,Corner Shop,457.33
row_05351,PRD-BPCIKI,,Low Fat,0.0133,Frozen Foods,61.48,STORE-7WS,47,Medium,Tier_3,Flagship Hypermarket,1585.96
row_05352,PRD-PQNOMP,,Low Fat,0.0564,baking goods,101.14,STORE-7WS,47,Medium,Tier_3,Flagship Hypermarket,2871.15
row_05353,PRD-Z8TUBC,20.443,Low Fat,0.0206,HOUSEHOLD,74.4,STORE-OYG,25,,Tier_2,Standard Supermarket,1299.11
row_05355,PRD-IZED1I,16.683,Regular,0.039,Snack Foods,150.38,STORE-DKU,30,,Tier_2,Standard Supermarket,2633.13
row_05356,PRD-IJVZYN,15.008,Low Fat,0.0622,OTHERS,236.11,STORE-OYG,25,,Tier_2,Standard Supermarket,3469.04
row_05357,PRD-NVJUUW,6.586,Regular,0.0852,Frozen Foods,104.27,STORE-AGY,45,Large,Tier_3,Standard Supermarket,1569.58
row_05361,PRD-RPHBL5,20.147,Regular,0.0474,Snack Foods,179.04,STORE-DKU,30,,Tier_2,Standard Supermarket,1060.53
row_05362,PRD-MHLD93,6.364,Low Fat,0.1282,CANNED,202.03,STORE-89Z,33,Medium,Tier_1,Standard Supermarket,2137.81
row_05363,PRD-DQHDK3,,Regular,0.0642,snack foods,113.44,STORE-T5G,47,Small,Tier_1,Corner Shop,697.49
row_05364,PRD-K9LSG4,19.867,Low Fat,0.0518,Snack Foods,115.23,STORE-HL7,23,Medium,Tier_3,Superstore,843.72
row_05365,PRD-31GVB3,7.686,Low Fat,0.0135,HOUSEHOLD,216.49,STORE-DKU,30,,Tier_2,Standard Supermarket,2695.74
row_05366,PRD-MSND8D,,Low Fat,0.0679,Soft Drinks,35.21,STORE-T5G,47,Small,Tier_1,Corner Shop,73.27
row_05367,PRD-9DDVP4,,Regular,0.0,Fruits and Vegetables,58.82,STORE-7WS,47,Medium,Tier_3,Flagship Hypermarket,1707.58
row_05368,PRD-HCAZ89,13.294,Regular,0.0181,Snack Foods,82.95,STORE-AGY,45,Large,Tier_3,Standard Supermarket,1231.71
row_05369,PRD-JTGE75,6.732,Regular,0.034,Breads,157.36,STORE-HL7,23,Medium,Tier_3,Superstore,4219.81
row_05370,PRD-1I4EOY,,Low Fat,0.0706,fruits and vegetables,209.16,STORE-T5G,47,Small,Tier_1,Corner Shop,423.9
row_05372,PRD-N7XY43,,Low Fat,0.0765,canned,95.51,STORE-7WS,47,Medium,Tier_3,Flagship Hypermarket,3086.43
row_05373,PRD-GVJICS,15.685,Regular,0.1791,Snack Foods,153.72,STORE-DKU,30,,Tier_2,Standard Supermarket,3782.14
row_05374,PRD-FZX6AP,12.796,Regular,0.0396,Snack Foods,84.72,STORE-HL7,23,Medium,Tier_3,Superstore,624.18
row_05375,PRD-8INI8M,6.854,Regular,0.1242,snack foods,90.72,STORE-OYG,25,,Tier_2,Standard Supermarket,2191.24
row_05376,PRD-NCP2VI,17.975,Low Fat,0.0183,Health and Hygiene,240.21,STORE-YLW,35,Small,Tier_1,Standard Supermarket,8282.96
row_05378,PRD-41CMGC,7.239,Low Fat,0.0419,fruits and vegetables,228.8,STORE-89Z,33,Medium,Tier_1,Standard Supermarket,4009.7
row_05379,PRD-ZL5GJ8,17.837,Low Fat,0.0577,Meat,154.15,STORE-89Z,33,Medium,Tier_1,Standard Supermarket,2357.89
row_05380,PRD-5FI6ER,9.753,Regular,0.0,CANNED,80.17,STORE-YLW,35,Small,Tier_1,Standard Supermarket,1064.81
row_05381,PRD-3EHIB4,7.779,Low Fat,0.0456,canned,242.96,STORE-AGY,45,Large,Tier_3,Standard Supermarket,6720.44
row_05382,PRD-1Q3TMY,7.009,Low Fat,0.1115,Fruits and Vegetables,166.86,STORE-DKU,30,,Tier_2,Standard Supermarket,3018.62
row_05383,PRD-1RXIV4,,Low Fat,0.0299,Snack Foods,163.91,STORE-7WS,47,Medium,Tier_3,Flagship Hypermarket,5702.95
row_05384,PRD-OFJA5N,5.552,Regular,0.0562,Canned,197.91,STORE-OYG,25,,Tier_2,Standard Supermarket,4521.87
row_05385,PRD-RMB8Q9,10.572,Low Fat,0.0335,Health and Hygiene,86.22,STORE-AGY,45,Large,Tier_3,Standard Supermarket,846.3
row_05386,PRD-90XDR7,12.841,Low Fat,0.02,BREADS,196.27,STORE-DKU,30,,Tier_2,Standard Supermarket,1007.71
row_05387,PRD-2VTJXU,6.331,Low Fat,0.1257,FRUITS AND VEGETABLES,44.86,STORE-AGY,45,Large,Tier_3,Standard Supermarket,1117.08
row_05388,PRD-Z16UFZ,19.101,Low Fat,0.0158,Snack Foods,148.99,STORE-YLW,35,Small,Tier_1,Standard Supermarket,1900.33
row_05389,PRD-EYRXGB,20.111,Regular,0.0217,SNACK FOODS,61.05,STORE-HL7,23,Medium,Tier_3,Superstore,593.6
row_05390,PRD-NAMSQE,12.011,Regular,0.1951,BAKING GOODS,80.36,STORE-HL7,23,Medium,Tier_3,Superstore,992.34
row_05391,PRD-2G73AJ,9.503,Low Fat,0.0153,Dairy,248.78,STORE-HL7,23,Medium,Tier_3,Superstore,5931.77
row_05394,PRD-2X720K,5.616,Regular,0.0,FRUITS AND VEGETABLES,88.77,STORE-9RG,28,Small,Tier_2,Standard Supermarket,1432.65
row_05395,PRD-PX52L4,6.933,Regular,0.1347,BREAKFAST,94.04,STORE-OYG,25,,Tier_2,Standard Supermarket,267.22
row_05396,PRD-72AAVH,14.66,Low Fat,0.0516,Meat,244.71,STORE-YLW,35,Small,Tier_1,Standard Supermarket,3945.18
row_05397,PRD-C2MU46,17.81,Low Fat,0.0147,snack foods,200.62,STORE-89Z,33,Medium,Tier_1,Standard Supermarket,775.42
row_05399,PRD-2DT1EG,5.611,Low Fat,0.1194,Health and Hygiene,120.83,STORE-AGY,45,Large,Tier_3,Standard Supermarket,1290.01
row_05400,PRD-C5BV1L,15.542,Low Fat,0.0234,Household,100.91,STORE-AGY,45,Large,Tier_3,Standard Supermarket,1786.7
row_05402,PRD-ET6ZI7,17.431,Low Fat,0.1283,Fruits and Vegetables,112.97,STORE-DKU,30,,Tier_2,Standard Supermarket,2414.85
row_05404,PRD-RDW6ET,,Regular,0.0,fruits and vegetables,193.61,STORE-7WS,47,Medium,Tier_3,Flagship Hypermarket,4693.46
row_05405,PRD-V2AQNP,11.374,Regular,0.1608,Breakfast,171.96,STORE-OYG,25,,Tier_2,Standard Supermarket,4597.82
row_05407,PRD-VOYP59,16.553,Regular,0.1235,Fruits and Vegetables,186.63,STORE-YLW,35,Small,Tier_1,Standard Supermarket,1889.29
row_05410,PRD-ZSDP5Y,16.314,Low Fat,0.0286,Snack Foods,94.53,STORE-YLW,35,Small,Tier_1,Standard Supermarket,2115.42
row_05411,PRD-RYI0M7,10.753,Low Fat,0.0688,Frozen Foods,122.45,STORE-HL7,23,Medium,Tier_3,Superstore,625.33
row_05412,PRD-V77G1P,15.451,Low Fat,0.0267,Frozen Foods,151.19,STORE-YLW,35,Small,Tier_1,Standard Supermarket,2770.08
row_05413,PRD-AK1VRJ,6.156,Regular,0.0072,SOFT DRINKS,191.93,STORE-OYG,25,,Tier_2,Standard Supermarket,3425.18
row_05414,PRD-I1NNSM,10.21,Regular,0.0,BAKING GOODS,143.06,STORE-YLW,35,Small,Tier_1,Standard Supermarket,1455.21
row_05415,PRD-30DM7X,9.211,Regular,0.1062,soft drinks,41.25,STORE-89Z,33,Medium,Tier_1,Standard Supermarket,963.64
row_05416,PRD-IYIJE7,12.854,Low Fat,0.0985,Snack Foods,201.62,STORE-YLW,35,Small,Tier_1,Standard Supermarket,4184.09
row_05417,PRD-0PKUUM,7.452,Regular,0.1396,Starchy Foods,170.62,STORE-AGY,45,Large,Tier_3,Standard Supermarket,3204.33
row_05420,PRD-54TA1S,20.395,Regular,0.0384,breakfast,161.93,STORE-YLW,35,Small,Tier_1,Standard Supermarket,1058.14
row_05421,PRD-R0T4EX,13.179,Low Fat,0.0714,Starchy Foods,258.58,STORE-AGY,45,Large,Tier_3,Standard Supermarket,2857.36
row_05422,PRD-J10FFD,,Low Fat,0.0132,Household,141.87,STORE-7WS,47,Medium,Tier_3,Flagship Hypermarket,2109.07
row_05424,PRD-N5F62D,17.157,Low Fat,0.0135,Frozen Foods,259.74,STORE-YLW,35,Small,Tier_1,Standard Supermarket,6024.17
row_05425,PRD-D5KXKQ,20.209,Low Fat,0.0545,seafood,191.18,STORE-HL7,23,Medium,Tier_3,Superstore,5755.52
row_05426,PRD-MMSLOQ,12.349,Low Fat,0.0653,others,253.06,STORE-DKU,30,,Tier_2,Standard Supermarket,2353.21
row_05427,PRD-Q9AH8R,10.874,Low Fat,0.0992,DAIRY,233.64,STORE-JOR,34,,Tier_3,Corner Shop,662.49
row_05428,PRD-GLI4UP,13.926,Low Fat,0.0378,Starchy Foods,125.13,STORE-89Z,33,Medium,Tier_1,Standard Supermarket,1627.76
row_05430,PRD-YCKVJK,13.274,Regular,0.1826,Canned,213.05,STORE-YLW,35,Small,Tier_1,Standard Supermarket,1309.54
row_05431,PRD-K054NZ,11.983,Low Fat,0.029,soft drinks,147.13,STORE-OYG,25,,Tier_2,Standard Supermarket,3790.11
row_05432,PRD-8MY1UX,20.746,Low Fat,0.1456,HEALTH AND HYGIENE,106.16,STORE-89Z,33,Medium,Tier_1,Standard Supermarket,2655.57
row_05433,PRD-MU6FGK,16.141,Low Fat,0.0274,frozen foods,52.8,STORE-HL7,23,Medium,Tier_3,Superstore,982.72
row_05434,PRD-QOHMUH,15.842,Low Fat,0.0322,Hard Drinks,43.46,STORE-DKU,30,,Tier_2,Standard Supermarket,637.29
row_05435,PRD-ET6ZI7,16.65,Low Fat,0.1341,FRUITS AND VEGETABLES,108.69,STORE-OYG,25,,Tier_2,Standard Supermarket,1667.9
row_05436,PRD-HXTPDP,9.887,Low Fat,0.1616,soft drinks,233.21,STORE-DKU,30,,Tier_2,Standard Supermarket,3824.53
row_05438,PRD-IE2L2F,20.133,Low Fat,0.0638,Frozen Foods,75.95,STORE-JOR,34,,Tier_3,Corner Shop,154.38
row_05439,PRD-3IZLX3,17.532,Regular,0.1483,fruits and vegetables,87.89,STORE-OYG,25,,Tier_2,Standard Supermarket,1026.76
row_05440,PRD-6GKHNX,8.963,Low Fat,0.0526,health and hygiene,128.9,STORE-HL7,23,Medium,Tier_3,Superstore,2782.82
row_05441,PRD-CPCMJT,19.696,Low Fat,0.0919,HOUSEHOLD,254.72,STORE-YLW,35,Small,Tier_1,Standard Supermarket,4638.05
row_05442,PRD-YHVNT3,,Low Fat,0.0707,Others,83.74,STORE-T5G,47,Small,Tier_1,Corner Shop,166.21
row_05443,PRD-7ZGA6X,15.28,Low Fat,0.0733,BAKING GOODS,89.45,STORE-HL7,23,Medium,Tier_3,Superstore,1034.35
row_05444,PRD-EMI6QW,12.027,Low Fat,0.03,HOUSEHOLD,115.58,STORE-89Z,33,Medium,Tier_1,Standard Supermarket,2997.21
row_05445,PRD-YOZV8C,16.951,Low Fat,0.1653,household,178.81,STORE-DKU,30,,Tier_2,Standard Supermarket,1049.5
row_05447,PRD-NVJUUW,6.763,Regular,0.0876,Frozen Foods,107.14,STORE-OYG,25,,Tier_2,Standard Supermarket,2123.03
row_05448,PRD-J3GHQ5,9.454,Low Fat,0.0448,fruits and vegetables,91.09,STORE-9RG,28,Small,Tier_2,Standard Supermarket,2138.76
row_05450,PRD-IQ9LVF,19.65,Regular,0.1318,baking goods,47.21,STORE-JOR,34,,Tier_3,Corner Shop,149.87
row_05452,PRD-U0COJB,9.288,Low Fat,0.0671,frozen foods,184.82,STORE-AGY,45,Large,Tier_3,Standard Supermarket,2324.73
row_05453,PRD-1APTC7,,Low Fat,0.0583,HEALTH AND HYGIENE,113.23,STORE-7WS,47,Medium,Tier_3,Flagship Hypermarket,4442.45
row_05455,PRD-UOG5JV,9.528,Low Fat,0.0427,Snack Foods,211.54,STORE-JOR,34,,Tier_3,Corner Shop,419.27
row_05456,PRD-0MUOHU,17.35,Low Fat,0.0,Breads,85.52,STORE-89Z,33,Medium,Tier_1,Standard Supermarket,1922.7
row_05458,PRD-R4VXL5,,Low Fat,0.0633,baking goods,231.07,STORE-T5G,47,Small,Tier_1,Corner Shop,704.83
row_05460,PRD-Z4T48O,10.341,Regular,0.0116,Snack Foods,88.47,STORE-OYG,25,,Tier_2,Standard Supermarket,2341.32
row_05461,PRD-NY1QEG,9.384,Low Fat,0.0389,Frozen Foods,63.9,STORE-OYG,25,,Tier_2,Standard Supermarket,1554.16
row_05464,PRD-S668FR,18.562,Low Fat,0.0944,Others,183.19,STORE-YLW,35,Small,Tier_1,Standard Supermarket,1747.15
row_05465,PRD-AK1VRJ,5.932,Regular,0.0072,SOFT DRINKS,189.07,STORE-9RG,28,Small,Tier_2,Standard Supermarket,571.84
row_05466,PRD-3UEA3G,15.346,Low Fat,0.1597,DAIRY,37.69,STORE-DKU,30,,Tier_2,Standard Supermarket,1036.94
row_05467,PRD-IHO2KG,13.609,Regular,0.0806,frozen foods,264.85,STORE-OYG,25,,Tier_2,Standard Supermarket,3016.87
row_05468,PRD-C3Y7HA,16.817,Low Fat,0.0205,FRUITS AND VEGETABLES,51.43,STORE-OYG,25,,Tier_2,Standard Supermarket,1288.77
row_05469,PRD-N5F62D,17.367,Low Fat,0.0,Frozen Foods,265.53,STORE-AGY,45,Large,Tier_3,Standard Supermarket,3401.38
row_05470,PRD-I7OGZA,,Low Fat,0.0503,Household,195.62,STORE-OYG,25,,Tier_2,Standard Supermarket,2408.55
row_05471,PRD-PGDZ95,14.132,Low Fat,0.1336,Frozen Foods,84.92,STORE-YLW,35,Small,Tier_1,Standard Supermarket,1189.33
row_05472,PRD-PGDZ95,13.91,Low Fat,0.1264,Frozen Foods,87.14,STORE-9RG,28,Small,Tier_2,Standard Supermarket,1013.02
row_05473,PRD-6YLBXP,,Regular,0.143,CANNED,258.91,STORE-7WS,47,Medium,Tier_3,Flagship Hypermarket,1377.26
row_05474,PRD-KL9Z6V,17.953,Low Fat,0.2627,fruits and vegetables,38.72,STORE-JOR,34,,Tier_3,Corner Shop,104.53
row_05475,PRD-CFDOOB,9.264,Regular,0.1276,FRUITS AND VEGETABLES,98.03,STORE-YLW,35,Small,Tier_1,Standard Supermarket,829.39
row_05477,PRD-D5KXKQ,20.242,Low Fat,0.0533,seafood,201.62,STORE-YLW,35,Small,Tier_1,Standard Supermarket,6393.58
row_05478,PRD-P1LPTS,17.355,Low Fat,0.1187,Household,254.15,STORE-89Z,33,Medium,Tier_1,Standard Supermarket,5877.57
row_05479,PRD-4JXFPK,,Low Fat,0.1751,dairy,52.82,STORE-7WS,47,Medium,Tier_3,Flagship Hypermarket,1038.98
row_05480,PRD-40V1GK,17.076,Low Fat,0.0264,Snack Foods,249.7,STORE-OYG,25,,Tier_2,Standard Supermarket,3701.0
row_05481,PRD-63RMAJ,18.924,Low Fat,0.0163,household,179.81,STORE-AGY,45,Large,Tier_3,Standard Supermarket,3893.01
row_05482,PRD-EQUA7O,11.711,Regular,0.0267,Meat,99.4,STORE-OYG,25,,Tier_2,Standard Supermarket,1007.11
row_05483,PRD-44P39J,11.301,Regular,0.066,Frozen Foods,249.75,STORE-89Z,33,Medium,Tier_1,Standard Supermarket,2237.08
row_05484,PRD-FVHC3D,,Low Fat,0.074,seafood,34.72,STORE-7WS,47,Medium,Tier_3,Flagship Hypermarket,1220.44
row_05487,PRD-KD6FLE,15.969,Low Fat,0.0378,Soft Drinks,187.91,STORE-JOR,34,,Tier_3,Corner Shop,199.31
row_05488,PRD-YL84PO,9.259,Regular,0.0137,snack foods,197.62,STORE-OYG,25,,Tier_2,Standard Supermarket,3505.68
row_05489,PRD-8JU6OJ,14.348,Low Fat,0.1272,BAKING GOODS,76.6,STORE-OYG,25,,Tier_2,Standard Supermarket,226.15
row_05490,PRD-7ZGA6X,,Low Fat,0.0766,BAKING GOODS,88.8,STORE-7WS,47,Medium,Tier_3,Flagship Hypermarket,1459.68
row_05491,PRD-6JKLOQ,10.83,Low Fat,0.1817,Baking Goods,159.91,STORE-AGY,45,Large,Tier_3,Standard Supermarket,1839.88
row_05492,PRD-RUC70S,,Low Fat,0.0124,Household,166.63,STORE-7WS,47,Medium,Tier_3,Flagship Hypermarket,5433.85
row_05494,PRD-QWRZFX,,Regular,0.0,Baking Goods,123.95,STORE-T5G,47,Small,Tier_1,Corner Shop,120.86
row_05495,PRD-TXA99J,11.892,Regular,0.0097,SNACK FOODS,228.58,STORE-9RG,28,Small,Tier_2,Standard Supermarket,1820.4
row_05496,PRD-IMV03J,,Regular,0.1177,Snack Foods,262.18,STORE-T5G,47,Small,Tier_1,Corner Shop,776.19
row_05497,PRD-GZGU9E,12.955,Low Fat,0.0997,dairy,223.74,STORE-AGY,45,Large,Tier_3,Standard Supermarket,5667.84
row_05498,PRD-EOGKKC,14.248,Low Fat,0.0,OTHERS,54.16,STORE-9RG,28,Small,Tier_2,Standard Supermarket,1103.0
row_05499,PRD-GW4LDH,9.821,Low Fat,0.0895,health and hygiene,142.99,STORE-AGY,45,Large,Tier_3,Standard Supermarket,3023.06
row_05500,PRD-J0KX9K,9.802,Low Fat,0.0,FRUITS AND VEGETABLES,173.48,STORE-89Z,33,Medium,Tier_1,Standard Supermarket,3903.37
row_05501,PRD-MELISH,7.142,Low Fat,0.0288,snack foods,147.52,STORE-9RG,28,Small,Tier_2,Standard Supermarket,1686.07
row_05502,PRD-2RL15F,9.914,Low Fat,0.183,Hard Drinks,110.97,STORE-JOR,34,,Tier_3,Corner Shop,114.49
row_05503,PRD-SB61LG,20.725,Regular,0.0482,Fruits and Vegetables,186.08,STORE-AGY,45,Large,Tier_3,Standard Supermarket,1706.89
row_05509,PRD-AVC2UI,,Regular,0.1119,fruits and vegetables,195.14,STORE-7WS,47,Medium,Tier_3,Flagship Hypermarket,5870.89
row_05510,PRD-5EX41Q,5.603,Regular,0.0171,Baking Goods,177.77,STORE-DKU,30,,Tier_2,Standard Supermarket,3059.24
row_05511,PRD-57923T,11.504,Regular,0.1097,DAIRY,223.18,STORE-AGY,45,Large,Tier_3,Standard Supermarket,3115.65
row_05512,PRD-RLM5MP,,Regular,0.0538,breads,102.6,STORE-7WS,47,Medium,Tier_3,Flagship Hypermarket,2044.21
row_05513,PRD-8Q2Y4P,8.957,Regular,0.0661,breakfast,55.47,STORE-DKU,30,,Tier_2,Standard Supermarket,388.27
row_05514,PRD-TZXI9C,18.018,Low Fat,0.1071,Snack Foods,165.12,STORE-9RG,28,Small,Tier_2,Standard Supermarket,4144.18
row_05515,PRD-4I42AF,,Low Fat,0.1209,STARCHY FOODS,205.09,STORE-7WS,47,Medium,Tier_3,Flagship Hypermarket,4448.19
row_05516,PRD-82BCVD,19.751,Regular,0.0624,Fruits and Vegetables,126.55,STORE-9RG,28,Small,Tier_2,Standard Supermarket,3485.47
row_05517,PRD-JJTFPH,9.557,Low Fat,0.0736,hard drinks,181.16,STORE-9RG,28,Small,Tier_2,Standard Supermarket,3088.64
row_05518,PRD-UIB5SQ,10.186,Low Fat,0.0265,Meat,75.22,STORE-9RG,28,Small,Tier_2,Standard Supermarket,1761.1
row_05519,PRD-OGHEXC,10.914,Low Fat,0.0576,HEALTH AND HYGIENE,102.55,STORE-9RG,28,Small,Tier_2,Standard Supermarket,1444.1
row_05520,PRD-1GXI9D,12.951,Low Fat,0.037,FROZEN FOODS,179.92,STORE-89Z,33,Medium,Tier_1,Standard Supermarket,2467.86
row_05521,PRD-MSND8D,8.782,Low Fat,0.0375,SOFT DRINKS,35.56,STORE-89Z,33,Medium,Tier_1,Standard Supermarket,759.39
row_05522,PRD-LIGYU6,18.982,Regular,0.1415,Snack Foods,249.85,STORE-OYG,25,,Tier_2,Standard Supermarket,3002.02
row_05523,PRD-3FFZLS,20.158,Low Fat,0.0242,FRUITS AND VEGETABLES,123.71,STORE-AGY,45,Large,Tier_3,Standard Supermarket,3034.05
row_05524,PRD-YDT7CU,14.892,Regular,0.0661,Breads,265.47,STORE-9RG,28,Small,Tier_2,Standard Supermarket,3015.56
row_05525,PRD-CFDOOB,,Regular,0.1252,Fruits and Vegetables,99.34,STORE-7WS,47,Medium,Tier_3,Flagship Hypermarket,2677.96
row_05526,PRD-0MUOHU,,Low Fat,0.0934,Breads,82.81,STORE-T5G,47,Small,Tier_1,Corner Shop,259.82
row_05527,PRD-O0V3Z0,19.718,Regular,0.107,CANNED,96.74,STORE-HL7,23,Medium,Tier_3,Superstore,680.96
row_05529,PRD-0HHXSC,21.283,Low Fat,0.0259,Household,74.99,STORE-AGY,45,Large,Tier_3,Standard Supermarket,1018.9
row_05531,PRD-9STG4E,13.737,Regular,0.0147,Canned,92.2,STORE-9RG,28,Small,Tier_2,Standard Supermarket,2197.16
row_05532,PRD-EPMKVT,20.245,Low Fat,0.0,HEALTH AND HYGIENE,61.67,STORE-JOR,34,,Tier_3,Corner Shop,184.69
row_05533,PRD-PX2TN7,12.414,Low Fat,0.1783,baking goods,36.57,STORE-JOR,34,,Tier_3,Corner Shop,171.57
row_05534,PRD-UBXCU2,8.823,Low Fat,0.0187,Household,164.38,STORE-9RG,28,Small,Tier_2,Standard Supermarket,4195.47
row_05535,PRD-W3QN3T,15.852,Low Fat,0.0412,snack foods,138.56,STORE-9RG,28,Small,Tier_2,Standard Supermarket,4511.14
row_05536,PRD-TZXI9C,17.648,Low Fat,0.1029,snack foods,161.74,STORE-OYG,25,,Tier_2,Standard Supermarket,3162.08
row_05537,PRD-57923T,11.815,Regular,0.1111,Dairy,215.91,STORE-9RG,28,Small,Tier_2,Standard Supermarket,4238.97
row_05538,PRD-ZM7AEF,4.555,Regular,0.0357,FROZEN FOODS,112.38,STORE-9RG,28,Small,Tier_2,Standard Supermarket,1707.71
row_05539,PRD-7Q94JB,15.067,Regular,0.0673,Frozen Foods,147.31,STORE-AGY,45,Large,Tier_3,Standard Supermarket,3555.48
row_05540,PRD-NSQDTZ,18.033,Low Fat,0.0491,SNACK FOODS,115.17,STORE-89Z,33,Medium,Tier_1,Standard Supermarket,1644.61
row_05541,PRD-ATSWZZ,10.696,Low Fat,0.0,HOUSEHOLD,119.24,STORE-AGY,45,Large,Tier_3,Standard Supermarket,2321.99
row_05542,PRD-49DBZ7,,Low Fat,0.2943,Snack Foods,103.11,STORE-T5G,47,Small,Tier_1,Corner Shop,207.23
row_05543,PRD-45H02C,,Regular,0.0304,CANNED,61.59,STORE-7WS,47,Medium,Tier_3,Flagship Hypermarket,1601.3
row_05544,PRD-FYZF7M,14.801,Low Fat,0.0925,Health and Hygiene,156.37,STORE-YLW,35,Small,Tier_1,Standard Supermarket,2660.96
row_05545,PRD-Y0IY1L,8.469,Low Fat,0.0314,Snack Foods,180.48,STORE-OYG,25,,Tier_2,Standard Supermarket,3818.48
row_05547,PRD-4TFZC6,9.505,Low Fat,0.0,Fruits and Vegetables,182.83,STORE-9RG,28,Small,Tier_2,Standard Supermarket,2505.54
row_05548,PRD-ZLVU35,13.601,Low Fat,0.0,Breads,227.85,STORE-89Z,33,Medium,Tier_1,Standard Supermarket,4626.51
row_05549,PRD-FGGUXT,5.496,Regular,0.0548,snack foods,61.4,STORE-AGY,45,Large,Tier_3,Standard Supermarket,646.02
row_05550,PRD-58L9K5,17.749,Low Fat,0.104,STARCHY FOODS,169.22,STORE-JOR,34,,Tier_3,Corner Shop,169.74
row_05551,PRD-MHLD93,6.132,Low Fat,0.1309,Canned,213.12,STORE-9RG,28,Small,Tier_2,Standard Supermarket,2376.59
row_05552,PRD-UWE98S,7.694,Low Fat,0.0,Frozen Foods,239.7,STORE-9RG,28,Small,Tier_2,Standard Supermarket,1138.56
row_05553,PRD-U1OJA0,13.076,Low Fat,0.0456,BREADS,216.47,STORE-9RG,28,Small,Tier_2,Standard Supermarket,3557.66
row_05554,PRD-CVFJDR,15.964,Regular,0.0092,meat,206.63,STORE-OYG,25,,Tier_2,Standard Supermarket,5494.22
row_05555,PRD-DK2043,19.911,Regular,0.0147,dairy,194.69,STORE-AGY,45,Large,Tier_3,Standard Supermarket,3577.11
row_05557,PRD-PCUYHY,14.796,Low Fat,0.0965,baking goods,154.26,STORE-HL7,23,Medium,Tier_3,Superstore,4655.14
row_05558,PRD-CEM9N4,11.885,Low Fat,0.1304,Frozen Foods,239.79,STORE-HL7,23,Medium,Tier_3,Superstore,4454.28
row_05559,PRD-5UL5NW,6.845,Low Fat,0.05,Dairy,84.6,STORE-YLW,35,Small,Tier_1,Standard Supermarket,1121.48
row_05560,PRD-7XB2JA,7.838,Low Fat,0.0321,HOUSEHOLD,154.68,STORE-JOR,34,,Tier_3,Corner Shop,1061.22
row_05561,PRD-48PPNK,18.346,Low Fat,0.016,HEALTH AND HYGIENE,129.34,STORE-OYG,25,,Tier_2,Standard Supermarket,3101.97
row_05564,PRD-A8C4XU,14.774,Regular,0.0,meat,241.39,STORE-89Z,33,Medium,Tier_1,Standard Supermarket,1939.75
row_05565,PRD-X7AKU0,9.772,Low Fat,0.0734,Health and Hygiene,117.0,STORE-YLW,35,Small,Tier_1,Standard Supermarket,2646.93
row_05566,PRD-Y2YYF8,8.383,Low Fat,0.0795,baking goods,147.9,STORE-OYG,25,,Tier_2,Standard Supermarket,1989.88
row_05567,PRD-WTOOBM,17.819,Low Fat,0.0949,soft drinks,167.33,STORE-OYG,25,,Tier_2,Standard Supermarket,2442.58
row_05568,PRD-MHVK3Q,14.82,Low Fat,0.0,Fruits and Vegetables,50.7,STORE-DKU,30,,Tier_2,Standard Supermarket,875.81
row_05569,PRD-5FDHJK,6.867,Low Fat,0.0754,soft drinks,93.13,STORE-OYG,25,,Tier_2,Standard Supermarket,1402.44
row_05570,PRD-PKL0BL,5.909,Low Fat,0.0141,SOFT DRINKS,147.89,STORE-DKU,30,,Tier_2,Standard Supermarket,2267.97
row_05571,PRD-1HOH9O,15.012,Low Fat,0.0257,household,190.81,STORE-9RG,28,Small,Tier_2,Standard Supermarket,1593.12
row_05573,PRD-6RNJLK,19.562,Low Fat,0.0331,BAKING GOODS,45.09,STORE-OYG,25,,Tier_2,Standard Supermarket,496.2
row_05574,PRD-NCP2VI,17.236,Low Fat,0.0196,health and hygiene,237.74,STORE-OYG,25,,Tier_2,Standard Supermarket,3057.36
row_05575,PRD-Q8LYYX,11.474,Regular,0.0753,Frozen Foods,170.52,STORE-HL7,23,Medium,Tier_3,Superstore,4365.0
row_05576,PRD-DFNIAJ,4.861,Low Fat,0.0931,Breads,120.86,STORE-9RG,28,Small,Tier_2,Standard Supermarket,2470.99
row_05577,PRD-58L9K5,18.416,Low Fat,0.0627,STARCHY FOODS,164.79,STORE-AGY,45,Large,Tier_3,Standard Supermarket,1189.32
row_05578,PRD-M2PZNT,,Low Fat,0.0333,Others,166.29,STORE-T5G,47,Small,Tier_1,Corner Shop,812.53
row_05579,PRD-9Q4JNA,20.311,Low Fat,0.0661,Snack Foods,254.01,STORE-OYG,25,,Tier_2,Standard Supermarket,5577.92
row_05581,PRD-R5JEK1,,Regular,0.0593,snack foods,118.57,STORE-T5G,47,Small,Tier_1,Corner Shop,115.4
row_05582,PRD-TQ9DZG,8.361,Low Fat,0.0307,Fruits and Vegetables,39.06,STORE-AGY,45,Large,Tier_3,Standard Supermarket,270.78
row_05583,PRD-J0G50R,,Low Fat,0.0647,Canned,88.88,STORE-7WS,47,Medium,Tier_3,Flagship Hypermarket,2177.57
row_05584,PRD-S3JKV0,13.487,Regular,0.0661,dairy,57.24,STORE-YLW,35,Small,Tier_1,Standard Supermarket,358.29
row_05585,PRD-HLJ2XL,18.992,Low Fat,0.0353,MEAT,59.32,STORE-9RG,28,Small,Tier_2,Standard Supermarket,1172.43
row_05586,PRD-G3QWQF,20.985,Regular,0.0813,BAKING GOODS,96.79,STORE-YLW,35,Small,Tier_1,Standard Supermarket,1748.29
row_05587,PRD-8449K6,17.594,Regular,0.0,Fruits and Vegetables,203.37,STORE-89Z,33,Medium,Tier_1,Standard Supermarket,5174.25
row_05588,PRD-IWSPFB,5.555,Regular,0.0252,Meat,105.38,STORE-YLW,35,Small,Tier_1,Standard Supermarket,3089.01
row_05589,PRD-0DTSNL,,Low Fat,0.032,Household,98.33,STORE-7WS,47,Medium,Tier_3,Flagship Hypermarket,2080.28
row_05591,PRD-HEZ5ED,17.038,Low Fat,0.1367,Hard Drinks,168.53,STORE-OYG,25,,Tier_2,Standard Supermarket,4213.97
row_05592,PRD-00CVW9,7.542,Regular,0.075,Breads,79.46,STORE-HL7,23,Medium,Tier_3,Superstore,834.54
row_05595,PRD-30DM7X,,Regular,0.1126,SOFT DRINKS,44.03,STORE-7WS,47,Medium,Tier_3,Flagship Hypermarket,813.26
row_05596,PRD-T0HICC,13.346,Low Fat,0.1179,Snack Foods,187.99,STORE-DKU,30,,Tier_2,Standard Supermarket,4551.73
row_05598,PRD-BH7RPX,4.971,Low Fat,0.0335,household,162.38,STORE-DKU,30,,Tier_2,Standard Supermarket,2547.76
row_05599,PRD-X5SMJY,18.9,Low Fat,0.0349,Household,216.65,STORE-OYG,25,,Tier_2,Standard Supermarket,6024.85
row_05600,PRD-5FVDDW,9.059,Regular,0.033,Meat,151.71,STORE-DKU,30,,Tier_2,Standard Supermarket,2370.71
row_05603,PRD-P1LPTS,16.737,Low Fat,0.1119,household,260.44,STORE-OYG,25,,Tier_2,Standard Supermarket,3668.09
row_05604,PRD-AQNCDZ,13.016,Regular,0.0245,Canned,208.26,STORE-JOR,34,,Tier_3,Corner Shop,649.99
row_05606,PRD-YKZ3FQ,14.829,Low Fat,0.0698,Health and Hygiene,130.52,STORE-DKU,30,,Tier_2,Standard Supermarket,1705.11
row_05607,PRD-TC2QWF,15.217,Regular,0.1584,Canned,190.06,STORE-9RG,28,Small,Tier_2,Standard Supermarket,1760.32
row_05608,PRD-PJGDSY,6.14,Low Fat,0.1361,SNACK FOODS,154.2,STORE-89Z,33,Medium,Tier_1,Standard Supermarket,1271.88
row_05609,PRD-N2T3QH,10.936,Low Fat,0.0576,Fruits and Vegetables,62.19,STORE-YLW,35,Small,Tier_1,Standard Supermarket,446.69
row_05610,PRD-T6T18U,12.14,Low Fat,0.0304,Canned,73.74,STORE-AGY,45,Large,Tier_3,Standard Supermarket,2311.81
row_05611,PRD-9FUYAS,8.855,Regular,0.076,Frozen Foods,106.49,STORE-9RG,28,Small,Tier_2,Standard Supermarket,1664.04
row_05612,PRD-3IZLX3,,Regular,0.1425,FRUITS AND VEGETABLES,93.02,STORE-7WS,47,Medium,Tier_3,Flagship Hypermarket,2038.57
row_05613,PRD-CLVEHR,15.658,Regular,0.1542,Frozen Foods,32.32,STORE-9RG,28,Small,Tier_2,Standard Supermarket,1020.14
row_05614,PRD-TW0A9P,12.923,Regular,0.0822,canned,194.19,STORE-AGY,45,Large,Tier_3,Standard Supermarket,4299.66
row_05615,PRD-S3EOQM,7.747,Low Fat,0.1677,Hard Drinks,143.3,STORE-89Z,33,Medium,Tier_1,Standard Supermarket,2451.11
row_05616,PRD-KV05SZ,19.405,Low Fat,0.0886,Hard Drinks,130.09,STORE-HL7,23,Medium,Tier_3,Superstore,1257.57
row_05617,PRD-78ZC9Y,16.947,Low Fat,0.0575,dairy,213.26,STORE-89Z,33,Medium,Tier_1,Standard Supermarket,1057.06
row_05618,PRD-XWMUWB,,Low Fat,0.0341,Snack Foods,177.43,STORE-7WS,47,Medium,Tier_3,Flagship Hypermarket,6126.98
row_05619,PRD-VGA3ZI,,Low Fat,0.026,health and hygiene,143.81,STORE-7WS,47,Medium,Tier_3,Flagship Hypermarket,3606.62
row_05620,PRD-IQ9LVF,19.118,Regular,0.0835,Baking Goods,48.9,STORE-OYG,25,,Tier_2,Standard Supermarket,743.92
row_05621,PRD-YW8YG4,,Low Fat,0.0678,FROZEN FOODS,261.8,STORE-7WS,47,Medium,Tier_3,Flagship Hypermarket,3482.19
row_05622,PRD-T2XRGI,,Regular,0.0071,STARCHY FOODS,168.75,STORE-7WS,47,Medium,Tier_3,Flagship Hypermarket,1273.7
row_05624,PRD-Y7T0DJ,13.717,Low Fat,0.1285,FRUITS AND VEGETABLES,85.28,STORE-9RG,28,Small,Tier_2,Standard Supermarket,2478.71
row_05626,PRD-5UL5NW,6.994,Low Fat,0.0,DAIRY,82.06,STORE-OYG,25,,Tier_2,Standard Supermarket,1430.15
row_05627,PRD-4RQYWN,16.293,Low Fat,0.0,Household,128.21,STORE-OYG,25,,Tier_2,Standard Supermarket,2077.7
row_05628,PRD-64DI7N,19.906,Regular,0.0527,FROZEN FOODS,147.0,STORE-AGY,45,Large,Tier_3,Standard Supermarket,2773.92
row_05629,PRD-0GW31G,,Regular,0.0082,Frozen Foods,80.83,STORE-7WS,47,Medium,Tier_3,Flagship Hypermarket,2204.52
row_05631,PRD-5094DF,7.097,Low Fat,0.0178,frozen foods,161.01,STORE-HL7,23,Medium,Tier_3,Superstore,2340.77
row_05632,PRD-ESG687,17.961,Low Fat,0.2922,DAIRY,156.72,STORE-JOR,34,,Tier_3,Corner Shop,300.63
row_05633,PRD-SNF69T,8.744,Low Fat,0.0211,HOUSEHOLD,54.83,STORE-JOR,34,,Tier_3,Corner Shop,286.11
row_05634,PRD-IPH6H7,5.826,Low Fat,0.0421,Fruits and Vegetables,149.43,STORE-DKU,30,,Tier_2,Standard Supermarket,3242.85
row_05635,PRD-3EHIB4,,Low Fat,0.0459,CANNED,251.17,STORE-7WS,47,Medium,Tier_3,Flagship Hypermarket,8247.44
row_05636,PRD-4TK3B3,,Regular,0.0,FROZEN FOODS,134.3,STORE-7WS,47,Medium,Tier_3,Flagship Hypermarket,5817.26
row_05637,PRD-9KE7J2,,Low Fat,0.0821,Breads,176.9,STORE-89Z,33,Medium,Tier_1,Standard Supermarket,3324.26
row_05638,PRD-3SY670,6.789,Regular,0.1411,Snack Foods,197.99,STORE-DKU,30,,Tier_2,Standard Supermarket,4241.47
row_05639,PRD-G9LC5B,18.966,Low Fat,0.1092,Household,32.92,STORE-HL7,23,Medium,Tier_3,Superstore,421.62
row_05641,PRD-GBYJDD,,Low Fat,0.0157,FRUITS AND VEGETABLES,182.3,STORE-7WS,47,Medium,Tier_3,Flagship Hypermarket,5105.62
row_05642,PRD-0U9DAQ,5.915,Low Fat,0.0901,Frozen Foods,153.37,STORE-OYG,25,,Tier_2,Standard Supermarket,3719.78
row_05643,PRD-YUG5GN,12.08,Low Fat,0.0,Fruits and Vegetables,47.36,STORE-JOR,34,,Tier_3,Corner Shop,234.3
row_05645,PRD-ITAZVY,13.296,Low Fat,0.0663,Frozen Foods,46.71,STORE-HL7,23,Medium,Tier_3,Superstore,463.42
row_05647,PRD-JLD0TT,12.431,Low Fat,0.0236,dairy,36.94,STORE-YLW,35,Small,Tier_1,Standard Supermarket,417.17
row_05648,PRD-Q9AH8R,10.643,Low Fat,0.0594,Dairy,232.03,STORE-89Z,33,Medium,Tier_1,Standard Supermarket,2896.45
row_05649,PRD-H4PNZP,18.132,Regular,0.0118,Fruits and Vegetables,56.14,STORE-AGY,45,Large,Tier_3,Standard Supermarket,1438.14
row_05650,PRD-WJRNZT,16.62,Low Fat,0.0397,household,164.92,STORE-9RG,28,Small,Tier_2,Standard Supermarket,4971.31
row_05651,PRD-07NNDG,9.666,Regular,0.0482,Frozen Foods,262.86,STORE-DKU,30,,Tier_2,Standard Supermarket,9072.04
row_05652,PRD-EWB9HJ,7.39,Low Fat,0.0347,health and hygiene,178.4,STORE-HL7,23,Medium,Tier_3,Superstore,1440.18
row_05653,PRD-W80O9D,18.117,Low Fat,0.081,Frozen Foods,224.14,STORE-AGY,45,Large,Tier_3,Standard Supermarket,4377.24
row_05654,PRD-I1E9QQ,7.678,Low Fat,0.1798,Household,258.59,STORE-HL7,23,Medium,Tier_3,Superstore,3672.45
row_05656,PRD-MMSLOQ,11.882,Low Fat,0.0634,Others,247.63,STORE-OYG,25,,Tier_2,Standard Supermarket,4964.76
row_05657,PRD-EVFXVR,14.373,Low Fat,0.0817,HOUSEHOLD,165.29,STORE-89Z,33,Medium,Tier_1,Standard Supermarket,6902.25
row_05659,PRD-1ZL2WT,,Regular,0.0738,Fruits and Vegetables,151.92,STORE-T5G,47,Small,Tier_1,Corner Shop,462.0
row_05660,PRD-C8MXAU,9.099,Regular,0.0462,Frozen Foods,50.93,STORE-OYG,25,,Tier_2,Standard Supermarket,861.32
row_05661,PRD-85W6UY,,Low Fat,0.185,FRUITS AND VEGETABLES,99.44,STORE-7WS,47,Medium,Tier_3,Flagship Hypermarket,2589.84
row_05662,PRD-6192K4,15.644,Low Fat,0.1045,SOFT DRINKS,56.78,STORE-HL7,23,Medium,Tier_3,Superstore,699.71
row_05663,PRD-A0BO8W,9.141,Regular,0.0405,Baking Goods,211.88,STORE-AGY,45,Large,Tier_3,Standard Supermarket,2323.07
row_05664,PRD-PQNOMP,17.465,Low Fat,0.0539,Baking Goods,104.49,STORE-OYG,25,,Tier_2,Standard Supermarket,1568.45
row_05665,PRD-ZXY5TE,12.697,Low Fat,0.0419,household,110.29,STORE-HL7,23,Medium,Tier_3,Superstore,1622.78
row_05666,PRD-8SEN50,12.736,Low Fat,0.0952,others,106.73,STORE-HL7,23,Medium,Tier_3,Superstore,1107.96
row_05668,PRD-XSDJWS,,Low Fat,0.0865,Frozen Foods,193.04,STORE-7WS,47,Medium,Tier_3,Flagship Hypermarket,6155.79
row_05669,PRD-HVVZBL,19.178,Regular,0.0705,Dairy,118.66,STORE-DKU,30,,Tier_2,Standard Supermarket,3493.68
row_05670,PRD-4WYJ9D,,Low Fat,0.0702,Fruits and Vegetables,109.91,STORE-7WS,47,Medium,Tier_3,Flagship Hypermarket,1280.92
row_05671,PRD-9WWKQF,,Low Fat,0.0702,Canned,151.13,STORE-7WS,47,Medium,Tier_3,Flagship Hypermarket,5117.81
row_05672,PRD-MHBMBN,9.713,Regular,0.0371,Snack Foods,125.23,STORE-YLW,35,Small,Tier_1,Standard Supermarket,625.21
row_05673,PRD-OGYR3X,17.947,Low Fat,0.0376,Soft Drinks,188.51,STORE-OYG,25,,Tier_2,Standard Supermarket,3372.62
row_05674,PRD-6NJ4OG,,Low Fat,0.111,Snack Foods,157.44,STORE-7WS,47,Medium,Tier_3,Flagship Hypermarket,2775.69
row_05675,PRD-4HX6BQ,9.824,Low Fat,0.042,CANNED,117.35,STORE-JOR,34,,Tier_3,Corner Shop,113.18
row_05676,PRD-FIFS27,18.13,Low Fat,0.0523,HOUSEHOLD,122.3,STORE-AGY,45,Large,Tier_3,Standard Supermarket,1403.61
row_05677,PRD-0X3FG6,21.127,Regular,0.0962,fruits and vegetables,124.92,STORE-89Z,33,Medium,Tier_1,Standard Supermarket,1295.18
row_05678,PRD-N0RSKQ,15.396,Low Fat,0.0,Snack Foods,198.89,STORE-AGY,45,Large,Tier_3,Standard Supermarket,3266.48
row_05680,PRD-GZ27FH,16.458,Low Fat,0.104,Canned,100.92,STORE-JOR,34,,Tier_3,Corner Shop,391.01
row_05681,PRD-3KI24S,,Low Fat,0.0278,household,183.03,STORE-T5G,47,Small,Tier_1,Corner Shop,570.08
row_05682,PRD-8LMN4R,15.33,Low Fat,0.0522,SOFT DRINKS,45.12,STORE-AGY,45,Large,Tier_3,Standard Supermarket,875.91
row_05683,PRD-33VFUM,17.286,Low Fat,0.0534,Health and Hygiene,127.03,STORE-HL7,23,Medium,Tier_3,Superstore,1193.99
row_05684,PRD-KYKIRT,8.06,Low Fat,0.1315,Fruits and Vegetables,217.28,STORE-AGY,45,Large,Tier_3,Standard Supermarket,3760.01
row_05685,PRD-VOYP59,,Regular,0.1232,Fruits and Vegetables,182.33,STORE-7WS,47,Medium,Tier_3,Flagship Hypermarket,7382.73
row_05686,PRD-YROQ4H,11.52,Low Fat,0.0231,health and hygiene,178.71,STORE-89Z,33,Medium,Tier_1,Standard Supermarket,523.55
row_05688,PRD-4ILMK5,17.622,Low Fat,0.0788,Health and Hygiene,158.8,STORE-9RG,28,Small,Tier_2,Standard Supermarket,1570.63
row_05689,PRD-D7M46B,6.802,Low Fat,0.0212,Household,35.38,STORE-AGY,45,Large,Tier_3,Standard Supermarket,983.31
row_05690,PRD-ZJZCZV,8.419,Low Fat,0.0397,Snack Foods,100.99,STORE-HL7,23,Medium,Tier_3,Superstore,1691.43
row_05691,PRD-78TW48,9.241,Regular,0.0113,Snack Foods,187.1,STORE-9RG,28,Small,Tier_2,Standard Supermarket,2493.37
row_05692,PRD-D6O9YZ,11.018,Regular,0.0487,Baking Goods,39.15,STORE-YLW,35,Small,Tier_1,Standard Supermarket,721.07
row_05693,PRD-BHKJ25,20.899,Low Fat,0.1187,Baking Goods,108.95,STORE-HL7,23,Medium,Tier_3,Superstore,428.55
row_05694,PRD-KB5FAA,9.852,Regular,0.0285,Snack Foods,252.4,STORE-DKU,30,,Tier_2,Standard Supermarket,4105.89
row_05696,PRD-P2F8UZ,,Low Fat,0.0528,Household,192.14,STORE-7WS,47,Medium,Tier_3,Flagship Hypermarket,4618.75
row_05697,PRD-L1A5P6,16.795,Regular,0.0725,Dairy,121.06,STORE-JOR,34,,Tier_3,Corner Shop,124.89
row_05698,PRD-M58TL5,7.518,Low Fat,0.0855,FROZEN FOODS,53.69,STORE-JOR,34,,Tier_3,Corner Shop,233.49
row_05699,PRD-VG0CH2,12.766,Regular,0.0605,Frozen Foods,102.11,STORE-YLW,35,Small,Tier_1,Standard Supermarket,1988.42
row_05700,PRD-1ZL2WT,14.003,Regular,0.0,fruits and vegetables,152.53,STORE-89Z,33,Medium,Tier_1,Standard Supermarket,3092.25
row_05701,PRD-0B58ST,16.364,Regular,0.008,CANNED,103.38,STORE-OYG,25,,Tier_2,Standard Supermarket,1525.9
row_05702,PRD-5N8I4P,11.829,Low Fat,0.1305,Dairy,96.47,STORE-YLW,35,Small,Tier_1,Standard Supermarket,976.81
row_05703,PRD-CM8SJU,20.545,Low Fat,0.0231,OTHERS,154.0,STORE-89Z,33,Medium,Tier_1,Standard Supermarket,2379.23
row_05704,PRD-H0JJGG,19.065,Low Fat,0.1075,FROZEN FOODS,103.64,STORE-OYG,25,,Tier_2,Standard Supermarket,1565.93
row_05706,PRD-9RHIGZ,7.832,Low Fat,0.0623,Snack Foods,99.05,STORE-HL7,23,Medium,Tier_3,Superstore,1922.76
row_05708,PRD-6852FC,11.882,Low Fat,0.0171,Hard Drinks,175.37,STORE-9RG,28,Small,Tier_2,Standard Supermarket,3838.56
row_05709,PRD-CHPZ5T,19.412,Low Fat,0.0171,health and hygiene,207.12,STORE-89Z,33,Medium,Tier_1,Standard Supermarket,2595.95
row_05710,PRD-QPT16H,12.256,Low Fat,0.0156,HOUSEHOLD,166.84,STORE-OYG,25,,Tier_2,Standard Supermarket,3207.45
row_05712,PRD-TKLX6O,14.276,Low Fat,0.0209,Fruits and Vegetables,120.52,STORE-YLW,35,Small,Tier_1,Standard Supermarket,2593.95
row_05713,PRD-58L9K5,18.056,Low Fat,0.0592,starchy foods,166.91,STORE-OYG,25,,Tier_2,Standard Supermarket,1008.94
row_05714,PRD-YM6IER,7.505,Regular,0.0507,FRUITS AND VEGETABLES,124.59,STORE-JOR,34,,Tier_3,Corner Shop,124.14
row_05715,PRD-U0COJB,,Low Fat,0.1224,Frozen Foods,181.88,STORE-T5G,47,Small,Tier_1,Corner Shop,363.77
row_05717,PRD-A0BO8W,9.143,Regular,0.0399,Baking Goods,210.64,STORE-89Z,33,Medium,Tier_1,Standard Supermarket,5387.65
row_05719,PRD-2460MA,18.97,Low Fat,0.0533,health and hygiene,195.47,STORE-89Z,33,Medium,Tier_1,Standard Supermarket,6941.16
row_05720,PRD-3IZLX3,18.095,Regular,0.1393,Fruits and Vegetables,86.67,STORE-YLW,35,Small,Tier_1,Standard Supermarket,824.22
row_05721,PRD-A0R0L9,14.42,Regular,0.0392,Frozen Foods,158.1,STORE-89Z,33,Medium,Tier_1,Standard Supermarket,4299.49
row_05722,PRD-RJ6GD2,11.839,Low Fat,0.0084,health and hygiene,117.49,STORE-HL7,23,Medium,Tier_3,Superstore,1689.49
row_05723,PRD-X4KNSF,16.208,Low Fat,0.0384,household,183.85,STORE-YLW,35,Small,Tier_1,Standard Supermarket,1237.92
row_05724,PRD-53EF9P,12.076,Low Fat,0.029,household,153.2,STORE-89Z,33,Medium,Tier_1,Standard Supermarket,1157.94
row_05726,PRD-IQK291,10.689,Low Fat,0.0198,Soft Drinks,185.51,STORE-AGY,45,Large,Tier_3,Standard Supermarket,6662.59
row_05727,PRD-1Z14YA,12.734,Low Fat,0.1297,meat,105.23,STORE-HL7,23,Medium,Tier_3,Superstore,512.82
row_05730,PRD-5BFZ63,18.557,Low Fat,0.1392,canned,166.03,STORE-89Z,33,Medium,Tier_1,Standard Supermarket,4207.04
row_05731,PRD-L8WU3R,19.214,Regular,0.0186,snack foods,111.14,STORE-OYG,25,,Tier_2,Standard Supermarket,2959.13
row_05733,PRD-B7ITAT,11.709,Low Fat,0.0,Baking Goods,146.3,STORE-HL7,23,Medium,Tier_3,Superstore,1754.66
row_05734,PRD-IJOTIN,17.94,Low Fat,0.0676,Frozen Foods,151.35,STORE-DKU,30,,Tier_2,Standard Supermarket,4544.74
row_05735,PRD-RVU8FI,14.145,Low Fat,0.1878,Soft Drinks,83.69,STORE-9RG,28,Small,Tier_2,Standard Supermarket,1578.0
row_05736,PRD-43Z5TX,6.147,Low Fat,0.0242,FRUITS AND VEGETABLES,158.06,STORE-DKU,30,,Tier_2,Standard Supermarket,1840.19
row_05737,PRD-LAVSML,11.788,Low Fat,0.0,FRUITS AND VEGETABLES,182.53,STORE-9RG,28,Small,Tier_2,Standard Supermarket,3025.95
row_05739,PRD-5FVDDW,9.465,Regular,0.0329,MEAT,157.08,STORE-9RG,28,Small,Tier_2,Standard Supermarket,4653.12
row_05740,PRD-PQJ1YE,7.419,Regular,0.0199,CANNED,93.57,STORE-OYG,25,,Tier_2,Standard Supermarket,834.95
row_05743,PRD-RD47WO,,Regular,0.1108,Snack Foods,175.09,STORE-OYG,25,,Tier_2,Standard Supermarket,2784.76
row_05744,PRD-2G2HFD,9.834,Low Fat,0.0,Household,167.22,STORE-9RG,28,Small,Tier_2,Standard Supermarket,4368.84
row_05745,PRD-JOYJNE,17.331,Low Fat,0.0444,Dairy,176.48,STORE-HL7,23,Medium,Tier_3,Superstore,4524.17
row_05746,PRD-UPQZIT,7.068,Low Fat,0.0731,Soft Drinks,115.82,STORE-YLW,35,Small,Tier_1,Standard Supermarket,2545.34
row_05747,PRD-JOYJNE,,Low Fat,0.0441,Dairy,171.74,STORE-7WS,47,Medium,Tier_3,Flagship Hypermarket,6031.73
row_05748,PRD-8KE2WT,16.254,Regular,0.0813,Frozen Foods,124.6,STORE-JOR,34,,Tier_3,Corner Shop,359.6
row_05749,PRD-ONGWUL,,Low Fat,0.0398,HOUSEHOLD,253.38,STORE-7WS,47,Medium,Tier_3,Flagship Hypermarket,6356.08
row_05750,PRD-EMDJNI,16.132,Low Fat,0.0204,Household,43.17,STORE-OYG,25,,Tier_2,Standard Supermarket,607.82
row_05751,PRD-57923T,,Regular,0.1049,dairy,222.87,STORE-7WS,47,Medium,Tier_3,Flagship Hypermarket,1573.49
row_05752,PRD-7CG8W1,19.805,Regular,0.0305,Canned,85.37,STORE-HL7,23,Medium,Tier_3,Superstore,2221.15
row_05754,PRD-GZ0C99,9.858,Regular,0.0255,Meat,246.45,STORE-JOR,34,,Tier_3,Corner Shop,721.47
row_05755,PRD-N0RSKQ,15.277,Low Fat,0.172,Snack Foods,190.92,STORE-DKU,30,,Tier_2,Standard Supermarket,4627.38
row_05757,PRD-UX01UP,10.675,Low Fat,0.0297,snack foods,242.05,STORE-DKU,30,,Tier_2,Standard Supermarket,8714.71
row_05759,PRD-PTOMJB,8.035,Low Fat,0.0,soft drinks,175.58,STORE-HL7,23,Medium,Tier_3,Superstore,5733.06
row_05760,PRD-L3H73U,,Low Fat,0.0589,SNACK FOODS,115.8,STORE-7WS,47,Medium,Tier_3,Flagship Hypermarket,4342.62
row_05761,PRD-OGYR3X,17.659,Low Fat,0.0381,SOFT DRINKS,189.64,STORE-YLW,35,Small,Tier_1,Standard Supermarket,2263.92
row_05762,PRD-0T2RJM,7.761,Low Fat,0.033,canned,114.02,STORE-OYG,25,,Tier_2,Standard Supermarket,2603.76
row_05764,PRD-6D4HQC,6.889,Low Fat,0.0887,SNACK FOODS,109.15,STORE-HL7,23,Medium,Tier_3,Superstore,1026.42
row_05765,PRD-N64XL2,20.418,Regular,0.1121,DAIRY,92.5,STORE-89Z,33,Medium,Tier_1,Standard Supermarket,1250.94
row_05766,PRD-EPWUKF,,Low Fat,0.1787,Baking Goods,48.04,STORE-T5G,47,Small,Tier_1,Corner Shop,135.49
row_05767,PRD-U58FLM,4.731,Low Fat,0.1384,BREADS,123.23,STORE-9RG,28,Small,Tier_2,Standard Supermarket,1600.75
row_05768,PRD-OOBWF4,15.793,Low Fat,0.0146,Frozen Foods,37.99,STORE-OYG,25,,Tier_2,Standard Supermarket,778.01
row_05769,PRD-9WHSBP,18.709,Regular,0.0578,Frozen Foods,81.84,STORE-89Z,33,Medium,Tier_1,Standard Supermarket,2498.86
row_05770,PRD-48C6WZ,,Regular,0.0344,FRUITS AND VEGETABLES,61.9,STORE-T5G,47,Small,Tier_1,Corner Shop,60.92
row_05771,PRD-1FT8J9,11.943,Low Fat,0.0,HEALTH AND HYGIENE,229.14,STORE-HL7,23,Medium,Tier_3,Superstore,5636.22
row_05772,PRD-UHT6T0,15.963,Low Fat,0.0327,Soft Drinks,72.84,STORE-DKU,30,,Tier_2,Standard Supermarket,884.41
row_05773,PRD-JGLNR2,,Regular,0.0201,snack foods,162.34,STORE-T5G,47,Small,Tier_1,Corner Shop,320.58
row_05775,PRD-41CMGC,7.318,Low Fat,0.0419,fruits and vegetables,231.34,STORE-DKU,30,,Tier_2,Standard Supermarket,471.74
row_05776,PRD-FHG8KS,19.929,Low Fat,0.1114,Household,126.21,STORE-89Z,33,Medium,Tier_1,Standard Supermarket,1169.08
row_05777,PRD-FIFS27,17.784,Low Fat,0.0521,Household,129.84,STORE-9RG,28,Small,Tier_2,Standard Supermarket,1785.25
row_05779,PRD-6BH3LL,17.548,Low Fat,0.0773,Baking Goods,111.4,STORE-89Z,33,Medium,Tier_1,Standard Supermarket,2464.97
row_05780,PRD-8DPOY7,12.526,Low Fat,0.0069,household,42.86,STORE-AGY,45,Large,Tier_3,Standard Supermarket,624.42
row_05782,PRD-LYF3YR,,Low Fat,0.0109,Household,162.59,STORE-T5G,47,Small,Tier_1,Corner Shop,861.29
row_05783,PRD-LFS04I,10.532,Regular,0.0115,Snack Foods,75.28,STORE-89Z,33,Medium,Tier_1,Standard Supermarket,1464.91
row_05784,PRD-J10FFD,8.294,Low Fat,0.0135,Household,141.24,STORE-OYG,25,,Tier_2,Standard Supermarket,2664.76
row_05785,PRD-X7Z97Z,8.939,Low Fat,0.0886,Household,52.51,STORE-DKU,30,,Tier_2,Standard Supermarket,1012.29
row_05787,PRD-H4PNZP,18.541,Regular,0.0117,FRUITS AND VEGETABLES,61.33,STORE-HL7,23,Medium,Tier_3,Superstore,653.9
row_05788,PRD-JWTV3N,10.35,Low Fat,0.0514,FROZEN FOODS,88.88,STORE-YLW,35,Small,Tier_1,Standard Supermarket,1034.61
row_05789,PRD-B7ITAT,11.446,Low Fat,0.0,BAKING GOODS,155.3,STORE-9RG,28,Small,Tier_2,Standard Supermarket,290.45
row_05790,PRD-EWQGAD,,Regular,0.0552,canned,190.03,STORE-T5G,47,Small,Tier_1,Corner Shop,1288.54
row_05791,PRD-P1PFDI,17.982,Low Fat,0.1093,OTHERS,110.25,STORE-AGY,45,Large,Tier_3,Standard Supermarket,997.04
row_05792,PRD-MECOSF,5.846,Regular,0.0194,Soft Drinks,50.86,STORE-AGY,45,Large,Tier_3,Standard Supermarket,612.38
row_05794,PRD-YLAH3X,14.928,Low Fat,0.0324,HOUSEHOLD,109.47,STORE-9RG,28,Small,Tier_2,Standard Supermarket,1918.82
row_05795,PRD-1RDEZX,13.18,Low Fat,0.0762,DAIRY,232.25,STORE-9RG,28,Small,Tier_2,Standard Supermarket,2832.37
row_05797,PRD-QCMSWD,8.748,Low Fat,0.009,FROZEN FOODS,101.86,STORE-9RG,28,Small,Tier_2,Standard Supermarket,2261.08
row_05798,PRD-9FUYAS,9.092,Regular,0.0776,frozen foods,114.96,STORE-OYG,25,,Tier_2,Standard Supermarket,1220.79
row_05799,PRD-4GPYWS,14.38,Low Fat,0.0311,FRUITS AND VEGETABLES,215.39,STORE-YLW,35,Small,Tier_1,Standard Supermarket,1114.11
row_05801,PRD-Z5LSCA,7.909,Low Fat,0.0349,Dairy,124.64,STORE-DKU,30,,Tier_2,Standard Supermarket,3627.95
row_05802,PRD-BJD8BL,9.857,Regular,0.0539,BREADS,85.04,STORE-AGY,45,Large,Tier_3,Standard Supermarket,771.33
row_05803,PRD-4GPYWS,,Low Fat,0.0509,FRUITS AND VEGETABLES,219.72,STORE-T5G,47,Small,Tier_1,Corner Shop,220.76
row_05804,PRD-V94X2H,14.549,Low Fat,0.0,Snack Foods,245.9,STORE-DKU,30,,Tier_2,Standard Supermarket,696.93
row_05807,PRD-U652FY,8.873,Regular,0.0283,canned,165.46,STORE-9RG,28,Small,Tier_2,Standard Supermarket,1992.52
row_05808,PRD-NMIC1F,,Regular,0.0755,snack foods,103.38,STORE-T5G,47,Small,Tier_1,Corner Shop,211.48
row_05810,PRD-54S8AG,18.061,Regular,0.1758,DAIRY,113.41,STORE-89Z,33,Medium,Tier_1,Standard Supermarket,1998.76
row_05811,PRD-1GAGQO,12.474,Low Fat,0.057,Seafood,51.94,STORE-9RG,28,Small,Tier_2,Standard Supermarket,457.88
row_05812,PRD-1L8SUG,,Regular,0.0566,Starchy Foods,65.98,STORE-DKU,30,,Tier_2,Standard Supermarket,1053.99
row_05813,PRD-ORDJGF,19.898,Low Fat,0.0054,Dairy,258.15,STORE-OYG,25,,Tier_2,Standard Supermarket,6089.19
row_05814,PRD-08S1A7,11.765,Low Fat,0.0721,fruits and vegetables,185.91,STORE-AGY,45,Large,Tier_3,Standard Supermarket,2952.18
row_05815,PRD-7U00JT,8.026,Low Fat,0.0218,Seafood,108.82,STORE-HL7,23,Medium,Tier_3,Superstore,1853.97
row_05817,PRD-J51IFI,11.946,Low Fat,0.0356,BREADS,161.27,STORE-JOR,34,,Tier_3,Corner Shop,329.5
row_05818,PRD-55LOSM,7.593,Low Fat,0.021,snack foods,246.93,STORE-HL7,23,Medium,Tier_3,Superstore,986.28
row_05819,PRD-TW0A9P,,Regular,0.084,CANNED,196.62,STORE-7WS,47,Medium,Tier_3,Flagship Hypermarket,5833.63
row_05820,PRD-AANYGU,,Low Fat,0.0337,snack foods,166.13,STORE-7WS,47,Medium,Tier_3,Flagship Hypermarket,4796.51
row_05821,PRD-DH3TKZ,,Regular,0.0302,Dairy,88.47,STORE-7WS,47,Medium,Tier_3,Flagship Hypermarket,3369.39
row_05822,PRD-YM6IER,7.348,Regular,0.0314,FRUITS AND VEGETABLES,125.42,STORE-89Z,33,Medium,Tier_1,Standard Supermarket,2769.57
row_05823,PRD-AAFH5J,20.793,Low Fat,0.0197,Fruits and Vegetables,88.72,STORE-YLW,35,Small,Tier_1,Standard Supermarket,530.43
row_05824,PRD-4IHRV7,,Regular,0.0758,meat,185.42,STORE-T5G,47,Small,Tier_1,Corner Shop,552.48
row_05825,PRD-1GP1Z7,10.799,Regular,0.0896,Snack Foods,215.63,STORE-DKU,30,,Tier_2,Standard Supermarket,3443.18
row_05826,PRD-Z4T48O,,Regular,0.011,snack foods,86.37,STORE-7WS,47,Medium,Tier_3,Flagship Hypermarket,2097.32
row_05827,PRD-L532UU,17.491,Low Fat,0.0316,Dairy,256.35,STORE-89Z,33,Medium,Tier_1,Standard Supermarket,3143.52
row_05828,PRD-R4VXL5,,Low Fat,0.0366,Baking Goods,226.2,STORE-7WS,47,Medium,Tier_3,Flagship Hypermarket,6162.24
row_05829,PRD-86HF4I,,Low Fat,0.0833,MEAT,256.98,STORE-7WS,47,Medium,Tier_3,Flagship Hypermarket,9192.48
row_05830,PRD-Q4MPR9,9.905,Low Fat,0.0301,snack foods,158.81,STORE-DKU,30,,Tier_2,Standard Supermarket,1005.92
row_05832,PRD-QE536X,7.378,Low Fat,0.0926,FRUITS AND VEGETABLES,92.64,STORE-YLW,35,Small,Tier_1,Standard Supermarket,1712.19
row_05834,PRD-N6HW1H,12.51,Regular,0.0652,STARCHY FOODS,90.22,STORE-AGY,45,Large,Tier_3,Standard Supermarket,1996.53
row_05835,PRD-D7J32F,7.091,Low Fat,0.0836,Fruits and Vegetables,143.11,STORE-89Z,33,Medium,Tier_1,Standard Supermarket,2492.91
row_05837,PRD-70LKLF,16.19,Regular,0.0673,Canned,105.52,STORE-OYG,25,,Tier_2,Standard Supermarket,1572.26
row_05838,PRD-Y0PRZV,6.488,Regular,0.0761,Breads,143.88,STORE-YLW,35,Small,Tier_1,Standard Supermarket,1631.93
row_05839,PRD-DV8A43,7.844,Regular,0.135,SNACK FOODS,47.84,STORE-9RG,28,Small,Tier_2,Standard Supermarket,1520.42
row_05841,PRD-T83Z0P,18.927,Regular,0.0886,MEAT,181.98,STORE-OYG,25,,Tier_2,Standard Supermarket,1945.36
row_05842,PRD-1QW65X,6.092,Low Fat,0.0891,Household,126.36,STORE-YLW,35,Small,Tier_1,Standard Supermarket,514.17
row_05843,PRD-M0ZQ63,10.354,Low Fat,0.0722,Dairy,269.98,STORE-YLW,35,Small,Tier_1,Standard Supermarket,4135.3
row_05844,PRD-QK31H5,16.309,Low Fat,0.0346,Fruits and Vegetables,261.17,STORE-OYG,25,,Tier_2,Standard Supermarket,2557.97
row_05845,PRD-K6I2KL,,Regular,0.0148,Snack Foods,185.65,STORE-7WS,47,Medium,Tier_3,Flagship Hypermarket,2955.55
row_05846,PRD-53EF9P,12.021,Low Fat,0.0296,HOUSEHOLD,153.67,STORE-YLW,35,Small,Tier_1,Standard Supermarket,2266.85
row_05848,PRD-C2W953,17.597,Regular,0.0401,Snack Foods,96.92,STORE-OYG,25,,Tier_2,Standard Supermarket,1576.23
row_05850,PRD-3IZLX3,17.925,Regular,0.1416,FRUITS AND VEGETABLES,88.88,STORE-AGY,45,Large,Tier_3,Standard Supermarket,1494.31
row_05852,PRD-WOLYTS,12.318,Regular,0.0409,fruits and vegetables,122.53,STORE-AGY,45,Large,Tier_3,Standard Supermarket,4921.49
row_05853,PRD-8DPOY7,12.472,Low Fat,0.007,Household,40.28,STORE-9RG,28,Small,Tier_2,Standard Supermarket,537.61
row_05854,PRD-45BA89,10.785,Regular,0.0,FROZEN FOODS,157.78,STORE-89Z,33,Medium,Tier_1,Standard Supermarket,618.48
row_05855,PRD-1H8OJR,8.194,Low Fat,0.0713,hard drinks,35.49,STORE-9RG,28,Small,Tier_2,Standard Supermarket,548.12
row_05856,PRD-VN11V8,11.089,Low Fat,0.0606,FRUITS AND VEGETABLES,146.77,STORE-YLW,35,Small,Tier_1,Standard Supermarket,1805.0
row_05857,PRD-S1AWP0,15.615,Low Fat,0.1209,Frozen Foods,79.1,STORE-89Z,33,Medium,Tier_1,Standard Supermarket,1100.33
row_05858,PRD-QCMSWD,,Low Fat,0.009,FROZEN FOODS,96.1,STORE-7WS,47,Medium,Tier_3,Flagship Hypermarket,2816.5
row_05859,PRD-CETEN7,6.755,Regular,0.1173,BAKING GOODS,41.14,STORE-AGY,45,Large,Tier_3,Standard Supermarket,564.56
row_05860,PRD-MVV44C,11.56,Regular,0.0678,Meat,226.88,STORE-9RG,28,Small,Tier_2,Standard Supermarket,2807.49
row_05861,PRD-HFH2XF,15.116,Regular,0.046,breads,108.01,STORE-DKU,30,,Tier_2,Standard Supermarket,3094.51
row_05862,PRD-QLQCG1,8.361,Low Fat,0.0233,soft drinks,108.51,STORE-HL7,23,Medium,Tier_3,Superstore,952.74
row_05863,PRD-WEWPGV,14.883,Low Fat,0.2075,snack foods,224.02,STORE-JOR,34,,Tier_3,Corner Shop,878.62
row_05865,PRD-QKDZ1Q,16.38,Regular,0.0646,fruits and vegetables,228.0,STORE-OYG,25,,Tier_2,Standard Supermarket,7306.66
row_05866,PRD-Q2RPUV,8.389,Low Fat,0.0336,Health and Hygiene,142.72,STORE-OYG,25,,Tier_2,Standard Supermarket,2171.99
row_05867,PRD-Y7CQKD,13.582,Regular,0.1037,fruits and vegetables,76.66,STORE-JOR,34,,Tier_3,Corner Shop,220.17
row_05868,PRD-1APTC7,19.694,Low Fat,0.0596,health and hygiene,112.8,STORE-HL7,23,Medium,Tier_3,Superstore,895.42
row_05869,PRD-2BSMEB,,Low Fat,0.0649,Baking Goods,47.49,STORE-T5G,47,Small,Tier_1,Corner Shop,46.69
row_05871,PRD-ZMEPGT,7.779,Low Fat,0.0624,SOFT DRINKS,98.08,STORE-9RG,28,Small,Tier_2,Standard Supermarket,1485.72
row_05872,PRD-8MVMVQ,8.701,Low Fat,0.0,Household,114.96,STORE-9RG,28,Small,Tier_2,Standard Supermarket,1567.86
row_05873,PRD-VLUDBJ,5.782,Regular,0.0414,SNACK FOODS,184.44,STORE-9RG,28,Small,Tier_2,Standard Supermarket,2053.02
row_05874,PRD-YX3CXX,,Low Fat,0.0461,BREADS,58.33,STORE-7WS,47,Medium,Tier_3,Flagship Hypermarket,1140.35
row_05875,PRD-NNQFKP,14.794,Low Fat,0.1077,SOFT DRINKS,35.94,STORE-YLW,35,Small,Tier_1,Standard Supermarket,1201.06
row_05879,PRD-5OIBGD,,Low Fat,0.1866,Snack Foods,155.8,STORE-T5G,47,Small,Tier_1,Corner Shop,309.86
row_05880,PRD-FHKP7I,,Regular,0.0121,canned,166.9,STORE-7WS,47,Medium,Tier_3,Flagship Hypermarket,2933.87
row_05881,PRD-MHZN3M,17.574,Low Fat,0.0163,Meat,144.14,STORE-DKU,30,,Tier_2,Standard Supermarket,1861.45
row_05884,PRD-DZ26FO,11.824,Low Fat,0.0,CANNED,173.9,STORE-89Z,33,Medium,Tier_1,Standard Supermarket,2031.9
row_05885,PRD-CP4E30,6.138,Low Fat,0.0228,Dairy,175.36,STORE-YLW,35,Small,Tier_1,Standard Supermarket,5009.6
row_05886,PRD-9ROJVZ,7.947,Regular,0.0848,frozen foods,59.07,STORE-HL7,23,Medium,Tier_3,Superstore,354.45
row_05887,PRD-D8LKB5,16.943,Low Fat,0.0429,SNACK FOODS,192.89,STORE-DKU,30,,Tier_2,Standard Supermarket,2715.51
row_05888,PRD-3IMLYS,,Regular,0.0222,fruits and vegetables,246.82,STORE-7WS,47,Medium,Tier_3,Flagship Hypermarket,5737.35
row_05889,PRD-1EYY37,15.224,Low Fat,0.0498,soft drinks,61.27,STORE-9RG,28,Small,Tier_2,Standard Supermarket,772.84
row_05890,PRD-TT69UA,7.368,Low Fat,0.0535,Canned,123.72,STORE-HL7,23,Medium,Tier_3,Superstore,2456.31
row_05891,PRD-THLXJ6,12.644,Low Fat,0.1255,snack foods,44.63,STORE-89Z,33,Medium,Tier_1,Standard Supermarket,630.84
row_05892,PRD-2MR4FX,18.126,Low Fat,0.0184,health and hygiene,94.97,STORE-OYG,25,,Tier_2,Standard Supermarket,788.7
row_05894,PRD-5Z8FE8,19.301,Low Fat,0.01,household,212.11,STORE-YLW,35,Small,Tier_1,Standard Supermarket,3092.7
row_05895,PRD-7B1U9E,10.615,Low Fat,0.0261,Household,170.2,STORE-OYG,25,,Tier_2,Standard Supermarket,3760.54
row_05896,PRD-RB4BUY,18.068,Regular,0.0417,Frozen Foods,166.86,STORE-OYG,25,,Tier_2,Standard Supermarket,1755.03
row_05897,PRD-8Q2Y4P,,Regular,0.1244,BREAKFAST,57.29,STORE-T5G,47,Small,Tier_1,Corner Shop,109.66
row_05898,PRD-GZCPKR,19.579,Low Fat,0.0148,HOUSEHOLD,58.85,STORE-AGY,45,Large,Tier_3,Standard Supermarket,337.68
row_05899,PRD-1FO2WB,8.309,Regular,0.0238,frozen foods,114.63,STORE-AGY,45,Large,Tier_3,Standard Supermarket,1372.13
row_05900,PRD-25KFBO,19.002,Regular,0.0263,FRUITS AND VEGETABLES,147.22,STORE-DKU,30,,Tier_2,Standard Supermarket,3634.61
row_05901,PRD-AHB3HN,10.138,Low Fat,0.1072,snack foods,59.02,STORE-89Z,33,Medium,Tier_1,Standard Supermarket,655.13
row_05902,PRD-OECBPM,18.561,Low Fat,0.0463,hard drinks,178.03,STORE-HL7,23,Medium,Tier_3,Superstore,2550.14
row_05903,PRD-A6X5Z0,18.301,Low Fat,0.0782,health and hygiene,93.95,STORE-89Z,33,Medium,Tier_1,Standard Supermarket,386.35
row_05904,PRD-G7JPM7,,Regular,0.011,Snack Foods,58.37,STORE-7WS,47,Medium,Tier_3,Flagship Hypermarket,768.37
row_05905,PRD-EMI6QW,12.031,Low Fat,0.0,household,117.4,STORE-HL7,23,Medium,Tier_3,Superstore,1462.88
row_05906,PRD-3IZLX3,18.445,Regular,0.1441,FRUITS AND VEGETABLES,91.93,STORE-89Z,33,Medium,Tier_1,Standard Supermarket,1923.73
row_05907,PRD-L8WU3R,18.902,Regular,0.018,SNACK FOODS,110.67,STORE-DKU,30,,Tier_2,Standard Supermarket,3003.4
row_05908,PRD-S4SJ2V,5.248,Regular,0.1354,dairy,53.21,STORE-OYG,25,,Tier_2,Standard Supermarket,1286.58
row_05909,PRD-1LWNLR,11.467,Low Fat,0.0592,baking goods,243.58,STORE-9RG,28,Small,Tier_2,Standard Supermarket,2144.21
row_05911,PRD-TIGUE8,15.014,Low Fat,0.0605,household,135.51,STORE-OYG,25,,Tier_2,Standard Supermarket,1684.95
row_05912,PRD-SUSDFO,5.282,Regular,0.0429,Baking Goods,161.04,STORE-HL7,23,Medium,Tier_3,Superstore,2306.11
row_05914,PRD-N7P05D,11.541,Regular,0.0236,DAIRY,178.09,STORE-9RG,28,Small,Tier_2,Standard Supermarket,7273.41
row_05917,PRD-MNUTT1,8.123,Low Fat,0.1961,CANNED,149.74,STORE-HL7,23,Medium,Tier_3,Superstore,2137.17
row_05918,PRD-LMEYSN,9.29,Low Fat,0.0098,Others,214.21,STORE-89Z,33,Medium,Tier_1,Standard Supermarket,4476.17
row_05919,PRD-S1R8NF,,Regular,0.0251,SNACK FOODS,77.86,STORE-7WS,47,Medium,Tier_3,Flagship Hypermarket,2211.58
row_05920,PRD-CX9J1I,,Low Fat,0.0938,soft drinks,170.86,STORE-7WS,47,Medium,Tier_3,Flagship Hypermarket,4377.79
row_05921,PRD-YY4QJ7,13.122,Regular,0.1154,Breads,143.19,STORE-HL7,23,Medium,Tier_3,Superstore,404.52
row_05922,PRD-1YKXQ9,18.574,Low Fat,0.0547,health and hygiene,110.15,STORE-OYG,25,,Tier_2,Standard Supermarket,1055.66
row_05923,PRD-GZCPKR,18.945,Low Fat,0.0143,HOUSEHOLD,54.82,STORE-OYG,25,,Tier_2,Standard Supermarket,560.32
row_05924,PRD-0TB4QO,,Regular,0.0912,SNACK FOODS,129.46,STORE-7WS,47,Medium,Tier_3,Flagship Hypermarket,3805.79
row_05926,PRD-0V6RAS,12.18,Regular,0.0522,FRUITS AND VEGETABLES,167.26,STORE-OYG,25,,Tier_2,Standard Supermarket,1769.85
row_05927,PRD-TGVS38,15.473,Regular,0.1018,DAIRY,64.7,STORE-OYG,25,,Tier_2,Standard Supermarket,1250.36
row_05928,PRD-1LYFSP,19.807,Low Fat,0.1764,fruits and vegetables,217.97,STORE-9RG,28,Small,Tier_2,Standard Supermarket,1804.42
row_05930,PRD-UC3160,17.449,Regular,0.0782,meat,115.08,STORE-AGY,45,Large,Tier_3,Standard Supermarket,2067.57
row_05931,PRD-2VTJXU,6.352,Low Fat,0.125,fruits and vegetables,45.33,STORE-DKU,30,,Tier_2,Standard Supermarket,811.28
row_05933,PRD-K3I8BZ,,Low Fat,0.1944,soft drinks,182.56,STORE-T5G,47,Small,Tier_1,Corner Shop,358.27
row_05934,PRD-4JP18M,18.384,Low Fat,0.0518,snack foods,124.42,STORE-OYG,25,,Tier_2,Standard Supermarket,2367.5
row_05936,PRD-OM3ZAQ,15.603,Regular,0.0293,snack foods,257.06,STORE-YLW,35,Small,Tier_1,Standard Supermarket,1263.01
row_05937,PRD-GD8AFP,19.211,Low Fat,0.0459,dairy,43.61,STORE-89Z,33,Medium,Tier_1,Standard Supermarket,234.03
row_05939,PRD-GD8AFP,19.32,Low Fat,0.0462,DAIRY,39.41,STORE-AGY,45,Large,Tier_3,Standard Supermarket,736.42
row_05940,PRD-3MS556,18.177,Regular,0.0382,baking goods,158.02,STORE-OYG,25,,Tier_2,Standard Supermarket,1426.65
row_05941,PRD-XMVMZH,14.645,Regular,0.0503,Meat,206.96,STORE-YLW,35,Small,Tier_1,Standard Supermarket,3756.37
row_05943,PRD-B7ITAT,11.425,Low Fat,0.1309,Baking Goods,148.87,STORE-AGY,45,Large,Tier_3,Standard Supermarket,1690.32
row_05944,PRD-ANNREG,19.183,Regular,0.036,Canned,141.73,STORE-9RG,28,Small,Tier_2,Standard Supermarket,1506.38
row_05945,PRD-O5ZFW1,5.462,Low Fat,0.0422,health and hygiene,167.32,STORE-AGY,45,Large,Tier_3,Standard Supermarket,2241.68
row_05946,PRD-2EZP7V,12.72,Low Fat,0.019,health and hygiene,99.0,STORE-DKU,30,,Tier_2,Standard Supermarket,1242.6
row_05947,PRD-0FOH3H,14.207,Regular,0.0294,Dairy,150.38,STORE-DKU,30,,Tier_2,Standard Supermarket,830.37
row_05948,PRD-4GYSMJ,9.123,Low Fat,0.1012,Household,210.47,STORE-DKU,30,,Tier_2,Standard Supermarket,1919.85
row_05949,PRD-PD4RXB,15.468,Regular,0.1178,Baking Goods,60.96,STORE-9RG,28,Small,Tier_2,Standard Supermarket,555.26
row_05952,PRD-U2ROEM,15.395,Regular,0.0855,Canned,211.03,STORE-9RG,28,Small,Tier_2,Standard Supermarket,3993.3
row_05953,PRD-8UHW94,5.788,Regular,0.031,Frozen Foods,99.09,STORE-9RG,28,Small,Tier_2,Standard Supermarket,508.58
row_05954,PRD-RWWK6P,,Low Fat,0.0235,Baking Goods,92.23,STORE-T5G,47,Small,Tier_1,Corner Shop,182.33
row_05955,PRD-IZED1I,16.214,Regular,0.0376,SNACK FOODS,151.88,STORE-AGY,45,Large,Tier_3,Standard Supermarket,5566.32
row_05956,PRD-76CI5F,10.272,Low Fat,0.0289,Health and Hygiene,150.89,STORE-YLW,35,Small,Tier_1,Standard Supermarket,1565.54
row_05957,PRD-7IOABT,,Low Fat,0.1522,FROZEN FOODS,148.89,STORE-T5G,47,Small,Tier_1,Corner Shop,306.37
row_05958,PRD-2P3YVB,,Low Fat,0.0444,soft drinks,184.1,STORE-7WS,47,Medium,Tier_3,Flagship Hypermarket,5991.07
row_05959,PRD-DP03EH,7.437,Low Fat,0.1667,DAIRY,206.59,STORE-AGY,45,Large,Tier_3,Standard Supermarket,2722.3
row_05960,PRD-N8W9UR,6.942,Low Fat,0.1464,canned,111.25,STORE-9RG,28,Small,Tier_2,Standard Supermarket,1198.64
row_05961,PRD-R2LIOG,,Low Fat,0.0605,dairy,145.91,STORE-HL7,23,Medium,Tier_3,Superstore,1848.69
row_05962,PRD-58L9K5,18.637,Low Fat,0.0,Starchy Foods,169.34,STORE-DKU,30,,Tier_2,Standard Supermarket,4653.66
row_05963,PRD-WKDRX0,15.902,Regular,0.0604,MEAT,43.88,STORE-AGY,45,Large,Tier_3,Standard Supermarket,172.94
row_05964,PRD-DJKDFR,,Low Fat,0.0245,Fruits and Vegetables,158.31,STORE-T5G,47,Small,Tier_1,Corner Shop,488.65
row_05966,PRD-58B6PJ,16.122,Regular,0.0637,Dairy,80.89,STORE-89Z,33,Medium,Tier_1,Standard Supermarket,885.9
row_05967,PRD-YP5JO3,,Regular,0.1236,dairy,212.97,STORE-T5G,47,Small,Tier_1,Corner Shop,227.57
row_05968,PRD-VW2RFX,6.4,Low Fat,0.0553,Dairy,179.92,STORE-HL7,23,Medium,Tier_3,Superstore,2230.73
row_05969,PRD-JRFCO7,9.287,Low Fat,0.1201,FROZEN FOODS,58.37,STORE-9RG,28,Small,Tier_2,Standard Supermarket,1831.64
row_05972,PRD-PCHMB2,13.426,Regular,0.0328,CANNED,97.86,STORE-89Z,33,Medium,Tier_1,Standard Supermarket,2135.44
row_05973,PRD-Z36JWB,9.398,Low Fat,0.0853,BAKING GOODS,104.99,STORE-OYG,25,,Tier_2,Standard Supermarket,2445.66
row_05974,PRD-KFRZWZ,,Low Fat,0.0683,meat,50.96,STORE-7WS,47,Medium,Tier_3,Flagship Hypermarket,1327.04
row_05975,PRD-0U2BL3,,Low Fat,0.1079,snack foods,142.26,STORE-7WS,47,Medium,Tier_3,Flagship Hypermarket,2767.46
row_05976,PRD-V14WZZ,17.927,Low Fat,0.0307,health and hygiene,199.52,STORE-HL7,23,Medium,Tier_3,Superstore,2760.68
row_05978,PRD-884JXZ,16.753,Low Fat,0.0328,frozen foods,144.78,STORE-YLW,35,Small,Tier_1,Standard Supermarket,1716.35
row_05983,PRD-4TMXDN,10.656,Regular,0.1404,breads,154.75,STORE-89Z,33,Medium,Tier_1,Standard Supermarket,3157.67
row_05984,PRD-78TW48,9.537,Regular,0.0104,SNACK FOODS,189.05,STORE-YLW,35,Small,Tier_1,Standard Supermarket,2098.68
row_05985,PRD-3I603D,17.53,Low Fat,0.0266,FROZEN FOODS,265.83,STORE-HL7,23,Medium,Tier_3,Superstore,4041.89
row_05987,PRD-XUIY0X,14.295,Low Fat,0.0415,STARCHY FOODS,181.24,STORE-YLW,35,Small,Tier_1,Standard Supermarket,2244.53
row_05988,PRD-TKLX6O,,Low Fat,0.0211,Fruits and Vegetables,128.73,STORE-7WS,47,Medium,Tier_3,Flagship Hypermarket,5266.45
row_05989,PRD-U438R9,10.906,Regular,0.0349,Frozen Foods,174.21,STORE-YLW,35,Small,Tier_1,Standard Supermarket,3471.23
row_05990,PRD-E5UPVR,17.172,Regular,0.0,Snack Foods,112.25,STORE-89Z,33,Medium,Tier_1,Standard Supermarket,2611.69
row_05991,PRD-C0AR0O,5.029,Regular,0.0281,Snack Foods,108.11,STORE-AGY,45,Large,Tier_3,Standard Supermarket,3421.62
row_05992,PRD-DTQLBZ,14.275,Regular,0.1234,BAKING GOODS,101.61,STORE-89Z,33,Medium,Tier_1,Standard Supermarket,2011.96
row_05993,PRD-R9OUDO,,Low Fat,0.0,SOFT DRINKS,89.11,STORE-7WS,47,Medium,Tier_3,Flagship Hypermarket,1329.1
row_05995,PRD-DJKDFR,18.086,Low Fat,0.0139,FRUITS AND VEGETABLES,153.95,STORE-AGY,45,Large,Tier_3,Standard Supermarket,4026.5
row_05997,PRD-FETZ47,9.72,Regular,0.0499,Starchy Foods,187.38,STORE-9RG,28,Small,Tier_2,Standard Supermarket,2008.75
row_05998,PRD-6192K4,,Low Fat,0.1121,Soft Drinks,60.02,STORE-7WS,47,Medium,Tier_3,Flagship Hypermarket,1288.2
row_05999,PRD-49DBZ7,10.664,Low Fat,0.163,Snack Foods,107.51,STORE-DKU,30,,Tier_2,Standard Supermarket,544.71
row_06003,PRD-JTGE75,6.592,Regular,0.0362,Breads,153.28,STORE-89Z,33,Medium,Tier_1,Standard Supermarket,1078.87
row_06004,PRD-DZVGPM,,Low Fat,0.0,Soft Drinks,151.82,STORE-7WS,47,Medium,Tier_3,Flagship Hypermarket,7474.65
row_06005,PRD-ZGIUDT,,Low Fat,0.1777,Health and Hygiene,115.56,STORE-T5G,47,Small,Tier_1,Corner Shop,115.79
row_06006,PRD-1HSPTH,15.587,Low Fat,0.1187,canned,135.51,STORE-9RG,28,Small,Tier_2,Standard Supermarket,2055.91
row_06007,PRD-PCHMB2,13.433,Regular,0.0327,canned,101.96,STORE-AGY,45,Large,Tier_3,Standard Supermarket,2585.59
row_06008,PRD-UI2QXL,9.441,Low Fat,0.1014,snack foods,102.66,STORE-9RG,28,Small,Tier_2,Standard Supermarket,1713.66
row_06009,PRD-OGP0MY,9.311,Regular,0.0863,Baking Goods,77.45,STORE-JOR,34,,Tier_3,Corner Shop,149.95
row_06010,PRD-PF322F,8.888,Low Fat,0.0719,BREAKFAST,177.2,STORE-89Z,33,Medium,Tier_1,Standard Supermarket,3573.1
row_06011,PRD-IHO2KG,13.45,Regular,0.08,Frozen Foods,262.64,STORE-9RG,28,Small,Tier_2,Standard Supermarket,2116.08
row_06013,PRD-FZ61II,10.189,Regular,0.1538,frozen foods,143.66,STORE-OYG,25,,Tier_2,Standard Supermarket,1655.32
row_06014,PRD-LU9AAE,,Low Fat,0.0644,Frozen Foods,157.43,STORE-7WS,47,Medium,Tier_3,Flagship Hypermarket,1803.55
row_06015,PRD-S0LI0X,10.383,Regular,0.0174,STARCHY FOODS,242.49,STORE-HL7,23,Medium,Tier_3,Superstore,3598.46
row_06016,PRD-JOYJNE,17.192,Low Fat,0.0422,Dairy,172.02,STORE-9RG,28,Small,Tier_2,Standard Supermarket,2119.09
row_06017,PRD-OW7SFQ,12.477,Low Fat,0.1108,fruits and vegetables,239.03,STORE-HL7,23,Medium,Tier_3,Superstore,2422.12
row_06018,PRD-OM3ZAQ,15.697,Regular,0.0298,Snack Foods,254.79,STORE-DKU,30,,Tier_2,Standard Supermarket,1509.9
row_06019,PRD-63RMAJ,19.104,Low Fat,0.015,Household,186.18,STORE-9RG,28,Small,Tier_2,Standard Supermarket,895.33
row_06020,PRD-ZTO1FG,14.015,Low Fat,0.1444,Dairy,260.57,STORE-9RG,28,Small,Tier_2,Standard Supermarket,8726.5
row_06021,PRD-3KSWI6,,Regular,0.0119,canned,187.86,STORE-7WS,47,Medium,Tier_3,Flagship Hypermarket,4585.77
row_06022,PRD-LZBZ98,18.437,Low Fat,0.1621,Health and Hygiene,44.27,STORE-89Z,33,Medium,Tier_1,Standard Supermarket,688.42
row_06024,PRD-RMB8Q9,10.37,Low Fat,0.0351,Health and Hygiene,87.53,STORE-HL7,23,Medium,Tier_3,Superstore,1245.83
row_06025,PRD-T2XRGI,21.361,Regular,0.0072,STARCHY FOODS,176.33,STORE-HL7,23,Medium,Tier_3,Superstore,1889.41
row_06026,PRD-7XB2JA,7.967,Low Fat,0.0205,HOUSEHOLD,160.6,STORE-89Z,33,Medium,Tier_1,Standard Supermarket,3412.0
row_06028,PRD-PSFZVE,17.288,Low Fat,0.0523,Snack Foods,101.05,STORE-9RG,28,Small,Tier_2,Standard Supermarket,1859.92
row_06029,PRD-8JU6OJ,14.055,Low Fat,0.1297,Baking Goods,76.64,STORE-YLW,35,Small,Tier_1,Standard Supermarket,1178.81
row_06030,PRD-4IHRV7,12.153,Regular,0.0406,MEAT,185.59,STORE-89Z,33,Medium,Tier_1,Standard Supermarket,2824.81
row_06031,PRD-EMI6QW,11.786,Low Fat,0.0282,household,115.3,STORE-DKU,30,,Tier_2,Standard Supermarket,999.84
row_06033,PRD-V3ISY0,11.224,Low Fat,0.0098,Health and Hygiene,50.25,STORE-HL7,23,Medium,Tier_3,Superstore,757.15
row_06034,PRD-KV05SZ,18.792,Low Fat,0.091,Hard Drinks,126.04,STORE-YLW,35,Small,Tier_1,Standard Supermarket,3778.79
row_06035,PRD-DK2043,20.696,Regular,0.0151,dairy,196.18,STORE-YLW,35,Small,Tier_1,Standard Supermarket,3122.07
row_06036,PRD-N64XL2,20.857,Regular,0.191,Dairy,93.46,STORE-JOR,34,,Tier_3,Corner Shop,197.42
row_06037,PRD-7F4S1U,7.615,Regular,0.1453,fruits and vegetables,172.63,STORE-AGY,45,Large,Tier_3,Standard Supermarket,3052.12
row_06038,PRD-GSTFS2,5.627,Low Fat,0.0157,frozen foods,84.47,STORE-89Z,33,Medium,Tier_1,Standard Supermarket,1463.15
row_06039,PRD-QEYOOU,18.709,Regular,0.0702,FROZEN FOODS,222.97,STORE-OYG,25,,Tier_2,Standard Supermarket,4914.4
row_06040,PRD-C3Y7HA,16.018,Low Fat,0.0335,FRUITS AND VEGETABLES,50.23,STORE-JOR,34,,Tier_3,Corner Shop,149.32
row_06041,PRD-GW4LDH,9.814,Low Fat,0.0875,HEALTH AND HYGIENE,145.49,STORE-89Z,33,Medium,Tier_1,Standard Supermarket,3734.19
row_06042,PRD-S57TCO,5.425,Regular,0.0507,baking goods,130.37,STORE-OYG,25,,Tier_2,Standard Supermarket,1507.62
row_06043,PRD-IMZXFQ,6.756,Low Fat,0.0226,Frozen Foods,265.36,STORE-HL7,23,Medium,Tier_3,Superstore,3558.76
row_06044,PRD-WTQX65,20.412,Low Fat,0.1002,Starchy Foods,228.67,STORE-YLW,35,Small,Tier_1,Standard Supermarket,886.03
row_06046,PRD-RJX4XT,17.484,Regular,0.0276,Canned,138.75,STORE-YLW,35,Small,Tier_1,Standard Supermarket,3251.29
row_06049,PRD-UDT59W,,Regular,0.0266,CANNED,92.52,STORE-7WS,47,Medium,Tier_3,Flagship Hypermarket,2525.58
row_06050,PRD-4TMXDN,10.474,Regular,0.1362,Breads,159.38,STORE-9RG,28,Small,Tier_2,Standard Supermarket,2264.63
row_06051,PRD-ORDJGF,19.993,Low Fat,0.0054,Dairy,269.61,STORE-89Z,33,Medium,Tier_1,Standard Supermarket,3184.84
row_06052,PRD-7CG8W1,19.821,Regular,0.0296,CANNED,86.21,STORE-DKU,30,,Tier_2,Standard Supermarket,2210.38
row_06054,PRD-884JXZ,16.844,Low Fat,0.0555,Frozen Foods,150.16,STORE-JOR,34,,Tier_3,Corner Shop,588.55
row_06055,PRD-ET6ZI7,17.225,Low Fat,0.1312,fruits and vegetables,111.36,STORE-9RG,28,Small,Tier_2,Standard Supermarket,1501.69
row_06056,PRD-5JACYR,7.491,Low Fat,0.0292,FRUITS AND VEGETABLES,39.88,STORE-DKU,30,,Tier_2,Standard Supermarket,547.41
row_06057,PRD-JN3LYX,14.465,Low Fat,0.1246,DAIRY,126.47,STORE-89Z,33,Medium,Tier_1,Standard Supermarket,2146.5
row_06058,PRD-9JRSNV,17.216,Low Fat,0.0382,soft drinks,162.06,STORE-OYG,25,,Tier_2,Standard Supermarket,1889.33
row_06059,PRD-49M5ZM,12.436,Low Fat,0.1042,Fruits and Vegetables,114.85,STORE-OYG,25,,Tier_2,Standard Supermarket,1991.62
row_06060,PRD-7VKBB8,20.003,Low Fat,0.0259,household,97.41,STORE-AGY,45,Large,Tier_3,Standard Supermarket,1945.51
row_06062,PRD-25OW9Y,11.818,Low Fat,0.0394,meat,61.26,STORE-89Z,33,Medium,Tier_1,Standard Supermarket,729.07
row_06064,PRD-MMSLOQ,,Low Fat,0.1089,others,258.42,STORE-T5G,47,Small,Tier_1,Corner Shop,781.3
row_06065,PRD-X4KNSF,16.366,Low Fat,0.0353,household,175.14,STORE-DKU,30,,Tier_2,Standard Supermarket,4018.8
row_06066,PRD-S4SJ2V,5.327,Regular,0.1406,dairy,53.49,STORE-YLW,35,Small,Tier_1,Standard Supermarket,835.16
row_06067,PRD-0PKUUM,7.377,Regular,0.2411,Starchy Foods,168.01,STORE-JOR,34,,Tier_3,Corner Shop,846.03
row_06068,PRD-32WT59,,Low Fat,0.1332,BAKING GOODS,178.01,STORE-T5G,47,Small,Tier_1,Corner Shop,184.51
row_06069,PRD-Q7WI57,10.191,Low Fat,0.0418,FRUITS AND VEGETABLES,39.49,STORE-AGY,45,Large,Tier_3,Standard Supermarket,942.77
row_06070,PRD-6Z6CCC,8.764,Low Fat,0.1211,canned,92.84,STORE-YLW,35,Small,Tier_1,Standard Supermarket,1006.67
row_06071,PRD-OF1GG2,13.782,Low Fat,0.0373,SNACK FOODS,183.01,STORE-YLW,35,Small,Tier_1,Standard Supermarket,1671.18
row_06073,PRD-NZLAXA,19.257,Low Fat,0.0409,Household,242.74,STORE-89Z,33,Medium,Tier_1,Standard Supermarket,5626.78
row_06074,PRD-IWHL8Z,7.555,Low Fat,0.0276,Canned,149.19,STORE-OYG,25,,Tier_2,Standard Supermarket,1927.66
row_06075,PRD-ZIFT9Y,15.276,Regular,0.0262,FRUITS AND VEGETABLES,101.41,STORE-89Z,33,Medium,Tier_1,Standard Supermarket,1290.38
row_06077,PRD-UE8YM7,21.057,Low Fat,0.0436,Dairy,177.16,STORE-YLW,35,Small,Tier_1,Standard Supermarket,1626.43
row_06078,PRD-L1A5P6,16.502,Regular,0.0437,Dairy,118.29,STORE-HL7,23,Medium,Tier_3,Superstore,1621.56
row_06079,PRD-L6H2NL,8.97,Low Fat,0.0821,Household,48.03,STORE-OYG,25,,Tier_2,Standard Supermarket,861.59
row_06080,PRD-4W0VUG,11.547,Low Fat,0.0518,HARD DRINKS,73.86,STORE-DKU,30,,Tier_2,Standard Supermarket,800.39
row_06081,PRD-SWX1JP,,Low Fat,0.0471,Baking Goods,103.92,STORE-7WS,47,Medium,Tier_3,Flagship Hypermarket,2228.27
row_06083,PRD-DI6SOU,6.7,Regular,0.0448,CANNED,157.46,STORE-OYG,25,,Tier_2,Standard Supermarket,885.35
row_06084,PRD-EGC2DP,6.776,Low Fat,0.0561,Snack Foods,218.55,STORE-89Z,33,Medium,Tier_1,Standard Supermarket,5811.28
row_06085,PRD-LIGYU6,19.142,Regular,0.1447,Snack Foods,247.8,STORE-AGY,45,Large,Tier_3,Standard Supermarket,3643.43
row_06086,PRD-28T7A9,14.615,Low Fat,0.0594,Dairy,158.48,STORE-AGY,45,Large,Tier_3,Standard Supermarket,1658.87
row_06087,PRD-LUJBU0,8.447,Regular,0.0484,baking goods,112.29,STORE-9RG,28,Small,Tier_2,Standard Supermarket,2334.03
row_06088,PRD-VTAQXP,6.094,Regular,0.0954,Dairy,44.94,STORE-9RG,28,Small,Tier_2,Standard Supermarket,301.59
row_06089,PRD-KXWNRE,8.198,Regular,0.0,soft drinks,126.24,STORE-DKU,30,,Tier_2,Standard Supermarket,722.12
row_06090,PRD-52DNR9,8.812,Regular,0.1176,soft drinks,120.58,STORE-AGY,45,Large,Tier_3,Standard Supermarket,1659.33
row_06091,PRD-54IKMO,12.72,Regular,0.1584,fruits and vegetables,241.7,STORE-YLW,35,Small,Tier_1,Standard Supermarket,3745.0
row_06092,PRD-UZET1P,13.332,Low Fat,0.0375,Fruits and Vegetables,170.9,STORE-OYG,25,,Tier_2,Standard Supermarket,2800.58
row_06093,PRD-T0HICC,13.763,Low Fat,0.1163,SNACK FOODS,193.09,STORE-89Z,33,Medium,Tier_1,Standard Supermarket,2518.8
row_06094,PRD-HFVMHX,8.132,Low Fat,0.0183,Health and Hygiene,244.55,STORE-OYG,25,,Tier_2,Standard Supermarket,6214.48
row_06095,PRD-ORDJGF,,Low Fat,0.0053,DAIRY,266.13,STORE-7WS,47,Medium,Tier_3,Flagship Hypermarket,3297.11
row_06096,PRD-YE19ES,10.397,Regular,0.1223,Dairy,124.82,STORE-HL7,23,Medium,Tier_3,Superstore,2254.43
row_06099,PRD-25KFBO,19.419,Regular,0.0252,fruits and vegetables,151.49,STORE-OYG,25,,Tier_2,Standard Supermarket,3001.53
row_06100,PRD-D8LKB5,,Low Fat,0.0778,snack foods,186.39,STORE-T5G,47,Small,Tier_1,Corner Shop,1182.58
row_06101,PRD-J5S6R0,18.974,Regular,0.0466,DAIRY,147.79,STORE-YLW,35,Small,Tier_1,Standard Supermarket,2229.65
row_06102,PRD-GZGU9E,13.351,Low Fat,0.1004,dairy,224.64,STORE-OYG,25,,Tier_2,Standard Supermarket,2590.58
row_06103,PRD-WTOOBM,,Low Fat,0.164,Soft Drinks,177.21,STORE-T5G,47,Small,Tier_1,Corner Shop,344.1
row_06104,PRD-RYI0M7,10.771,Low Fat,0.0695,FROZEN FOODS,123.57,STORE-89Z,33,Medium,Tier_1,Standard Supermarket,1431.32
row_06105,PRD-1QV3CG,8.457,Regular,0.0388,Fruits and Vegetables,190.29,STORE-YLW,35,Small,Tier_1,Standard Supermarket,1992.96
row_06107,PRD-7Q94JB,,Regular,0.0,frozen foods,143.85,STORE-7WS,47,Medium,Tier_3,Flagship Hypermarket,5366.74
row_06108,PRD-G5MMQ7,10.582,Regular,0.1041,Breakfast,176.08,STORE-JOR,34,,Tier_3,Corner Shop,175.86
row_06110,PRD-91ZPKY,,Low Fat,0.1151,frozen foods,248.73,STORE-7WS,47,Medium,Tier_3,Flagship Hypermarket,6931.56
row_06111,PRD-DRIIPJ,12.381,Low Fat,0.0372,snack foods,115.72,STORE-AGY,45,Large,Tier_3,Standard Supermarket,2154.88
row_06112,PRD-ZTFIIA,16.186,Low Fat,0.0264,fruits and vegetables,167.38,STORE-AGY,45,Large,Tier_3,Standard Supermarket,1560.53
row_06113,PRD-CXN22P,,Low Fat,0.0895,Dairy,100.98,STORE-7WS,47,Medium,Tier_3,Flagship Hypermarket,1808.58
row_06114,PRD-H56OB4,9.31,Low Fat,0.0495,HOUSEHOLD,102.97,STORE-YLW,35,Small,Tier_1,Standard Supermarket,2274.89
row_06117,PRD-BRCL47,13.693,Low Fat,0.0342,Hard Drinks,118.01,STORE-YLW,35,Small,Tier_1,Standard Supermarket,3298.36
row_06118,PRD-HD96M8,12.469,Low Fat,0.0613,Starchy Foods,35.26,STORE-89Z,33,Medium,Tier_1,Standard Supermarket,696.82
row_06119,PRD-X1M5E8,15.786,Low Fat,0.0251,Snack Foods,178.41,STORE-OYG,25,,Tier_2,Standard Supermarket,1692.36
row_06120,PRD-ZM7AEF,4.636,Regular,0.0334,Frozen Foods,109.07,STORE-89Z,33,Medium,Tier_1,Standard Supermarket,1328.55
row_06121,PRD-VM43VV,9.542,Low Fat,0.1196,Health and Hygiene,162.42,STORE-89Z,33,Medium,Tier_1,Standard Supermarket,4540.42
row_06123,PRD-RZXHM8,10.513,Regular,0.1402,Snack Foods,160.4,STORE-JOR,34,,Tier_3,Corner Shop,451.81
row_06125,PRD-202SK1,,Low Fat,0.1399,Canned,179.46,STORE-T5G,47,Small,Tier_1,Corner Shop,851.54
row_06126,PRD-CVE6PR,15.767,Low Fat,0.0748,SOFT DRINKS,93.29,STORE-OYG,25,,Tier_2,Standard Supermarket,579.78
row_06128,PRD-DRIIPJ,12.062,Low Fat,0.0358,Snack Foods,117.05,STORE-OYG,25,,Tier_2,Standard Supermarket,2610.75
row_06129,PRD-GGO8YM,16.553,Regular,0.0658,BREAKFAST,178.2,STORE-YLW,35,Small,Tier_1,Standard Supermarket,1908.08
row_06130,PRD-G52EFU,,Low Fat,0.0969,FRUITS AND VEGETABLES,119.72,STORE-T5G,47,Small,Tier_1,Corner Shop,129.53
row_06131,PRD-G1X3J1,12.074,Low Fat,0.1194,Soft Drinks,203.53,STORE-89Z,33,Medium,Tier_1,Standard Supermarket,4679.19
row_06132,PRD-54IKMO,12.57,Regular,0.15,fruits and vegetables,244.71,STORE-OYG,25,,Tier_2,Standard Supermarket,5357.61
row_06133,PRD-I4J38V,13.003,Low Fat,0.0631,frozen foods,147.6,STORE-OYG,25,,Tier_2,Standard Supermarket,1674.59
row_06134,PRD-Y0PRZV,,Regular,0.0765,breads,140.91,STORE-9RG,28,Small,Tier_2,Standard Supermarket,3467.14
row_06135,PRD-8CX8FG,14.04,Regular,0.0918,frozen foods,226.82,STORE-DKU,30,,Tier_2,Standard Supermarket,1864.61
row_06136,PRD-HBZ5J3,11.479,Low Fat,0.0592,Baking Goods,105.53,STORE-9RG,28,Small,Tier_2,Standard Supermarket,417.5
row_06138,PRD-21520R,15.69,Low Fat,0.0266,Snack Foods,86.43,STORE-DKU,30,,Tier_2,Standard Supermarket,2367.32
row_06139,PRD-LYF3YR,6.237,Low Fat,0.0063,Household,168.99,STORE-AGY,45,Large,Tier_3,Standard Supermarket,2040.8
row_06140,PRD-D7OODG,,Regular,0.0494,fruits and vegetables,78.42,STORE-7WS,47,Medium,Tier_3,Flagship Hypermarket,1833.2
row_06141,PRD-GJ1QQ8,20.846,Low Fat,0.0856,BAKING GOODS,119.39,STORE-DKU,30,,Tier_2,Standard Supermarket,1683.34
row_06143,PRD-32WT59,20.2,Low Fat,0.0751,Baking Goods,179.28,STORE-AGY,45,Large,Tier_3,Standard Supermarket,2951.31
row_06147,PRD-IDKG04,8.616,Regular,0.0866,SNACK FOODS,117.09,STORE-DKU,30,,Tier_2,Standard Supermarket,1413.78
row_06148,PRD-5BFZ63,18.703,Low Fat,0.1351,CANNED,172.65,STORE-AGY,45,Large,Tier_3,Standard Supermarket,2775.7
row_06149,PRD-LFQG18,11.387,Regular,0.0565,meat,96.83,STORE-OYG,25,,Tier_2,Standard Supermarket,954.92
row_06151,PRD-L5PBHR,13.158,Low Fat,0.0207,Breads,81.9,STORE-DKU,30,,Tier_2,Standard Supermarket,750.41
row_06152,PRD-B9OF3M,16.97,Low Fat,0.0,Fruits and Vegetables,248.42,STORE-YLW,35,Small,Tier_1,Standard Supermarket,4483.76
row_06154,PRD-5HJHWF,9.2,Low Fat,0.0468,SNACK FOODS,85.46,STORE-89Z,33,Medium,Tier_1,Standard Supermarket,2063.04
row_06155,PRD-L38V8W,12.814,Low Fat,0.0234,Fruits and Vegetables,115.0,STORE-89Z,33,Medium,Tier_1,Standard Supermarket,1238.14
row_06157,PRD-WT29FN,18.015,Low Fat,0.0087,BAKING GOODS,78.16,STORE-DKU,30,,Tier_2,Standard Supermarket,1260.62
row_06158,PRD-070S1K,14.928,Low Fat,0.0623,Household,180.74,STORE-9RG,28,Small,Tier_2,Standard Supermarket,3202.67
row_06159,PRD-K3596H,6.914,Regular,0.0429,snack foods,105.65,STORE-YLW,35,Small,Tier_1,Standard Supermarket,1212.35
row_06160,PRD-N8W9UR,7.047,Low Fat,0.1496,CANNED,104.95,STORE-YLW,35,Small,Tier_1,Standard Supermarket,2031.05
row_06161,PRD-U9W2MB,13.679,Regular,0.1604,Fruits and Vegetables,143.97,STORE-OYG,25,,Tier_2,Standard Supermarket,2703.05
row_06162,PRD-G5MMQ7,10.596,Regular,0.0585,breakfast,168.97,STORE-AGY,45,Large,Tier_3,Standard Supermarket,2340.28
row_06163,PRD-C1B3EU,18.806,Regular,0.1676,Frozen Foods,47.07,STORE-JOR,34,,Tier_3,Corner Shop,192.72
row_06165,PRD-EBEM2I,12.348,Regular,0.1036,FRUITS AND VEGETABLES,175.35,STORE-AGY,45,Large,Tier_3,Standard Supermarket,3761.76
row_06166,PRD-CFZYY9,14.813,Low Fat,0.0872,FROZEN FOODS,218.0,STORE-OYG,25,,Tier_2,Standard Supermarket,4769.09
row_06167,PRD-IBQR9L,20.633,Regular,0.0492,Dairy,212.92,STORE-JOR,34,,Tier_3,Corner Shop,416.78
row_06168,PRD-YHRDU3,13.051,Low Fat,0.1537,Household,158.12,STORE-JOR,34,,Tier_3,Corner Shop,307.95
row_06169,PRD-W10HOA,6.617,Low Fat,0.0424,Snack Foods,89.88,STORE-DKU,30,,Tier_2,Standard Supermarket,1666.54
row_06170,PRD-ZGIUDT,14.769,Low Fat,0.096,health and hygiene,112.04,STORE-HL7,23,Medium,Tier_3,Superstore,550.78
row_06171,PRD-RMBF82,9.262,Regular,0.0343,FRUITS AND VEGETABLES,167.99,STORE-DKU,30,,Tier_2,Standard Supermarket,1896.27
row_06172,PRD-BF343R,19.66,Regular,0.0849,Frozen Foods,125.82,STORE-JOR,34,,Tier_3,Corner Shop,130.76
row_06173,PRD-L3H73U,7.036,Low Fat,0.0596,Snack Foods,115.19,STORE-AGY,45,Large,Tier_3,Standard Supermarket,238.34
row_06174,PRD-33VFUM,17.405,Low Fat,0.0884,Health and Hygiene,127.61,STORE-JOR,34,,Tier_3,Corner Shop,382.18
row_06175,PRD-6KBJ2C,15.848,Low Fat,0.0863,DAIRY,140.89,STORE-DKU,30,,Tier_2,Standard Supermarket,1425.23
row_06176,PRD-9RHIGZ,,Low Fat,0.1033,Snack Foods,99.16,STORE-T5G,47,Small,Tier_1,Corner Shop,414.56
row_06177,PRD-OIZ8SJ,12.726,Regular,0.1525,Fruits and Vegetables,248.55,STORE-HL7,23,Medium,Tier_3,Superstore,4174.47
row_06178,PRD-H6TX8K,6.326,Low Fat,0.015,HOUSEHOLD,143.81,STORE-89Z,33,Medium,Tier_1,Standard Supermarket,3437.65
row_06179,PRD-RJ6GD2,11.932,Low Fat,0.0087,health and hygiene,119.89,STORE-AGY,45,Large,Tier_3,Standard Supermarket,2028.28
row_06180,PRD-DYYVDQ,19.451,Regular,0.0864,Canned,149.67,STORE-HL7,23,Medium,Tier_3,Superstore,1926.19
row_06181,PRD-G0OA3Y,11.058,Low Fat,0.0278,others,50.05,STORE-YLW,35,Small,Tier_1,Standard Supermarket,688.77
row_06182,PRD-2T1TDG,9.428,Low Fat,0.0433,Hard Drinks,190.66,STORE-HL7,23,Medium,Tier_3,Superstore,4362.7
row_06183,PRD-KL6CEV,6.473,Low Fat,0.0927,Household,83.14,STORE-YLW,35,Small,Tier_1,Standard Supermarket,600.83
row_06184,PRD-SIIAEB,12.304,Low Fat,0.0,Snack Foods,117.92,STORE-AGY,45,Large,Tier_3,Standard Supermarket,3302.18
row_06185,PRD-WOSQMC,16.466,Low Fat,0.0432,fruits and vegetables,181.46,STORE-YLW,35,Small,Tier_1,Standard Supermarket,2052.43
row_06186,PRD-JLC90O,16.982,Regular,0.0264,canned,146.27,STORE-89Z,33,Medium,Tier_1,Standard Supermarket,1187.58
row_06187,PRD-ANNREG,18.82,Regular,0.0343,canned,139.57,STORE-89Z,33,Medium,Tier_1,Standard Supermarket,2065.71
row_06188,PRD-KF9QCF,16.403,Low Fat,0.0762,health and hygiene,34.26,STORE-OYG,25,,Tier_2,Standard Supermarket,548.89
row_06189,PRD-3A1DU1,,Low Fat,0.0811,Household,173.22,STORE-7WS,47,Medium,Tier_3,Flagship Hypermarket,5110.5
row_06190,PRD-PQJ1YE,7.249,Regular,0.021,canned,90.64,STORE-DKU,30,,Tier_2,Standard Supermarket,948.36
row_06192,PRD-F4D9ZQ,,Low Fat,0.0771,Meat,66.85,STORE-7WS,47,Medium,Tier_3,Flagship Hypermarket,1540.08
row_06195,PRD-Y7T0DJ,14.147,Low Fat,0.1251,FRUITS AND VEGETABLES,86.83,STORE-AGY,45,Large,Tier_3,Standard Supermarket,1117.95
row_06196,PRD-QPT16H,12.394,Low Fat,0.025,HOUSEHOLD,167.82,STORE-JOR,34,,Tier_3,Corner Shop,168.99
row_06197,PRD-6DXZJ1,13.355,Regular,0.0731,Snack Foods,66.53,STORE-HL7,23,Medium,Tier_3,Superstore,1046.78
row_06198,PRD-S1AWP0,16.057,Low Fat,0.1151,Frozen Foods,77.34,STORE-YLW,35,Small,Tier_1,Standard Supermarket,1784.29
row_06200,PRD-90E4B0,9.317,Low Fat,0.0783,Household,242.11,STORE-JOR,34,,Tier_3,Corner Shop,958.16
row_06203,PRD-P2F8UZ,12.612,Low Fat,0.0534,HOUSEHOLD,186.07,STORE-9RG,28,Small,Tier_2,Standard Supermarket,3468.63
row_06204,PRD-2G73AJ,9.126,Low Fat,0.0166,dairy,258.02,STORE-AGY,45,Large,Tier_3,Standard Supermarket,6567.7
row_06205,PRD-PKT9A9,,Regular,0.0556,Canned,58.2,STORE-7WS,47,Medium,Tier_3,Flagship Hypermarket,1046.49
row_06206,PRD-XV9XJM,,Regular,0.0648,starchy foods,80.67,STORE-7WS,47,Medium,Tier_3,Flagship Hypermarket,1723.05
row_06207,PRD-DZQ5YW,17.133,Regular,0.0468,snack foods,94.72,STORE-OYG,25,,Tier_2,Standard Supermarket,1498.81
row_06208,PRD-7W86NG,8.363,Low Fat,0.0574,HEALTH AND HYGIENE,106.81,STORE-9RG,28,Small,Tier_2,Standard Supermarket,1200.25
row_06209,PRD-GLFRI8,8.118,Low Fat,0.0215,breakfast,228.85,STORE-OYG,25,,Tier_2,Standard Supermarket,1403.97
row_06210,PRD-87AU5B,9.805,Low Fat,0.0135,SOFT DRINKS,45.32,STORE-YLW,35,Small,Tier_1,Standard Supermarket,1171.46
row_06211,PRD-UCR0F5,20.194,Regular,0.082,Breads,168.57,STORE-OYG,25,,Tier_2,Standard Supermarket,1838.71
row_06214,PRD-1I4N2E,9.781,Low Fat,0.022,Household,251.1,STORE-DKU,30,,Tier_2,Standard Supermarket,4185.8
row_06215,PRD-41ZE8O,7.55,Regular,0.0658,Snack Foods,43.1,STORE-OYG,25,,Tier_2,Standard Supermarket,570.55
row_06216,PRD-QK31H5,15.707,Low Fat,0.0336,FRUITS AND VEGETABLES,251.89,STORE-89Z,33,Medium,Tier_1,Standard Supermarket,2890.92
row_06217,PRD-2UETCH,,Low Fat,0.0317,Meat,175.4,STORE-7WS,47,Medium,Tier_3,Flagship Hypermarket,7559.59
row_06219,PRD-54TA1S,20.378,Regular,0.0393,Breakfast,158.61,STORE-AGY,45,Large,Tier_3,Standard Supermarket,2085.96
row_06220,PRD-0B7UYQ,19.715,Low Fat,0.1452,Household,231.91,STORE-AGY,45,Large,Tier_3,Standard Supermarket,2707.12
row_06221,PRD-X9G7HS,10.333,Low Fat,0.1281,Canned,106.79,STORE-9RG,28,Small,Tier_2,Standard Supermarket,1365.85
row_06222,PRD-DKYAYQ,18.243,Low Fat,0.0326,Dairy,154.13,STORE-YLW,35,Small,Tier_1,Standard Supermarket,1193.62
row_06223,PRD-DTYGUJ,12.103,Low Fat,0.0786,Household,168.73,STORE-HL7,23,Medium,Tier_3,Superstore,1604.65
row_06224,PRD-C3DXMR,17.29,Low Fat,0.0364,SNACK FOODS,91.37,STORE-9RG,28,Small,Tier_2,Standard Supermarket,1127.13
row_06225,PRD-G5MMQ7,10.817,Regular,0.0621,Breakfast,170.16,STORE-9RG,28,Small,Tier_2,Standard Supermarket,3410.24
row_06226,PRD-L6H2NL,9.149,Low Fat,0.0841,Household,48.24,STORE-89Z,33,Medium,Tier_1,Standard Supermarket,429.97
row_06227,PRD-THLXJ6,12.882,Low Fat,0.1169,Snack Foods,45.14,STORE-HL7,23,Medium,Tier_3,Superstore,1243.59
row_06229,PRD-I1E9QQ,7.675,Low Fat,0.1913,Household,253.17,STORE-9RG,28,Small,Tier_2,Standard Supermarket,5851.3
row_06230,PRD-3S195J,,Low Fat,0.119,Hard Drinks,171.5,STORE-7WS,47,Medium,Tier_3,Flagship Hypermarket,6916.71
row_06232,PRD-X7AKU0,10.033,Low Fat,0.0,HEALTH AND HYGIENE,117.51,STORE-9RG,28,Small,Tier_2,Standard Supermarket,1954.33
row_06233,PRD-N9CUWJ,9.449,Low Fat,0.0,Snack Foods,246.78,STORE-9RG,28,Small,Tier_2,Standard Supermarket,4332.18
row_06234,PRD-T4BXVH,8.599,Low Fat,0.0,Fruits and Vegetables,111.93,STORE-89Z,33,Medium,Tier_1,Standard Supermarket,1435.06
row_06235,PRD-F6KJKV,11.817,Low Fat,0.0247,Starchy Foods,120.07,STORE-DKU,30,,Tier_2,Standard Supermarket,2267.57
row_06236,PRD-HP1UAK,12.772,Regular,0.0318,baking goods,168.29,STORE-HL7,23,Medium,Tier_3,Superstore,1011.56
row_06238,PRD-YZB4K8,17.212,Regular,0.0162,FRUITS AND VEGETABLES,47.3,STORE-DKU,30,,Tier_2,Standard Supermarket,526.36
row_06241,PRD-F88JRF,18.984,Regular,0.0,Frozen Foods,146.03,STORE-DKU,30,,Tier_2,Standard Supermarket,2581.65
row_06244,PRD-54S8AG,,Regular,0.1904,Dairy,108.05,STORE-7WS,47,Medium,Tier_3,Flagship Hypermarket,1959.08
row_06245,PRD-C1HY2U,19.982,Low Fat,0.073,Dairy,112.02,STORE-DKU,30,,Tier_2,Standard Supermarket,1621.58
row_06246,PRD-O15RRZ,13.11,Low Fat,0.0964,Frozen Foods,38.93,STORE-YLW,35,Small,Tier_1,Standard Supermarket,561.63
row_06247,PRD-H0JJGG,18.698,Low Fat,0.1128,FROZEN FOODS,107.79,STORE-89Z,33,Medium,Tier_1,Standard Supermarket,1955.52
row_06249,PRD-B0BAVM,15.246,Low Fat,0.0365,Household,123.71,STORE-9RG,28,Small,Tier_2,Standard Supermarket,2101.53
row_06250,PRD-RLBUOB,7.268,Regular,0.0214,Seafood,182.73,STORE-OYG,25,,Tier_2,Standard Supermarket,3550.79
row_06251,PRD-M2AOBR,18.99,Low Fat,0.0123,household,122.36,STORE-89Z,33,Medium,Tier_1,Standard Supermarket,3843.8
row_06252,PRD-M58TL5,7.141,Low Fat,0.0539,frozen foods,57.84,STORE-DKU,30,,Tier_2,Standard Supermarket,795.82
row_06253,PRD-2WLNC8,,Low Fat,0.0293,Household,199.81,STORE-T5G,47,Small,Tier_1,Corner Shop,390.94
row_06254,PRD-ZDANTN,20.455,Regular,0.0236,Baking Goods,240.03,STORE-AGY,45,Large,Tier_3,Standard Supermarket,3451.6
row_06255,PRD-VXSN74,,Low Fat,0.0995,SNACK FOODS,140.26,STORE-T5G,47,Small,Tier_1,Corner Shop,582.5
row_06256,PRD-L3H73U,7.237,Low Fat,0.0587,Snack Foods,113.16,STORE-HL7,23,Medium,Tier_3,Superstore,1206.02
row_06257,PRD-4GS0FH,17.439,Regular,0.0485,Canned,144.23,STORE-YLW,35,Small,Tier_1,Standard Supermarket,1408.57
row_06259,PRD-ZDVAG1,20.218,Low Fat,0.1453,HOUSEHOLD,34.39,STORE-89Z,33,Medium,Tier_1,Standard Supermarket,770.36
row_06261,PRD-5QVWC9,6.323,Low Fat,0.1217,Household,253.92,STORE-YLW,35,Small,Tier_1,Standard Supermarket,3283.06
row_06262,PRD-F13TKM,,Low Fat,0.1224,Household,71.39,STORE-T5G,47,Small,Tier_1,Corner Shop,304.96
row_06264,PRD-XHO0VH,21.174,Regular,0.0664,Breakfast,152.41,STORE-OYG,25,,Tier_2,Standard Supermarket,1357.65
row_06265,PRD-ZGVTUI,10.995,Low Fat,0.0975,Meat,99.55,STORE-9RG,28,Small,Tier_2,Standard Supermarket,1472.46
row_06266,PRD-8A5PN4,5.67,Regular,0.0739,Fruits and Vegetables,259.58,STORE-YLW,35,Small,Tier_1,Standard Supermarket,4406.75
row_06267,PRD-7R37F7,10.31,Regular,0.0244,Fruits and Vegetables,211.12,STORE-9RG,28,Small,Tier_2,Standard Supermarket,3182.75
row_06270,PRD-JKU72H,15.986,Low Fat,0.1007,canned,100.69,STORE-OYG,25,,Tier_2,Standard Supermarket,2131.72
row_06271,PRD-UE8YM7,20.22,Low Fat,0.0417,DAIRY,178.52,STORE-OYG,25,,Tier_2,Standard Supermarket,1287.97
row_06272,PRD-5OIBGD,16.87,Low Fat,0.107,snack foods,158.12,STORE-HL7,23,Medium,Tier_3,Superstore,2800.12
row_06273,PRD-EF6Y39,10.327,Regular,0.0137,snack foods,138.27,STORE-AGY,45,Large,Tier_3,Standard Supermarket,3031.38
row_06274,PRD-GU1UQX,10.686,Low Fat,0.1392,dairy,256.83,STORE-HL7,23,Medium,Tier_3,Superstore,4847.74
row_06275,PRD-5URYBL,8.593,Low Fat,0.1246,Household,164.81,STORE-AGY,45,Large,Tier_3,Standard Supermarket,4677.93
row_06276,PRD-6C3BE3,20.577,Low Fat,0.0388,household,154.83,STORE-89Z,33,Medium,Tier_1,Standard Supermarket,3197.41
row_06277,PRD-Z36JWB,9.658,Low Fat,0.089,baking goods,104.94,STORE-89Z,33,Medium,Tier_1,Standard Supermarket,1110.36
row_06278,PRD-QIRRQA,10.602,Low Fat,0.0831,DAIRY,194.73,STORE-AGY,45,Large,Tier_3,Standard Supermarket,2602.57
row_06280,PRD-KV05SZ,19.361,Low Fat,0.0891,hard drinks,127.37,STORE-AGY,45,Large,Tier_3,Standard Supermarket,3604.8
row_06281,PRD-8INI8M,,Regular,0.211,SNACK FOODS,87.4,STORE-T5G,47,Small,Tier_1,Corner Shop,357.47
row_06282,PRD-CSMCMC,10.969,Regular,0.0101,dairy,121.66,STORE-9RG,28,Small,Tier_2,Standard Supermarket,2036.92
row_06284,PRD-FSOZPT,19.248,Regular,0.0749,Soft Drinks,236.79,STORE-89Z,33,Medium,Tier_1,Standard Supermarket,6015.73
row_06286,PRD-JQPKAH,8.708,Low Fat,0.0702,household,93.28,STORE-YLW,35,Small,Tier_1,Standard Supermarket,1913.85
row_06287,PRD-6192K4,15.712,Low Fat,0.1839,SOFT DRINKS,56.59,STORE-JOR,34,,Tier_3,Corner Shop,114.03
row_06288,PRD-JJTFPH,9.55,Low Fat,0.068,Hard Drinks,174.03,STORE-DKU,30,,Tier_2,Standard Supermarket,6002.57
row_06289,PRD-6YLBXP,16.93,Regular,0.1405,Canned,262.81,STORE-OYG,25,,Tier_2,Standard Supermarket,2604.4
row_06290,PRD-BGLSH8,20.608,Low Fat,0.0344,Household,39.94,STORE-DKU,30,,Tier_2,Standard Supermarket,725.73
row_06291,PRD-N8W9UR,,Low Fat,0.1516,canned,104.34,STORE-7WS,47,Medium,Tier_3,Flagship Hypermarket,2528.61
row_06293,PRD-JVFJWT,19.411,Regular,0.1008,Fruits and Vegetables,232.46,STORE-AGY,45,Large,Tier_3,Standard Supermarket,3244.14
row_06294,PRD-WT29FN,,Low Fat,0.0,BAKING GOODS,81.8,STORE-T5G,47,Small,Tier_1,Corner Shop,164.55
row_06296,PRD-X7CODR,19.493,Low Fat,0.0147,Household,101.55,STORE-DKU,30,,Tier_2,Standard Supermarket,2151.54
row_06297,PRD-AAFH5J,20.545,Low Fat,0.0207,Fruits and Vegetables,89.36,STORE-AGY,45,Large,Tier_3,Standard Supermarket,1883.76
row_06298,PRD-U2ROEM,15.232,Regular,0.0836,Canned,213.01,STORE-HL7,23,Medium,Tier_3,Superstore,1971.0
row_06299,PRD-LYF3YR,6.236,Low Fat,0.0063,HOUSEHOLD,164.14,STORE-OYG,25,,Tier_2,Standard Supermarket,1641.44
row_06300,PRD-IT7I1J,19.565,Regular,0.0759,SNACK FOODS,111.39,STORE-89Z,33,Medium,Tier_1,Standard Supermarket,1167.54
row_06301,PRD-T5J284,13.198,Regular,0.1452,Snack Foods,178.94,STORE-OYG,25,,Tier_2,Standard Supermarket,2566.71
row_06302,PRD-ZTO1FG,13.923,Low Fat,0.0,Dairy,257.74,STORE-89Z,33,Medium,Tier_1,Standard Supermarket,3627.23
row_06303,PRD-11CMKR,11.773,Low Fat,0.0347,Canned,178.3,STORE-OYG,25,,Tier_2,Standard Supermarket,5233.87
row_06304,PRD-QOHMUH,15.389,Low Fat,0.0,Hard Drinks,43.79,STORE-JOR,34,,Tier_3,Corner Shop,127.18
row_06305,PRD-CCUG7R,6.646,Regular,0.0411,MEAT,41.37,STORE-AGY,45,Large,Tier_3,Standard Supermarket,778.74
row_06306,PRD-IQSUHA,19.866,Regular,0.0281,canned,154.61,STORE-9RG,28,Small,Tier_2,Standard Supermarket,3873.48
row_06307,PRD-1ZXOI6,11.788,Regular,0.0584,Soft Drinks,52.39,STORE-89Z,33,Medium,Tier_1,Standard Supermarket,378.49
row_06308,PRD-1K1QT6,13.274,Low Fat,0.0098,HOUSEHOLD,174.9,STORE-89Z,33,Medium,Tier_1,Standard Supermarket,4997.99
row_06309,PRD-VDV7PE,10.961,Low Fat,0.0383,health and hygiene,38.91,STORE-89Z,33,Medium,Tier_1,Standard Supermarket,1157.97
row_06310,PRD-4EYNIN,7.061,Low Fat,0.0736,household,115.64,STORE-89Z,33,Medium,Tier_1,Standard Supermarket,2612.63
row_06311,PRD-E5BLYU,12.2,Regular,0.0555,Snack Foods,59.87,STORE-9RG,28,Small,Tier_2,Standard Supermarket,1775.05
row_06312,PRD-54TA1S,20.799,Regular,0.0383,Breakfast,158.28,STORE-OYG,25,,Tier_2,Standard Supermarket,816.61
row_06313,PRD-WDSS7E,19.398,Regular,0.0421,Frozen Foods,44.95,STORE-AGY,45,Large,Tier_3,Standard Supermarket,523.55
row_06314,PRD-JH7XEX,7.156,Low Fat,0.0397,Canned,83.97,STORE-OYG,25,,Tier_2,Standard Supermarket,514.81
row_06315,PRD-YDT7CU,14.893,Regular,0.0658,breads,270.87,STORE-AGY,45,Large,Tier_3,Standard Supermarket,2790.85
row_06316,PRD-NCP2VI,17.68,Low Fat,0.0192,HEALTH AND HYGIENE,233.11,STORE-89Z,33,Medium,Tier_1,Standard Supermarket,3637.47
row_06317,PRD-C5OAOO,7.564,Low Fat,0.122,others,143.06,STORE-OYG,25,,Tier_2,Standard Supermarket,4916.09
row_06318,PRD-2G2HFD,9.793,Low Fat,0.0067,household,164.73,STORE-HL7,23,Medium,Tier_3,Superstore,3023.92
row_06319,PRD-LU9AAE,7.474,Low Fat,0.0666,Frozen Foods,157.54,STORE-DKU,30,,Tier_2,Standard Supermarket,2531.0
row_06320,PRD-HDPJSA,6.602,Low Fat,0.1212,CANNED,259.91,STORE-AGY,45,Large,Tier_3,Standard Supermarket,5392.34
row_06321,PRD-237WI9,,Low Fat,0.0552,Frozen Foods,58.29,STORE-7WS,47,Medium,Tier_3,Flagship Hypermarket,1626.68
row_06322,PRD-KUE98H,9.213,Low Fat,0.1058,breads,66.75,STORE-YLW,35,Small,Tier_1,Standard Supermarket,989.72
row_06325,PRD-LFS04I,10.91,Regular,0.0113,Snack Foods,75.08,STORE-DKU,30,,Tier_2,Standard Supermarket,1046.56
row_06327,PRD-7ZGA6X,,Low Fat,0.1315,baking goods,90.31,STORE-T5G,47,Small,Tier_1,Corner Shop,85.56
row_06328,PRD-WZMTFC,8.937,Low Fat,0.0577,Household,115.01,STORE-AGY,45,Large,Tier_3,Standard Supermarket,710.36
row_06329,PRD-VN8NN8,9.079,Regular,0.0806,MEAT,105.22,STORE-DKU,30,,Tier_2,Standard Supermarket,334.81
row_06331,PRD-U0J0N0,,Low Fat,0.0439,Frozen Foods,203.31,STORE-T5G,47,Small,Tier_1,Corner Shop,841.55
row_06332,PRD-GJY1KD,14.359,Low Fat,0.0148,HOUSEHOLD,201.4,STORE-JOR,34,,Tier_3,Corner Shop,374.53
row_06333,PRD-SILU2D,6.395,Low Fat,0.0101,Canned,117.04,STORE-OYG,25,,Tier_2,Standard Supermarket,2918.9
row_06334,PRD-BHKJ25,,Low Fat,0.2004,BAKING GOODS,104.16,STORE-T5G,47,Small,Tier_1,Corner Shop,217.7
row_06335,PRD-XWBVYG,9.999,Low Fat,0.0513,breads,34.42,STORE-DKU,30,,Tier_2,Standard Supermarket,454.66
row_06336,PRD-Q7WI57,10.553,Low Fat,0.0395,fruits and vegetables,38.06,STORE-89Z,33,Medium,Tier_1,Standard Supermarket,556.71
row_06337,PRD-YHRDU3,13.05,Low Fat,0.0939,household,159.76,STORE-AGY,45,Large,Tier_3,Standard Supermarket,1863.13
row_06339,PRD-H4CI9H,6.879,Regular,0.0355,MEAT,180.21,STORE-YLW,35,Small,Tier_1,Standard Supermarket,2036.87
row_06340,PRD-CEEQ2B,9.721,Low Fat,0.0,fruits and vegetables,112.4,STORE-OYG,25,,Tier_2,Standard Supermarket,1476.0
row_06341,PRD-BCDPQ9,,Regular,0.1987,Dairy,232.32,STORE-T5G,47,Small,Tier_1,Corner Shop,466.15
row_06342,PRD-C04T2V,,Low Fat,0.0358,HOUSEHOLD,50.16,STORE-7WS,47,Medium,Tier_3,Flagship Hypermarket,856.01
row_06344,PRD-2SLHIM,,Low Fat,0.0096,MEAT,185.82,STORE-7WS,47,Medium,Tier_3,Flagship Hypermarket,3371.32
row_06345,PRD-CHPZ5T,18.556,Low Fat,0.0182,Health and Hygiene,209.11,STORE-YLW,35,Small,Tier_1,Standard Supermarket,3698.87
row_06346,PRD-DH2TA3,8.823,Low Fat,0.0165,Household,104.41,STORE-AGY,45,Large,Tier_3,Standard Supermarket,210.07
row_06347,PRD-48C6WZ,15.864,Regular,0.0322,FRUITS AND VEGETABLES,61.37,STORE-JOR,34,,Tier_3,Corner Shop,117.3
row_06348,PRD-BOOINB,,Low Fat,0.013,canned,109.02,STORE-7WS,47,Medium,Tier_3,Flagship Hypermarket,2698.93
row_06349,PRD-VHS1K3,14.039,Low Fat,0.0313,SOFT DRINKS,138.47,STORE-OYG,25,,Tier_2,Standard Supermarket,1705.48
row_06350,PRD-PXXK71,7.912,Low Fat,0.0745,health and hygiene,44.72,STORE-OYG,25,,Tier_2,Standard Supermarket,1200.79
row_06353,PRD-4AAL09,19.454,Low Fat,0.084,others,34.47,STORE-HL7,23,Medium,Tier_3,Superstore,612.94
row_06354,PRD-MVV44C,11.439,Regular,0.0682,Meat,237.39,STORE-AGY,45,Large,Tier_3,Standard Supermarket,6044.71
row_06356,PRD-L38V8W,12.469,Low Fat,0.0238,FRUITS AND VEGETABLES,116.41,STORE-DKU,30,,Tier_2,Standard Supermarket,1792.65
row_06357,PRD-0ZYCMV,18.163,Low Fat,0.0122,Fruits and Vegetables,164.25,STORE-AGY,45,Large,Tier_3,Standard Supermarket,3234.75
row_06358,PRD-N0RSKQ,,Low Fat,0.1806,Snack Foods,194.99,STORE-7WS,47,Medium,Tier_3,Flagship Hypermarket,5552.86
row_06359,PRD-G8F1CB,19.618,Regular,0.0679,SOFT DRINKS,160.34,STORE-JOR,34,,Tier_3,Corner Shop,319.23
row_06360,PRD-OEVB9O,6.349,Low Fat,0.0264,SOFT DRINKS,88.34,STORE-9RG,28,Small,Tier_2,Standard Supermarket,1169.26
row_06361,PRD-VCZHN7,11.606,Low Fat,0.1657,snack foods,125.53,STORE-HL7,23,Medium,Tier_3,Superstore,1620.79
row_06362,PRD-GSEMU5,6.821,Regular,0.0295,FRUITS AND VEGETABLES,77.92,STORE-AGY,45,Large,Tier_3,Standard Supermarket,1687.99
row_06363,PRD-X272HP,4.707,Low Fat,0.074,Soft Drinks,114.9,STORE-89Z,33,Medium,Tier_1,Standard Supermarket,1555.19
row_06364,PRD-1UFH01,,Regular,0.0771,Snack Foods,51.82,STORE-7WS,47,Medium,Tier_3,Flagship Hypermarket,783.29
row_06365,PRD-PKT9A9,14.925,Regular,0.0538,Canned,59.29,STORE-YLW,35,Small,Tier_1,Standard Supermarket,542.43
row_06367,PRD-5SOWOM,,Low Fat,0.0152,Starchy Foods,171.5,STORE-7WS,47,Medium,Tier_3,Flagship Hypermarket,7222.03
row_06368,PRD-MSND8D,,Low Fat,0.0374,soft drinks,37.66,STORE-7WS,47,Medium,Tier_3,Flagship Hypermarket,1305.68
row_06370,PRD-1DSTWG,7.423,Low Fat,0.1555,FRUITS AND VEGETABLES,241.79,STORE-DKU,30,,Tier_2,Standard Supermarket,5195.87
row_06372,PRD-XCFTUX,14.842,Low Fat,0.0191,canned,188.11,STORE-YLW,35,Small,Tier_1,Standard Supermarket,4465.07
row_06373,PRD-U438R9,11.093,Regular,0.0372,FROZEN FOODS,177.88,STORE-OYG,25,,Tier_2,Standard Supermarket,3200.77
row_06374,PRD-2BSMEB,6.83,Low Fat,0.061,baking goods,50.99,STORE-JOR,34,,Tier_3,Corner Shop,50.71
row_06375,PRD-0L0JBS,8.717,Regular,0.0087,Canned,103.34,STORE-9RG,28,Small,Tier_2,Standard Supermarket,2513.67
row_06376,PRD-SVH3EJ,6.4,Low Fat,0.0127,MEAT,40.12,STORE-AGY,45,Large,Tier_3,Standard Supermarket,915.43
row_06377,PRD-NSLK6R,18.13,Regular,0.0647,baking goods,192.59,STORE-DKU,30,,Tier_2,Standard Supermarket,1461.92
row_06378,PRD-SMRD3A,9.051,Low Fat,0.0561,Fruits and Vegetables,188.48,STORE-OYG,25,,Tier_2,Standard Supermarket,2805.24
row_06379,PRD-IQSUHA,19.899,Regular,0.0285,Canned,159.11,STORE-YLW,35,Small,Tier_1,Standard Supermarket,1688.4
row_06380,PRD-L9KV91,10.585,Low Fat,0.0316,Seafood,152.91,STORE-9RG,28,Small,Tier_2,Standard Supermarket,4521.99
row_06381,PRD-UI2QXL,9.362,Low Fat,0.1015,Snack Foods,102.65,STORE-89Z,33,Medium,Tier_1,Standard Supermarket,822.47
row_06382,PRD-BJD8BL,9.606,Regular,0.0588,BREADS,86.4,STORE-DKU,30,,Tier_2,Standard Supermarket,1768.13
row_06383,PRD-ANNREG,19.774,Regular,0.0336,Canned,137.93,STORE-HL7,23,Medium,Tier_3,Superstore,275.14
row_06384,PRD-D7J32F,7.17,Low Fat,0.0774,Fruits and Vegetables,144.57,STORE-AGY,45,Large,Tier_3,Standard Supermarket,3560.85
row_06385,PRD-0MUOHU,16.768,Low Fat,0.0569,Breads,85.68,STORE-AGY,45,Large,Tier_3,Standard Supermarket,1771.34
row_06386,PRD-I49KQ7,10.402,Low Fat,0.16,SOFT DRINKS,248.99,STORE-YLW,35,Small,Tier_1,Standard Supermarket,5106.26
row_06387,PRD-QKXIRH,18.705,Low Fat,0.1076,frozen foods,122.8,STORE-89Z,33,Medium,Tier_1,Standard Supermarket,484.62
row_06388,PRD-VKXTUF,20.753,Low Fat,0.0236,FRUITS AND VEGETABLES,90.8,STORE-HL7,23,Medium,Tier_3,Superstore,1301.49
row_06389,PRD-CM8SJU,20.523,Low Fat,0.0242,others,151.59,STORE-AGY,45,Large,Tier_3,Standard Supermarket,2343.08
row_06390,PRD-1SZJIV,10.269,Regular,0.1514,dairy,194.69,STORE-OYG,25,,Tier_2,Standard Supermarket,4098.95
row_06391,PRD-GVJICS,16.202,Regular,0.1725,Snack Foods,154.2,STORE-YLW,35,Small,Tier_1,Standard Supermarket,4542.62
row_06392,PRD-IQ9LVF,19.157,Regular,0.0827,Baking Goods,48.0,STORE-AGY,45,Large,Tier_3,Standard Supermarket,710.63
row_06393,PRD-JXVIHM,19.511,Low Fat,0.0279,household,129.01,STORE-89Z,33,Medium,Tier_1,Standard Supermarket,3812.31
row_06394,PRD-KV05SZ,,Low Fat,0.0872,Hard Drinks,129.43,STORE-7WS,47,Medium,Tier_3,Flagship Hypermarket,3344.56
row_06395,PRD-PDRI65,11.324,Low Fat,0.0175,Health and Hygiene,132.86,STORE-DKU,30,,Tier_2,Standard Supermarket,1704.74
row_06396,PRD-2I8L31,20.621,Low Fat,0.0376,FRUITS AND VEGETABLES,120.92,STORE-9RG,28,Small,Tier_2,Standard Supermarket,3333.93
row_06397,PRD-Q3QA3S,20.704,Regular,0.03,DAIRY,256.2,STORE-DKU,30,,Tier_2,Standard Supermarket,1008.63
row_06398,PRD-2EZP7V,12.507,Low Fat,0.0189,Health and Hygiene,97.54,STORE-OYG,25,,Tier_2,Standard Supermarket,2116.48
row_06400,PRD-6KHXCY,11.906,Regular,0.0602,meat,151.18,STORE-YLW,35,Small,Tier_1,Standard Supermarket,1616.42
row_06401,PRD-HYF9SX,,Regular,0.0249,Soft Drinks,39.9,STORE-7WS,47,Medium,Tier_3,Flagship Hypermarket,1249.29
row_06402,PRD-E8N6QI,10.686,Low Fat,0.0518,Soft Drinks,233.88,STORE-DKU,30,,Tier_2,Standard Supermarket,4208.82
row_06403,PRD-TV6685,,Low Fat,0.0886,fruits and vegetables,151.64,STORE-T5G,47,Small,Tier_1,Corner Shop,434.6
row_06404,PRD-DKYAYQ,,Low Fat,0.0596,dairy,151.39,STORE-T5G,47,Small,Tier_1,Corner Shop,308.11
row_06405,PRD-ZMEPGT,7.428,Low Fat,0.0598,SOFT DRINKS,94.58,STORE-DKU,30,,Tier_2,Standard Supermarket,1146.87
row_06406,PRD-SIY7PG,,Low Fat,0.0253,HOUSEHOLD,43.3,STORE-7WS,47,Medium,Tier_3,Flagship Hypermarket,303.16
row_06407,PRD-BVGKP7,15.994,Regular,0.0257,Fruits and Vegetables,94.53,STORE-9RG,28,Small,Tier_2,Standard Supermarket,2138.79
row_06408,PRD-51TIWG,6.063,Regular,0.0678,BAKING GOODS,184.36,STORE-YLW,35,Small,Tier_1,Standard Supermarket,5877.53
row_06409,PRD-BTN76M,17.876,Low Fat,0.1744,Fruits and Vegetables,111.87,STORE-89Z,33,Medium,Tier_1,Standard Supermarket,1662.27
row_06410,PRD-RGLY41,,Low Fat,0.0565,Health and Hygiene,36.08,STORE-7WS,47,Medium,Tier_3,Flagship Hypermarket,1051.23
row_06411,PRD-DPF1H3,9.485,Low Fat,0.0761,Snack Foods,252.93,STORE-89Z,33,Medium,Tier_1,Standard Supermarket,4894.73
row_06413,PRD-5CI6VG,,Low Fat,0.1174,dairy,147.25,STORE-T5G,47,Small,Tier_1,Corner Shop,561.79
row_06414,PRD-0IFJNT,,Low Fat,0.1274,Dairy,164.8,STORE-T5G,47,Small,Tier_1,Corner Shop,329.52
row_06415,PRD-S9CFU5,9.458,Regular,0.1133,SNACK FOODS,157.52,STORE-9RG,28,Small,Tier_2,Standard Supermarket,2283.87
row_06417,PRD-V2AQNP,11.828,Regular,0.1633,breakfast,166.63,STORE-DKU,30,,Tier_2,Standard Supermarket,2867.3
row_06418,PRD-FCYZ7S,13.219,Low Fat,0.1321,Snack Foods,158.91,STORE-HL7,23,Medium,Tier_3,Superstore,2745.55
row_06419,PRD-1XRZN0,14.786,Low Fat,0.0202,canned,211.77,STORE-9RG,28,Small,Tier_2,Standard Supermarket,6168.21
row_06420,PRD-F727XE,17.999,Low Fat,0.05,Snack Foods,121.46,STORE-AGY,45,Large,Tier_3,Standard Supermarket,2278.56
row_06422,PRD-SBZRAD,6.433,Low Fat,0.0346,SNACK FOODS,145.39,STORE-DKU,30,,Tier_2,Standard Supermarket,863.56
row_06423,PRD-1RUPFR,8.404,Low Fat,0.0705,Hard Drinks,40.69,STORE-OYG,25,,Tier_2,Standard Supermarket,826.4
row_06425,PRD-52UH5B,16.928,Low Fat,0.0703,Canned,203.73,STORE-YLW,35,Small,Tier_1,Standard Supermarket,2445.57
row_06426,PRD-GBYJDD,17.867,Low Fat,0.0153,FRUITS AND VEGETABLES,183.93,STORE-HL7,23,Medium,Tier_3,Superstore,3195.83
row_06427,PRD-HP1UAK,12.489,Regular,0.0311,baking goods,170.34,STORE-OYG,25,,Tier_2,Standard Supermarket,995.09
row_06428,PRD-4GS0FH,17.323,Regular,0.0464,Canned,137.64,STORE-AGY,45,Large,Tier_3,Standard Supermarket,2192.75
row_06429,PRD-CBFCQN,13.639,Low Fat,0.0344,Baking Goods,117.5,STORE-JOR,34,,Tier_3,Corner Shop,113.5
row_06430,PRD-2QPR75,13.831,Low Fat,0.0981,dairy,56.32,STORE-HL7,23,Medium,Tier_3,Superstore,1004.7
row_06432,PRD-1UQKER,19.741,Regular,0.059,baking goods,170.16,STORE-DKU,30,,Tier_2,Standard Supermarket,6296.21
row_06433,PRD-NSWIL6,20.851,Low Fat,0.0402,MEAT,120.24,STORE-89Z,33,Medium,Tier_1,Standard Supermarket,1494.06
row_06434,PRD-OFGVRE,6.533,Regular,0.03,Baking Goods,65.72,STORE-YLW,35,Small,Tier_1,Standard Supermarket,870.84
row_06436,PRD-ZE84LM,7.117,Low Fat,0.0231,FROZEN FOODS,98.91,STORE-DKU,30,,Tier_2,Standard Supermarket,1892.45
row_06437,PRD-4CYXQB,17.43,Low Fat,0.1181,snack foods,187.05,STORE-OYG,25,,Tier_2,Standard Supermarket,2505.39
row_06439,PRD-0AB7R8,13.135,Regular,0.1636,Fruits and Vegetables,174.94,STORE-HL7,23,Medium,Tier_3,Superstore,2229.82
row_06440,PRD-GIHADO,13.654,Regular,0.0493,FROZEN FOODS,111.68,STORE-AGY,45,Large,Tier_3,Standard Supermarket,2419.69
row_06441,PRD-SY94EV,11.685,Low Fat,0.0209,HEALTH AND HYGIENE,133.06,STORE-89Z,33,Medium,Tier_1,Standard Supermarket,894.9
row_06442,PRD-JZZGKE,,Regular,0.0832,dairy,50.36,STORE-T5G,47,Small,Tier_1,Corner Shop,147.61
row_06443,PRD-MECOSF,5.898,Regular,0.0186,Soft Drinks,49.32,STORE-HL7,23,Medium,Tier_3,Superstore,456.22
row_06445,PRD-OA9XM0,,Regular,0.0176,MEAT,44.62,STORE-7WS,47,Medium,Tier_3,Flagship Hypermarket,1378.18
row_06446,PRD-T6MJXK,18.296,Low Fat,0.025,Dairy,96.99,STORE-AGY,45,Large,Tier_3,Standard Supermarket,1421.25
row_06448,PRD-L9B3N2,16.275,Low Fat,0.0428,Starchy Foods,38.9,STORE-HL7,23,Medium,Tier_3,Superstore,146.84
row_06449,PRD-U58FLM,4.638,Low Fat,0.1432,breads,127.32,STORE-89Z,33,Medium,Tier_1,Standard Supermarket,2825.81
row_06450,PRD-BF343R,20.392,Regular,0.0501,Frozen Foods,123.75,STORE-HL7,23,Medium,Tier_3,Superstore,785.01
row_06451,PRD-TUF93A,10.78,Low Fat,0.1058,Fruits and Vegetables,193.15,STORE-HL7,23,Medium,Tier_3,Superstore,3553.53
row_06452,PRD-GLFRI8,8.129,Low Fat,0.022,BREAKFAST,233.83,STORE-89Z,33,Medium,Tier_1,Standard Supermarket,7125.94
row_06453,PRD-Z3POTF,8.972,Regular,0.0504,Canned,148.96,STORE-OYG,25,,Tier_2,Standard Supermarket,3600.31
row_06454,PRD-Y20K05,,Low Fat,0.0149,Meat,123.11,STORE-T5G,47,Small,Tier_1,Corner Shop,121.62
row_06456,PRD-OIZ8SJ,12.712,Regular,0.1448,Fruits and Vegetables,256.88,STORE-89Z,33,Medium,Tier_1,Standard Supermarket,1269.19
row_06457,PRD-9R9NDL,15.225,Regular,0.0127,Snack Foods,135.4,STORE-9RG,28,Small,Tier_2,Standard Supermarket,1134.28
row_06458,PRD-JB3VCF,13.89,Regular,0.0124,Snack Foods,53.94,STORE-YLW,35,Small,Tier_1,Standard Supermarket,1584.44
row_06459,PRD-UDA2RN,7.885,Regular,0.0931,BREAKFAST,103.15,STORE-HL7,23,Medium,Tier_3,Superstore,1373.84
row_06460,PRD-1Z0SHZ,6.791,Low Fat,0.0,FRUITS AND VEGETABLES,206.16,STORE-OYG,25,,Tier_2,Standard Supermarket,2722.18
row_06461,PRD-7VKBB8,20.059,Low Fat,0.027,household,97.09,STORE-DKU,30,,Tier_2,Standard Supermarket,1219.82
row_06465,PRD-K3I8BZ,12.006,Low Fat,0.1974,Soft Drinks,185.13,STORE-JOR,34,,Tier_3,Corner Shop,383.28
row_06466,PRD-JJ4AL0,20.207,Low Fat,0.0403,FROZEN FOODS,108.79,STORE-AGY,45,Large,Tier_3,Standard Supermarket,1577.74
row_06467,PRD-FUST21,5.57,Regular,0.1101,Baking Goods,90.26,STORE-YLW,35,Small,Tier_1,Standard Supermarket,2896.18
row_06468,PRD-6AOBHT,,Low Fat,0.0379,Household,130.73,STORE-7WS,47,Medium,Tier_3,Flagship Hypermarket,3257.85
row_06469,PRD-L7ZBSF,20.405,Regular,0.1149,FRUITS AND VEGETABLES,191.77,STORE-YLW,35,Small,Tier_1,Standard Supermarket,3787.83
row_06470,PRD-CVFJDR,15.244,Regular,0.0089,Meat,212.74,STORE-9RG,28,Small,Tier_2,Standard Supermarket,2957.44
row_06472,PRD-YUZ87C,15.007,Low Fat,0.0274,baking goods,151.64,STORE-AGY,45,Large,Tier_3,Standard Supermarket,2180.47
row_06473,PRD-ZFWONV,5.578,Regular,0.1085,fruits and vegetables,143.06,STORE-89Z,33,Medium,Tier_1,Standard Supermarket,3248.28
row_06474,PRD-ZXY5TE,12.961,Low Fat,0.0408,Household,105.95,STORE-YLW,35,Small,Tier_1,Standard Supermarket,1401.39
row_06476,PRD-PKT9A9,14.69,Regular,0.0567,canned,59.3,STORE-OYG,25,,Tier_2,Standard Supermarket,1645.6
row_06477,PRD-YOQF1P,13.602,Regular,0.0133,Fruits and Vegetables,113.63,STORE-HL7,23,Medium,Tier_3,Superstore,1611.07
row_06478,PRD-ORDJGF,19.959,Low Fat,0.0052,dairy,271.5,STORE-9RG,28,Small,Tier_2,Standard Supermarket,6012.45
row_06480,PRD-UJG7IN,5.951,Low Fat,0.0941,FROZEN FOODS,123.79,STORE-DKU,30,,Tier_2,Standard Supermarket,530.84
row_06481,PRD-NMRS5Y,8.413,Low Fat,0.0301,BAKING GOODS,91.75,STORE-AGY,45,Large,Tier_3,Standard Supermarket,907.79
row_06482,PRD-8R8KUS,9.711,Regular,0.0641,FRUITS AND VEGETABLES,113.81,STORE-HL7,23,Medium,Tier_3,Superstore,1632.92
row_06483,PRD-OFS80Q,7.497,Regular,0.0247,snack foods,193.8,STORE-HL7,23,Medium,Tier_3,Superstore,2457.07
row_06484,PRD-5AH9WE,17.813,Low Fat,0.0867,Household,186.24,STORE-DKU,30,,Tier_2,Standard Supermarket,3159.04
row_06486,PRD-BWWWTP,20.57,Low Fat,0.0923,Dairy,258.14,STORE-OYG,25,,Tier_2,Standard Supermarket,7946.41
row_06487,PRD-KYKIRT,8.275,Low Fat,0.2156,Fruits and Vegetables,214.78,STORE-JOR,34,,Tier_3,Corner Shop,413.2
row_06488,PRD-MH7GX8,18.906,Low Fat,0.1049,Dairy,53.35,STORE-89Z,33,Medium,Tier_1,Standard Supermarket,782.73
row_06489,PRD-U0COJB,9.106,Low Fat,0.0665,Frozen Foods,176.77,STORE-9RG,28,Small,Tier_2,Standard Supermarket,2221.18
row_06490,PRD-L9B3N2,,Low Fat,0.0413,Starchy Foods,37.4,STORE-7WS,47,Medium,Tier_3,Flagship Hypermarket,801.62
row_06491,PRD-PKT9A9,14.93,Regular,0.0885,Canned,60.84,STORE-JOR,34,,Tier_3,Corner Shop,118.19
row_06492,PRD-DE4M6H,6.777,Regular,0.0,FROZEN FOODS,39.15,STORE-AGY,45,Large,Tier_3,Standard Supermarket,304.29
row_06493,PRD-JFPWZ6,11.51,Regular,0.0977,Snack Foods,125.15,STORE-HL7,23,Medium,Tier_3,Superstore,1004.77
row_06494,PRD-YDT7CU,14.76,Regular,0.1112,BREADS,253.93,STORE-JOR,34,,Tier_3,Corner Shop,1003.99
row_06496,PRD-1H8OJR,7.813,Low Fat,0.073,Hard Drinks,37.79,STORE-89Z,33,Medium,Tier_1,Standard Supermarket,786.12
row_06497,PRD-SMRD3A,8.852,Low Fat,0.0555,Fruits and Vegetables,181.96,STORE-DKU,30,,Tier_2,Standard Supermarket,1229.39
row_06498,PRD-965050,9.047,Low Fat,0.0852,Frozen Foods,218.25,STORE-YLW,35,Small,Tier_1,Standard Supermarket,2004.77
row_06500,PRD-Q2RPUV,8.837,Low Fat,0.0324,health and hygiene,141.26,STORE-HL7,23,Medium,Tier_3,Superstore,286.46
row_06501,PRD-KL9Z6V,18.008,Low Fat,0.1659,FRUITS AND VEGETABLES,38.8,STORE-89Z,33,Medium,Tier_1,Standard Supermarket,816.87
row_06502,PRD-8VYI78,15.559,Low Fat,0.0758,HOUSEHOLD,236.72,STORE-HL7,23,Medium,Tier_3,Superstore,4411.4
row_06503,PRD-WDSS7E,19.238,Regular,0.0417,FROZEN FOODS,49.38,STORE-HL7,23,Medium,Tier_3,Superstore,988.19
row_06506,PRD-U4W9RS,,Low Fat,0.0927,BAKING GOODS,143.19,STORE-7WS,47,Medium,Tier_3,Flagship Hypermarket,3541.27
row_06507,PRD-192YWO,12.372,Low Fat,0.028,Canned,57.92,STORE-9RG,28,Small,Tier_2,Standard Supermarket,1769.59
row_06508,PRD-OEVB9O,6.133,Low Fat,0.0269,Soft Drinks,83.81,STORE-AGY,45,Large,Tier_3,Standard Supermarket,1674.76
row_06509,PRD-1K1QT6,13.911,Low Fat,0.0096,Household,175.63,STORE-DKU,30,,Tier_2,Standard Supermarket,4593.32
row_06512,PRD-UT6HR4,14.191,Low Fat,0.0302,Health and Hygiene,129.07,STORE-AGY,45,Large,Tier_3,Standard Supermarket,252.58
row_06513,PRD-75I63R,9.288,Regular,0.0658,Frozen Foods,81.81,STORE-OYG,25,,Tier_2,Standard Supermarket,1110.58
row_06515,PRD-MVFBO1,,Low Fat,0.059,Household,229.98,STORE-7WS,47,Medium,Tier_3,Flagship Hypermarket,5235.66
row_06517,PRD-ZTO1FG,13.653,Low Fat,0.1458,DAIRY,259.21,STORE-OYG,25,,Tier_2,Standard Supermarket,2296.8
row_06519,PRD-F1RCAV,8.913,Low Fat,0.0853,hard drinks,156.04,STORE-9RG,28,Small,Tier_2,Standard Supermarket,1859.86
row_06521,PRD-2VTJXU,6.27,Low Fat,0.1251,fruits and vegetables,45.17,STORE-9RG,28,Small,Tier_2,Standard Supermarket,400.93
row_06522,PRD-1QV3CG,8.443,Regular,0.0413,fruits and vegetables,193.92,STORE-OYG,25,,Tier_2,Standard Supermarket,1906.16
row_06523,PRD-QK31H5,15.647,Low Fat,0.0343,Fruits and Vegetables,255.28,STORE-9RG,28,Small,Tier_2,Standard Supermarket,5952.01
row_06524,PRD-RMB8Q9,10.675,Low Fat,0.0336,HEALTH AND HYGIENE,82.62,STORE-9RG,28,Small,Tier_2,Standard Supermarket,1161.51
row_06526,PRD-202SK1,19.399,Low Fat,0.0,canned,178.84,STORE-89Z,33,Medium,Tier_1,Standard Supermarket,2295.75
row_06527,PRD-9KE7J2,15.677,Low Fat,0.0,BREADS,174.66,STORE-OYG,25,,Tier_2,Standard Supermarket,2816.73
row_06529,PRD-PDRI65,11.844,Low Fat,0.0296,HEALTH AND HYGIENE,130.69,STORE-JOR,34,,Tier_3,Corner Shop,256.99
row_06530,PRD-5I78U5,7.509,Regular,0.0146,fruits and vegetables,235.46,STORE-DKU,30,,Tier_2,Standard Supermarket,5386.68
row_06532,PRD-X7Z97Z,,Low Fat,0.1664,household,55.54,STORE-T5G,47,Small,Tier_1,Corner Shop,227.03
row_06533,PRD-S668FR,,Low Fat,0.1562,Others,179.89,STORE-T5G,47,Small,Tier_1,Corner Shop,365.04
row_06535,PRD-PF322F,8.952,Low Fat,0.1237,Breakfast,179.59,STORE-JOR,34,,Tier_3,Corner Shop,168.79
row_06536,PRD-LF7XE7,15.82,Low Fat,0.1782,FRUITS AND VEGETABLES,111.74,STORE-DKU,30,,Tier_2,Standard Supermarket,1873.45
row_06537,PRD-U1OJA0,13.084,Low Fat,0.0,breads,217.83,STORE-HL7,23,Medium,Tier_3,Superstore,3202.52
row_06538,PRD-LFQG18,10.97,Regular,0.0927,meat,96.11,STORE-JOR,34,,Tier_3,Corner Shop,192.65
row_06540,PRD-3BD4Z1,6.2,Low Fat,0.0319,fruits and vegetables,156.3,STORE-OYG,25,,Tier_2,Standard Supermarket,2514.75
row_06542,PRD-6DXZJ1,,Regular,0.1201,Snack Foods,63.11,STORE-T5G,47,Small,Tier_1,Corner Shop,65.2
row_06544,PRD-0948NP,9.652,Low Fat,0.0362,Fruits and Vegetables,140.56,STORE-AGY,45,Large,Tier_3,Standard Supermarket,2599.42
row_06545,PRD-ZWW54A,20.554,Low Fat,0.108,SNACK FOODS,161.03,STORE-YLW,35,Small,Tier_1,Standard Supermarket,2969.86
row_06547,PRD-YFXOBU,8.71,Regular,0.066,FRUITS AND VEGETABLES,193.65,STORE-YLW,35,Small,Tier_1,Standard Supermarket,2600.96
row_06548,PRD-MSND8D,9.027,Low Fat,0.0398,Soft Drinks,36.66,STORE-AGY,45,Large,Tier_3,Standard Supermarket,1062.37
row_06549,PRD-51TIWG,6.128,Regular,0.0657,BAKING GOODS,187.56,STORE-HL7,23,Medium,Tier_3,Superstore,2007.3
row_06550,PRD-DQYUN3,9.878,Low Fat,0.0482,Hard Drinks,62.17,STORE-YLW,35,Small,Tier_1,Standard Supermarket,1212.54
row_06551,PRD-GLFRI8,8.175,Low Fat,0.0,Breakfast,226.79,STORE-HL7,23,Medium,Tier_3,Superstore,3662.94
row_06555,PRD-OOBWF4,,Low Fat,0.0135,Frozen Foods,36.59,STORE-7WS,47,Medium,Tier_3,Flagship Hypermarket,645.31
row_06556,PRD-4TFZC6,9.941,Low Fat,0.124,FRUITS AND VEGETABLES,185.8,STORE-AGY,45,Large,Tier_3,Standard Supermarket,3501.2
row_06557,PRD-H330KV,,Low Fat,0.0523,fruits and vegetables,143.58,STORE-7WS,47,Medium,Tier_3,Flagship Hypermarket,3776.92
row_06558,PRD-3I603D,17.879,Low Fat,0.0276,Frozen Foods,269.0,STORE-DKU,30,,Tier_2,Standard Supermarket,5402.37
row_06560,PRD-MICMBP,7.615,Regular,0.0856,FROZEN FOODS,35.85,STORE-89Z,33,Medium,Tier_1,Standard Supermarket,614.86
row_06561,PRD-PNWDDS,11.079,Low Fat,0.1219,Dairy,43.95,STORE-89Z,33,Medium,Tier_1,Standard Supermarket,439.36
row_06562,PRD-WCAQ6Y,12.243,Regular,0.1115,fruits and vegetables,80.1,STORE-OYG,25,,Tier_2,Standard Supermarket,1576.31
row_06564,PRD-QEYOOU,19.14,Regular,0.0684,frozen foods,226.02,STORE-YLW,35,Small,Tier_1,Standard Supermarket,5603.61
row_06565,PRD-7CZE3S,7.071,Low Fat,0.014,Meat,118.06,STORE-OYG,25,,Tier_2,Standard Supermarket,1720.05
row_06566,PRD-9VW3RT,17.99,Low Fat,0.0151,Hard Drinks,108.68,STORE-DKU,30,,Tier_2,Standard Supermarket,1453.56
row_06567,PRD-SR6GI0,10.856,Low Fat,0.0369,Fruits and Vegetables,132.64,STORE-9RG,28,Small,Tier_2,Standard Supermarket,642.47
row_06568,PRD-P2S2O8,10.803,Low Fat,0.0,Fruits and Vegetables,57.9,STORE-9RG,28,Small,Tier_2,Standard Supermarket,276.97
row_06569,PRD-U0CRF5,14.531,Regular,0.025,FRUITS AND VEGETABLES,197.86,STORE-DKU,30,,Tier_2,Standard Supermarket,3881.62
row_06570,PRD-XYXASW,15.017,Low Fat,0.0461,BREADS,123.2,STORE-YLW,35,Small,Tier_1,Standard Supermarket,758.9
row_06571,PRD-V5MOIJ,14.261,Regular,0.0408,canned,40.02,STORE-OYG,25,,Tier_2,Standard Supermarket,216.17
row_06572,PRD-YKZ3FQ,14.854,Low Fat,0.0715,health and hygiene,124.26,STORE-AGY,45,Large,Tier_3,Standard Supermarket,2904.18
row_06573,PRD-2UETCH,19.244,Low Fat,0.0319,meat,177.16,STORE-OYG,25,,Tier_2,Standard Supermarket,2543.1
row_06574,PRD-EYRXGB,20.374,Regular,0.0218,Snack Foods,63.82,STORE-89Z,33,Medium,Tier_1,Standard Supermarket,551.61
row_06575,PRD-Q8LYYX,,Regular,0.0771,Frozen Foods,174.9,STORE-OYG,25,,Tier_2,Standard Supermarket,2954.35
row_06576,PRD-1I4EOY,18.734,Low Fat,0.0404,FRUITS AND VEGETABLES,214.38,STORE-HL7,23,Medium,Tier_3,Superstore,6563.97
row_06577,PRD-XLTA8I,13.201,Low Fat,0.0582,Soft Drinks,143.8,STORE-YLW,35,Small,Tier_1,Standard Supermarket,1266.54
row_06579,PRD-E6VA05,9.497,Low Fat,0.0,soft drinks,32.08,STORE-JOR,34,,Tier_3,Corner Shop,33.3
row_06580,PRD-VTAQXP,5.802,Regular,0.1639,Dairy,45.26,STORE-JOR,34,,Tier_3,Corner Shop,185.22
row_06581,PRD-OGYR3X,17.659,Low Fat,0.0368,Soft Drinks,190.1,STORE-89Z,33,Medium,Tier_1,Standard Supermarket,999.68
row_06582,PRD-7Y9HQQ,13.187,Low Fat,0.0303,STARCHY FOODS,246.71,STORE-DKU,30,,Tier_2,Standard Supermarket,3593.63
row_06583,PRD-1J8NER,6.642,Low Fat,0.0273,HOUSEHOLD,119.54,STORE-AGY,45,Large,Tier_3,Standard Supermarket,590.19
row_06584,PRD-5FDHJK,,Low Fat,0.0,SOFT DRINKS,91.04,STORE-7WS,47,Medium,Tier_3,Flagship Hypermarket,2755.97
row_06585,PRD-40MGG1,13.681,Low Fat,0.0982,Soft Drinks,191.59,STORE-89Z,33,Medium,Tier_1,Standard Supermarket,2933.61
row_06586,PRD-JDXA1F,9.534,Low Fat,0.0259,Meat,126.19,STORE-HL7,23,Medium,Tier_3,Superstore,1312.04
row_06587,PRD-USV9I5,18.611,Regular,0.0691,FRUITS AND VEGETABLES,251.95,STORE-OYG,25,,Tier_2,Standard Supermarket,4326.24
row_06588,PRD-L11FC6,19.914,Regular,0.018,meat,100.53,STORE-DKU,30,,Tier_2,Standard Supermarket,2006.26
row_06589,PRD-TUF93A,,Low Fat,0.1994,FRUITS AND VEGETABLES,188.97,STORE-T5G,47,Small,Tier_1,Corner Shop,590.81
row_06590,PRD-P8BYW4,12.739,Regular,0.0241,Meat,230.63,STORE-89Z,33,Medium,Tier_1,Standard Supermarket,4376.93
row_06592,PRD-KC97HQ,17.651,Low Fat,0.0098,Snack Foods,162.82,STORE-9RG,28,Small,Tier_2,Standard Supermarket,3176.56
row_06593,PRD-Q3QA3S,20.268,Regular,0.0322,DAIRY,255.18,STORE-YLW,35,Small,Tier_1,Standard Supermarket,3743.07
row_06595,PRD-2P3YVB,5.122,Low Fat,0.0,Soft Drinks,195.95,STORE-JOR,34,,Tier_3,Corner Shop,379.22
row_06597,PRD-T93K2H,11.529,Low Fat,0.0657,Household,193.6,STORE-9RG,28,Small,Tier_2,Standard Supermarket,2656.22
row_06598,PRD-O90S1M,4.998,Regular,0.0815,breads,225.04,STORE-AGY,45,Large,Tier_3,Standard Supermarket,4069.46
row_06601,PRD-9KE7J2,,Low Fat,0.0824,Breads,174.91,STORE-7WS,47,Medium,Tier_3,Flagship Hypermarket,6236.56
row_06604,PRD-2EZP7V,,Low Fat,0.0182,Health and Hygiene,95.91,STORE-7WS,47,Medium,Tier_3,Flagship Hypermarket,2123.36
row_06605,PRD-0IFJNT,12.766,Low Fat,0.075,dairy,167.47,STORE-89Z,33,Medium,Tier_1,Standard Supermarket,1508.96
row_06606,PRD-BV1R7E,8.851,Regular,0.1335,Frozen Foods,163.93,STORE-9RG,28,Small,Tier_2,Standard Supermarket,1696.61
row_06607,PRD-G8F1CB,19.372,Regular,0.0404,soft drinks,163.71,STORE-AGY,45,Large,Tier_3,Standard Supermarket,4557.16
row_06608,PRD-UC3160,17.605,Regular,0.0741,Meat,107.9,STORE-OYG,25,,Tier_2,Standard Supermarket,441.3
row_06609,PRD-0W78AQ,,Low Fat,0.0484,fruits and vegetables,48.64,STORE-7WS,47,Medium,Tier_3,Flagship Hypermarket,1545.81
row_06610,PRD-RH8H90,,Low Fat,0.0254,HEALTH AND HYGIENE,189.41,STORE-7WS,47,Medium,Tier_3,Flagship Hypermarket,5685.53
row_06612,PRD-5OIBGD,16.399,Low Fat,0.1009,Snack Foods,155.04,STORE-OYG,25,,Tier_2,Standard Supermarket,768.22
row_06613,PRD-LUX745,16.841,Low Fat,0.0348,HEALTH AND HYGIENE,91.19,STORE-HL7,23,Medium,Tier_3,Superstore,541.79
row_06614,PRD-WV98Y3,20.931,Low Fat,0.141,snack foods,120.95,STORE-9RG,28,Small,Tier_2,Standard Supermarket,1302.16
row_06615,PRD-8KYLHT,9.414,Low Fat,0.1671,Snack Foods,104.56,STORE-OYG,25,,Tier_2,Standard Supermarket,1430.73
row_06618,PRD-9DBWQW,19.083,Low Fat,0.0698,household,88.32,STORE-JOR,34,,Tier_3,Corner Shop,453.47
row_06620,PRD-1GAGQO,12.304,Low Fat,0.0573,SEAFOOD,51.83,STORE-89Z,33,Medium,Tier_1,Standard Supermarket,457.32
row_06621,PRD-C3DXMR,16.491,Low Fat,0.0359,snack foods,89.62,STORE-AGY,45,Large,Tier_3,Standard Supermarket,2295.83
row_06622,PRD-MS2LEL,19.04,Low Fat,0.1176,Snack Foods,218.83,STORE-YLW,35,Small,Tier_1,Standard Supermarket,2024.33
row_06623,PRD-HR8X8C,13.314,Regular,0.2097,starchy foods,95.67,STORE-JOR,34,,Tier_3,Corner Shop,97.77
row_06624,PRD-IDKG04,8.561,Regular,0.0885,snack foods,116.32,STORE-AGY,45,Large,Tier_3,Standard Supermarket,2046.73
row_06625,PRD-4RQYWN,16.491,Low Fat,0.0563,household,122.57,STORE-JOR,34,,Tier_3,Corner Shop,255.06
row_06626,PRD-0MUOHU,17.191,Low Fat,0.0541,breads,84.17,STORE-9RG,28,Small,Tier_2,Standard Supermarket,1773.64
row_06627,PRD-95CTT5,7.677,Low Fat,0.073,fruits and vegetables,191.36,STORE-89Z,33,Medium,Tier_1,Standard Supermarket,4999.23
row_06628,PRD-8MX1EV,19.023,Low Fat,0.0252,soft drinks,51.73,STORE-JOR,34,,Tier_3,Corner Shop,52.45
row_06629,PRD-E7QYO7,10.289,Regular,0.0449,Fruits and Vegetables,121.72,STORE-DKU,30,,Tier_2,Standard Supermarket,447.74
row_06631,PRD-FKTCNU,,Regular,0.0859,Snack Foods,121.72,STORE-7WS,47,Medium,Tier_3,Flagship Hypermarket,2472.72
row_06632,PRD-N5SYDV,5.055,Low Fat,0.0115,Household,264.33,STORE-9RG,28,Small,Tier_2,Standard Supermarket,2737.76
row_06634,PRD-T6MJXK,,Low Fat,0.043,Dairy,98.6,STORE-T5G,47,Small,Tier_1,Corner Shop,188.63
row_06635,PRD-5YE8T5,,Regular,0.0353,Fruits and Vegetables,161.65,STORE-YLW,35,Small,Tier_1,Standard Supermarket,4257.39
row_06637,PRD-V94X2H,14.512,Low Fat,0.0333,Snack Foods,249.2,STORE-HL7,23,Medium,Tier_3,Superstore,1673.93
row_06638,PRD-CC46C1,,Regular,0.1202,Baking Goods,197.02,STORE-7WS,47,Medium,Tier_3,Flagship Hypermarket,5460.84
row_06639,PRD-KS265G,15.937,Low Fat,0.1617,Household,56.63,STORE-HL7,23,Medium,Tier_3,Superstore,809.16
row_06640,PRD-7ZGA6X,14.774,Low Fat,0.0753,Baking Goods,90.7,STORE-OYG,25,,Tier_2,Standard Supermarket,545.68
row_06641,PRD-OSI366,,Low Fat,0.0859,Fruits and Vegetables,112.5,STORE-7WS,47,Medium,Tier_3,Flagship Hypermarket,3345.35
row_06642,PRD-L6H2NL,8.949,Low Fat,0.0796,Household,46.88,STORE-HL7,23,Medium,Tier_3,Superstore,463.4
row_06643,PRD-THLXJ6,,Low Fat,0.2144,SNACK FOODS,46.27,STORE-T5G,47,Small,Tier_1,Corner Shop,183.54
row_06644,PRD-SNF69T,8.676,Low Fat,0.0136,Household,54.27,STORE-YLW,35,Small,Tier_1,Standard Supermarket,974.51
row_06649,PRD-T5HGP8,10.373,Regular,0.1172,Baking Goods,164.06,STORE-OYG,25,,Tier_2,Standard Supermarket,2773.61
row_06650,PRD-YP2KNW,12.191,Regular,0.0588,fruits and vegetables,164.87,STORE-OYG,25,,Tier_2,Standard Supermarket,3462.65
row_06652,PRD-4JXFPK,,Low Fat,0.2955,dairy,55.13,STORE-T5G,47,Small,Tier_1,Corner Shop,111.04
row_06653,PRD-VP8H4N,,Low Fat,0.1666,Canned,50.0,STORE-T5G,47,Small,Tier_1,Corner Shop,208.7
row_06654,PRD-H8LBRN,,Low Fat,0.0279,Household,257.67,STORE-7WS,47,Medium,Tier_3,Flagship Hypermarket,5942.13
row_06655,PRD-P1PFDI,,Low Fat,0.1089,others,106.49,STORE-7WS,47,Medium,Tier_3,Flagship Hypermarket,1587.94
row_06656,PRD-7N4YTU,17.933,Low Fat,0.0786,snack foods,253.39,STORE-89Z,33,Medium,Tier_1,Standard Supermarket,3755.53
row_06657,PRD-UHG7EC,14.107,Regular,0.0247,frozen foods,162.21,STORE-9RG,28,Small,Tier_2,Standard Supermarket,2893.16
row_06658,PRD-L3H73U,7.097,Low Fat,0.0,Snack Foods,118.56,STORE-DKU,30,,Tier_2,Standard Supermarket,1417.09
row_06659,PRD-NMIC1F,11.24,Regular,0.0,SNACK FOODS,101.46,STORE-9RG,28,Small,Tier_2,Standard Supermarket,2209.3
row_06661,PRD-OZ9XFZ,16.393,Regular,0.0972,FROZEN FOODS,91.13,STORE-YLW,35,Small,Tier_1,Standard Supermarket,906.92
row_06662,PRD-6RX35U,13.984,Regular,0.0694,Frozen Foods,192.82,STORE-YLW,35,Small,Tier_1,Standard Supermarket,5629.58
row_06664,PRD-P2F8UZ,12.18,Low Fat,0.0519,Household,191.46,STORE-AGY,45,Large,Tier_3,Standard Supermarket,3805.43
row_06665,PRD-XCFTUX,14.433,Low Fat,0.0182,canned,187.73,STORE-OYG,25,,Tier_2,Standard Supermarket,3915.0
row_06666,PRD-WEPXSK,15.215,Low Fat,0.0471,soft drinks,74.4,STORE-YLW,35,Small,Tier_1,Standard Supermarket,780.08
row_06667,PRD-Y54CLR,19.569,Regular,0.1226,Snack Foods,165.25,STORE-9RG,28,Small,Tier_2,Standard Supermarket,1789.3
row_06670,PRD-JD2GVF,9.201,Low Fat,0.0274,Baking Goods,193.86,STORE-OYG,25,,Tier_2,Standard Supermarket,3617.64
row_06672,PRD-L8WU3R,19.696,Regular,0.0182,Snack Foods,114.28,STORE-89Z,33,Medium,Tier_1,Standard Supermarket,1363.79
row_06674,PRD-OI4J3X,,Regular,0.2912,Fruits and Vegetables,63.91,STORE-T5G,47,Small,Tier_1,Corner Shop,253.04
row_06676,PRD-DZVGPM,20.802,Low Fat,0.0215,SOFT DRINKS,147.41,STORE-DKU,30,,Tier_2,Standard Supermarket,2779.61
row_06678,PRD-2H3TZR,9.692,Low Fat,0.0,SOFT DRINKS,163.27,STORE-89Z,33,Medium,Tier_1,Standard Supermarket,3412.67
row_06679,PRD-1APTC7,19.839,Low Fat,0.0592,Health and Hygiene,115.47,STORE-YLW,35,Small,Tier_1,Standard Supermarket,2575.99
row_06680,PRD-R9OUDO,5.722,Low Fat,0.0461,Soft Drinks,86.37,STORE-HL7,23,Medium,Tier_3,Superstore,1298.92
row_06681,PRD-TFIUHP,,Low Fat,0.072,Fruits and Vegetables,100.06,STORE-7WS,47,Medium,Tier_3,Flagship Hypermarket,2127.82
row_06685,PRD-0ZYCMV,17.985,Low Fat,0.0117,fruits and vegetables,158.91,STORE-DKU,30,,Tier_2,Standard Supermarket,2940.58
row_06687,PRD-GW4LDH,9.823,Low Fat,0.1566,Health and Hygiene,144.87,STORE-JOR,34,,Tier_3,Corner Shop,892.23
row_06688,PRD-UWE98S,7.648,Low Fat,0.0335,Frozen Foods,242.5,STORE-DKU,30,,Tier_2,Standard Supermarket,3940.48
row_06690,PRD-ZXY5TE,12.578,Low Fat,0.0442,Household,109.47,STORE-DKU,30,,Tier_2,Standard Supermarket,3606.01
row_06691,PRD-R0T4EX,13.042,Low Fat,0.1174,Starchy Foods,253.71,STORE-JOR,34,,Tier_3,Corner Shop,251.32
row_06692,PRD-SB61LG,20.323,Regular,0.0488,Fruits and Vegetables,189.71,STORE-89Z,33,Medium,Tier_1,Standard Supermarket,2862.92
row_06694,PRD-0L0JBS,,Regular,0.0093,Canned,102.12,STORE-7WS,47,Medium,Tier_3,Flagship Hypermarket,3120.97
row_06695,PRD-AQ6L6G,6.096,Low Fat,0.0817,soft drinks,111.86,STORE-9RG,28,Small,Tier_2,Standard Supermarket,1759.64
row_06698,PRD-82BCVD,,Regular,0.0617,FRUITS AND VEGETABLES,127.48,STORE-7WS,47,Medium,Tier_3,Flagship Hypermarket,2772.47
row_06699,PRD-2QPR75,13.621,Low Fat,0.0981,DAIRY,54.39,STORE-OYG,25,,Tier_2,Standard Supermarket,649.29
row_06700,PRD-90O7Y2,15.796,Low Fat,0.1578,SOFT DRINKS,197.96,STORE-JOR,34,,Tier_3,Corner Shop,613.35
row_06702,PRD-EMDJNI,,Low Fat,0.0199,Household,45.48,STORE-7WS,47,Medium,Tier_3,Flagship Hypermarket,749.04
row_06703,PRD-PKL0BL,5.788,Low Fat,0.0152,SOFT DRINKS,145.66,STORE-89Z,33,Medium,Tier_1,Standard Supermarket,1848.37
row_06704,PRD-GILBRO,6.748,Low Fat,0.0224,Meat,147.08,STORE-AGY,45,Large,Tier_3,Standard Supermarket,2604.15
row_06705,PRD-L532UU,17.864,Low Fat,0.0313,DAIRY,249.62,STORE-DKU,30,,Tier_2,Standard Supermarket,1469.84
row_06706,PRD-MVV44C,11.402,Regular,0.0676,Meat,238.38,STORE-DKU,30,,Tier_2,Standard Supermarket,1385.19
row_06707,PRD-US5PUY,14.543,Low Fat,0.0696,FRUITS AND VEGETABLES,49.33,STORE-89Z,33,Medium,Tier_1,Standard Supermarket,999.49
row_06708,PRD-X9G7HS,10.176,Low Fat,0.1278,Canned,111.79,STORE-HL7,23,Medium,Tier_3,Superstore,1277.86
row_06709,PRD-7EFVUZ,15.346,Low Fat,0.0466,HEALTH AND HYGIENE,137.57,STORE-89Z,33,Medium,Tier_1,Standard Supermarket,2192.3
row_06711,PRD-Y54CLR,,Regular,0.2344,Snack Foods,171.8,STORE-T5G,47,Small,Tier_1,Corner Shop,163.68
row_06712,PRD-AK1VRJ,5.939,Regular,0.0074,Soft Drinks,183.79,STORE-AGY,45,Large,Tier_3,Standard Supermarket,3667.54
row_06713,PRD-LBIPQF,,Regular,0.0801,Fruits and Vegetables,121.88,STORE-T5G,47,Small,Tier_1,Corner Shop,356.51
row_06714,PRD-FHG8KS,,Low Fat,0.1996,Household,127.23,STORE-T5G,47,Small,Tier_1,Corner Shop,260.68
row_06715,PRD-OOBWF4,15.361,Low Fat,0.0241,frozen foods,36.02,STORE-JOR,34,,Tier_3,Corner Shop,37.87
row_06716,PRD-IUYATD,10.783,Low Fat,0.032,Household,115.98,STORE-AGY,45,Large,Tier_3,Standard Supermarket,1025.56
row_06718,PRD-WWQC38,12.115,Low Fat,0.0723,Soft Drinks,109.26,STORE-OYG,25,,Tier_2,Standard Supermarket,2294.11
row_06721,PRD-25KFBO,19.479,Regular,0.0254,FRUITS AND VEGETABLES,146.78,STORE-9RG,28,Small,Tier_2,Standard Supermarket,1535.5
row_06724,PRD-APC4XY,7.077,Regular,0.0385,Baking Goods,61.47,STORE-DKU,30,,Tier_2,Standard Supermarket,1493.93
row_06725,PRD-P8BYW4,12.747,Regular,0.0394,Meat,230.74,STORE-JOR,34,,Tier_3,Corner Shop,1571.47
row_06726,PRD-7TV5ZK,7.013,Regular,0.1407,Canned,109.86,STORE-DKU,30,,Tier_2,Standard Supermarket,1980.68
row_06727,PRD-UMMSR8,11.106,Low Fat,0.0295,Snack Foods,51.62,STORE-OYG,25,,Tier_2,Standard Supermarket,739.75
row_06728,PRD-0AB7R8,13.337,Regular,0.1622,Fruits and Vegetables,173.56,STORE-AGY,45,Large,Tier_3,Standard Supermarket,4263.14
row_06729,PRD-T2DADY,,Low Fat,0.0214,Others,84.06,STORE-7WS,47,Medium,Tier_3,Flagship Hypermarket,2189.78
row_06730,PRD-VG0CH2,12.239,Regular,0.0601,frozen foods,102.01,STORE-OYG,25,,Tier_2,Standard Supermarket,2373.64
row_06731,PRD-X7AKU0,,Low Fat,0.0735,HEALTH AND HYGIENE,121.05,STORE-7WS,47,Medium,Tier_3,Flagship Hypermarket,3116.81
row_06732,PRD-IPH6H7,5.88,Low Fat,0.0425,FRUITS AND VEGETABLES,148.05,STORE-HL7,23,Medium,Tier_3,Superstore,2467.43
row_06733,PRD-0G6HSH,6.018,Regular,0.0816,baking goods,150.24,STORE-YLW,35,Small,Tier_1,Standard Supermarket,2827.56
row_06734,PRD-KF9QCF,16.319,Low Fat,0.0755,health and hygiene,34.37,STORE-YLW,35,Small,Tier_1,Standard Supermarket,327.78
row_06736,PRD-1RXIV4,17.654,Low Fat,0.0302,snack foods,167.49,STORE-AGY,45,Large,Tier_3,Standard Supermarket,2573.35
row_06737,PRD-A0G7G2,,Low Fat,0.0375,FRUITS AND VEGETABLES,266.8,STORE-7WS,47,Medium,Tier_3,Flagship Hypermarket,9207.14
row_06738,PRD-98BNVW,,Regular,0.1172,Fruits and Vegetables,193.44,STORE-T5G,47,Small,Tier_1,Corner Shop,578.43
row_06739,PRD-SBZRAD,6.492,Low Fat,0.0341,SNACK FOODS,144.82,STORE-YLW,35,Small,Tier_1,Standard Supermarket,3089.43
row_06740,PRD-P8BYW4,13.051,Regular,0.0245,meat,222.47,STORE-YLW,35,Small,Tier_1,Standard Supermarket,1738.47
row_06741,PRD-LJKPHC,,Regular,0.1719,fruits and vegetables,85.95,STORE-T5G,47,Small,Tier_1,Corner Shop,496.49
row_06742,PRD-QE536X,7.19,Low Fat,0.092,Fruits and Vegetables,91.42,STORE-HL7,23,Medium,Tier_3,Superstore,1663.12
row_06743,PRD-Y20K05,10.749,Low Fat,0.0087,MEAT,119.42,STORE-9RG,28,Small,Tier_2,Standard Supermarket,2152.32
row_06744,PRD-7MFP05,,Low Fat,0.0,SOFT DRINKS,40.13,STORE-T5G,47,Small,Tier_1,Corner Shop,38.68
row_06745,PRD-PX2TN7,,Low Fat,0.1155,Baking Goods,34.35,STORE-7WS,47,Medium,Tier_3,Flagship Hypermarket,1029.63
row_06747,PRD-57923T,,Regular,0.1912,DAIRY,219.95,STORE-T5G,47,Small,Tier_1,Corner Shop,427.09
row_06749,PRD-QL2E5M,,Low Fat,0.0622,Dairy,172.26,STORE-7WS,47,Medium,Tier_3,Flagship Hypermarket,3146.36
row_06751,PRD-1ZXOI6,12.15,Regular,0.0607,Soft Drinks,56.28,STORE-9RG,28,Small,Tier_2,Standard Supermarket,835.59
row_06752,PRD-AY4H8W,9.105,Regular,0.082,Breads,174.29,STORE-9RG,28,Small,Tier_2,Standard Supermarket,2129.78
row_06753,PRD-GGO8YM,16.851,Regular,0.0644,Breakfast,185.15,STORE-89Z,33,Medium,Tier_1,Standard Supermarket,4283.65
row_06754,PRD-IMZXFQ,7.026,Low Fat,0.0386,FROZEN FOODS,261.88,STORE-JOR,34,,Tier_3,Corner Shop,1004.3
row_06755,PRD-PXZYDW,15.508,Low Fat,0.0535,household,139.71,STORE-YLW,35,Small,Tier_1,Standard Supermarket,1359.7
row_06756,PRD-0YF9P7,,Low Fat,0.1854,Fruits and Vegetables,56.9,STORE-T5G,47,Small,Tier_1,Corner Shop,156.62
row_06757,PRD-1Z0SHZ,6.831,Low Fat,0.0177,Fruits and Vegetables,214.53,STORE-AGY,45,Large,Tier_3,Standard Supermarket,3072.28
row_06758,PRD-LFQG18,,Regular,0.0564,Meat,97.49,STORE-7WS,47,Medium,Tier_3,Flagship Hypermarket,2180.71
row_06759,PRD-WA5IMY,,Regular,0.0812,Frozen Foods,81.29,STORE-7WS,47,Medium,Tier_3,Flagship Hypermarket,1384.4
row_06760,PRD-RMBF82,9.529,Regular,0.057,Fruits and Vegetables,168.43,STORE-JOR,34,,Tier_3,Corner Shop,174.47
row_06761,PRD-1Z14YA,12.904,Low Fat,0.1192,MEAT,104.25,STORE-9RG,28,Small,Tier_2,Standard Supermarket,2760.09
row_06762,PRD-E7QYO7,9.917,Regular,0.0782,Fruits and Vegetables,119.98,STORE-JOR,34,,Tier_3,Corner Shop,364.52
row_06763,PRD-5Z8FE8,19.283,Low Fat,0.01,household,208.74,STORE-9RG,28,Small,Tier_2,Standard Supermarket,1702.96
row_06764,PRD-X272HP,,Low Fat,0.0678,SOFT DRINKS,112.3,STORE-7WS,47,Medium,Tier_3,Flagship Hypermarket,2803.74
row_06765,PRD-T0G7RI,14.085,Regular,0.0436,snack foods,54.05,STORE-9RG,28,Small,Tier_2,Standard Supermarket,1128.89
row_06766,PRD-8LMN4R,,Low Fat,0.0505,Soft Drinks,43.61,STORE-7WS,47,Medium,Tier_3,Flagship Hypermarket,1265.91
row_06767,PRD-1GP1Z7,10.529,Regular,0.0916,Snack Foods,208.92,STORE-9RG,28,Small,Tier_2,Standard Supermarket,4863.59
row_06768,PRD-IMZXFQ,6.742,Low Fat,0.0236,Frozen Foods,268.58,STORE-9RG,28,Small,Tier_2,Standard Supermarket,4111.23
row_06769,PRD-OEM1VZ,20.288,Regular,0.0773,Dairy,196.57,STORE-9RG,28,Small,Tier_2,Standard Supermarket,4672.08
row_06770,PRD-88AENN,11.235,Regular,0.0523,Fruits and Vegetables,162.67,STORE-OYG,25,,Tier_2,Standard Supermarket,2753.81
row_06771,PRD-DZ26FO,11.62,Low Fat,0.0185,Canned,180.75,STORE-YLW,35,Small,Tier_1,Standard Supermarket,1236.18
row_06773,PRD-YUG5GN,,Low Fat,0.0,fruits and vegetables,46.44,STORE-89Z,33,Medium,Tier_1,Standard Supermarket,1573.3
row_06774,PRD-VI7F16,9.642,Regular,0.072,Snack Foods,122.11,STORE-89Z,33,Medium,Tier_1,Standard Supermarket,1583.71
row_06775,PRD-202SK1,19.488,Low Fat,0.0789,canned,172.27,STORE-9RG,28,Small,Tier_2,Standard Supermarket,2124.61
row_06777,PRD-3A1DU1,5.887,Low Fat,0.0818,Household,168.59,STORE-HL7,23,Medium,Tier_3,Superstore,1999.48
row_06778,PRD-I67HN3,,Low Fat,0.0105,HOUSEHOLD,232.78,STORE-7WS,47,Medium,Tier_3,Flagship Hypermarket,12996.82
row_06779,PRD-8MX1EV,18.456,Low Fat,0.0146,Soft Drinks,49.27,STORE-AGY,45,Large,Tier_3,Standard Supermarket,619.27
row_06780,PRD-5N8I4P,12.142,Low Fat,0.1379,dairy,98.4,STORE-DKU,30,,Tier_2,Standard Supermarket,1759.25
row_06781,PRD-EU4L5G,15.353,Regular,0.0991,Fruits and Vegetables,204.8,STORE-HL7,23,Medium,Tier_3,Superstore,4938.43
row_06783,PRD-ZEGYU5,10.274,Regular,0.0464,Snack Foods,38.59,STORE-89Z,33,Medium,Tier_1,Standard Supermarket,624.52
row_06784,PRD-UIB5SQ,10.251,Low Fat,0.0272,Meat,75.87,STORE-OYG,25,,Tier_2,Standard Supermarket,1452.17
row_06787,PRD-0B58ST,17.14,Regular,0.0078,canned,104.33,STORE-YLW,35,Small,Tier_1,Standard Supermarket,1567.42
row_06788,PRD-O5ZFW1,5.64,Low Fat,0.0731,Health and Hygiene,168.1,STORE-JOR,34,,Tier_3,Corner Shop,163.67
row_06789,PRD-IWHL8Z,7.452,Low Fat,0.028,CANNED,152.39,STORE-89Z,33,Medium,Tier_1,Standard Supermarket,2871.75
row_06790,PRD-3KSWI6,20.581,Regular,0.012,CANNED,185.91,STORE-YLW,35,Small,Tier_1,Standard Supermarket,4868.55
row_06791,PRD-567H48,17.579,Regular,0.0406,Frozen Foods,92.58,STORE-89Z,33,Medium,Tier_1,Standard Supermarket,1406.09
row_06792,PRD-UDA2RN,,Regular,0.0962,Breakfast,104.33,STORE-7WS,47,Medium,Tier_3,Flagship Hypermarket,3683.22
row_06793,PRD-8A170X,18.34,Low Fat,0.0397,frozen foods,246.59,STORE-89Z,33,Medium,Tier_1,Standard Supermarket,7477.67
row_06794,PRD-KSF4HT,11.815,Low Fat,0.0352,SEAFOOD,110.48,STORE-YLW,35,Small,Tier_1,Standard Supermarket,2597.1
row_06795,PRD-8INI8M,6.638,Regular,0.1223,Snack Foods,89.37,STORE-89Z,33,Medium,Tier_1,Standard Supermarket,1520.35
row_06796,PRD-FZ61II,10.412,Regular,0.0,Frozen Foods,138.71,STORE-HL7,23,Medium,Tier_3,Superstore,4659.17
row_06797,PRD-OKCXPA,10.319,Low Fat,0.031,canned,53.03,STORE-OYG,25,,Tier_2,Standard Supermarket,774.85
row_06798,PRD-KF9QCF,16.664,Low Fat,0.0721,health and hygiene,34.57,STORE-9RG,28,Small,Tier_2,Standard Supermarket,1020.83
row_06799,PRD-EGKRHJ,,Regular,0.0059,Snack Foods,98.65,STORE-7WS,47,Medium,Tier_3,Flagship Hypermarket,1999.1
row_06800,PRD-E8DE4C,15.954,Regular,0.0,Snack Foods,148.4,STORE-HL7,23,Medium,Tier_3,Superstore,1281.74
row_06801,PRD-PX2TN7,12.353,Low Fat,0.1065,Baking Goods,34.89,STORE-DKU,30,,Tier_2,Standard Supermarket,831.77
row_06802,PRD-6JKLOQ,11.343,Low Fat,0.1749,Baking Goods,162.88,STORE-9RG,28,Small,Tier_2,Standard Supermarket,1952.64
row_06803,PRD-TC2QWF,15.061,Regular,0.1693,Canned,189.02,STORE-DKU,30,,Tier_2,Standard Supermarket,2481.7
row_06804,PRD-6O0HUH,20.377,Regular,0.0153,Fruits and Vegetables,231.32,STORE-OYG,25,,Tier_2,Standard Supermarket,6360.91
row_06806,PRD-3A1DU1,5.835,Low Fat,0.1406,Household,175.37,STORE-JOR,34,,Tier_3,Corner Shop,513.3
row_06807,PRD-PKL0BL,,Low Fat,0.0149,SOFT DRINKS,142.91,STORE-7WS,47,Medium,Tier_3,Flagship Hypermarket,3194.53
row_06808,PRD-UDD467,8.836,Low Fat,0.029,DAIRY,151.46,STORE-OYG,25,,Tier_2,Standard Supermarket,3893.32
row_06810,PRD-KL6CEV,,Low Fat,0.1552,household,87.64,STORE-T5G,47,Small,Tier_1,Corner Shop,86.97
row_06811,PRD-BWWWTP,19.953,Low Fat,0.0899,Dairy,255.67,STORE-AGY,45,Large,Tier_3,Standard Supermarket,2121.34
row_06812,PRD-PR2ESP,14.501,Low Fat,0.0205,HARD DRINKS,144.29,STORE-89Z,33,Medium,Tier_1,Standard Supermarket,2325.96
row_06814,PRD-N3QXKH,14.19,Low Fat,0.0922,Dairy,230.82,STORE-9RG,28,Small,Tier_2,Standard Supermarket,3320.1
row_06815,PRD-7VMGGA,11.521,Low Fat,0.0376,Health and Hygiene,96.54,STORE-HL7,23,Medium,Tier_3,Superstore,2575.57
row_06816,PRD-PGW90J,13.864,Low Fat,0.0424,dairy,54.77,STORE-89Z,33,Medium,Tier_1,Standard Supermarket,1154.26
row_06819,PRD-1NG2QG,7.754,Regular,0.1546,frozen foods,154.09,STORE-9RG,28,Small,Tier_2,Standard Supermarket,1482.48
row_06820,PRD-HXTPDP,9.945,Low Fat,0.1665,soft drinks,242.49,STORE-9RG,28,Small,Tier_2,Standard Supermarket,5171.58
row_06822,PRD-8KQGUY,7.756,Low Fat,0.0477,Household,120.32,STORE-JOR,34,,Tier_3,Corner Shop,120.04
row_06823,PRD-5CI6VG,15.929,Low Fat,0.0668,Dairy,140.85,STORE-89Z,33,Medium,Tier_1,Standard Supermarket,1835.43
row_06824,PRD-9JRSNV,,Low Fat,0.0354,soft drinks,166.93,STORE-7WS,47,Medium,Tier_3,Flagship Hypermarket,4076.15
row_06826,PRD-9YFZQL,,Low Fat,0.1036,Snack Foods,144.91,STORE-7WS,47,Medium,Tier_3,Flagship Hypermarket,3949.45
row_06827,PRD-X9X39I,10.03,Low Fat,0.1047,SNACK FOODS,112.66,STORE-HL7,23,Medium,Tier_3,Superstore,3480.32
row_06829,PRD-NVTANM,7.247,Regular,0.061,Fruits and Vegetables,131.82,STORE-9RG,28,Small,Tier_2,Standard Supermarket,2334.64
row_06830,PRD-IQSUHA,,Regular,0.0,canned,160.54,STORE-T5G,47,Small,Tier_1,Corner Shop,307.57
row_06831,PRD-OQTFZN,12.196,Regular,0.1378,Fruits and Vegetables,190.94,STORE-9RG,28,Small,Tier_2,Standard Supermarket,4209.81
row_06832,PRD-1RXIV4,17.588,Low Fat,0.0289,snack foods,165.91,STORE-OYG,25,,Tier_2,Standard Supermarket,4459.97
row_06833,PRD-DK2043,20.223,Regular,0.0149,Dairy,194.6,STORE-9RG,28,Small,Tier_2,Standard Supermarket,3959.18
row_06835,PRD-FY9Z9U,,Regular,0.1887,Canned,106.82,STORE-T5G,47,Small,Tier_1,Corner Shop,202.45
row_06836,PRD-WTOOBM,17.28,Low Fat,0.0995,SOFT DRINKS,172.94,STORE-DKU,30,,Tier_2,Standard Supermarket,4522.26
row_06837,PRD-2WLNC8,8.588,Low Fat,0.0168,Household,195.68,STORE-OYG,25,,Tier_2,Standard Supermarket,4202.93
row_06839,PRD-25KFBO,19.663,Regular,0.025,FRUITS AND VEGETABLES,144.15,STORE-89Z,33,Medium,Tier_1,Standard Supermarket,1679.1
row_06840,PRD-OEQXOC,,Regular,0.0567,breakfast,50.94,STORE-T5G,47,Small,Tier_1,Corner Shop,48.73
row_06843,PRD-XMVMZH,,Regular,0.0488,meat,215.56,STORE-7WS,47,Medium,Tier_3,Flagship Hypermarket,5474.97
row_06844,PRD-RH8H90,9.54,Low Fat,0.0234,health and hygiene,183.62,STORE-AGY,45,Large,Tier_3,Standard Supermarket,3347.87
row_06845,PRD-SX50VK,,Regular,0.12,snack foods,37.86,STORE-7WS,47,Medium,Tier_3,Flagship Hypermarket,407.05
row_06846,PRD-EWB9HJ,7.646,Low Fat,0.0371,health and hygiene,171.05,STORE-9RG,28,Small,Tier_2,Standard Supermarket,4356.63
row_06847,PRD-YP5JO3,7.756,Regular,0.075,DAIRY,217.65,STORE-AGY,45,Large,Tier_3,Standard Supermarket,3656.37
row_06848,PRD-6CJDKQ,18.316,Low Fat,0.0902,Fruits and Vegetables,192.14,STORE-HL7,23,Medium,Tier_3,Superstore,5034.52
row_06849,PRD-YHRDU3,,Low Fat,0.165,Household,159.04,STORE-T5G,47,Small,Tier_1,Corner Shop,323.6
row_06850,PRD-11CMKR,,Low Fat,0.0325,CANNED,181.76,STORE-7WS,47,Medium,Tier_3,Flagship Hypermarket,8159.76
row_06851,PRD-90E4B0,9.042,Low Fat,0.0448,household,251.16,STORE-9RG,28,Small,Tier_2,Standard Supermarket,1190.8
row_06853,PRD-TOTSN5,17.146,Regular,0.0527,Starchy Foods,44.9,STORE-9RG,28,Small,Tier_2,Standard Supermarket,1771.43
row_06854,PRD-ZOID71,15.277,Regular,0.0859,fruits and vegetables,219.37,STORE-HL7,23,Medium,Tier_3,Superstore,2870.73
row_06857,PRD-4I42AF,7.341,Low Fat,0.1246,STARCHY FOODS,205.14,STORE-DKU,30,,Tier_2,Standard Supermarket,1009.15
row_06858,PRD-3VXDO3,7.568,Regular,0.0,Fruits and Vegetables,115.48,STORE-HL7,23,Medium,Tier_3,Superstore,1271.34
row_06859,PRD-4JP18M,17.78,Low Fat,0.0513,Snack Foods,125.26,STORE-9RG,28,Small,Tier_2,Standard Supermarket,2713.41
row_06860,PRD-CDIT16,14.645,Low Fat,0.075,HOUSEHOLD,256.36,STORE-89Z,33,Medium,Tier_1,Standard Supermarket,5145.61
row_06861,PRD-EGC2DP,6.974,Low Fat,0.0564,snack foods,211.41,STORE-9RG,28,Small,Tier_2,Standard Supermarket,2161.41
row_06862,PRD-KDNQ4G,21.597,Low Fat,0.0189,snack foods,124.36,STORE-HL7,23,Medium,Tier_3,Superstore,3003.28
row_06863,PRD-9DBWQW,20.107,Low Fat,0.0412,Household,91.34,STORE-AGY,45,Large,Tier_3,Standard Supermarket,2192.86
row_06864,PRD-N9CUWJ,9.55,Low Fat,0.0353,SNACK FOODS,243.78,STORE-DKU,30,,Tier_2,Standard Supermarket,2959.71
row_06865,PRD-V2AQNP,,Regular,0.2667,breakfast,162.91,STORE-T5G,47,Small,Tier_1,Corner Shop,339.59
row_06867,PRD-RUC70S,17.925,Low Fat,0.0127,household,164.31,STORE-DKU,30,,Tier_2,Standard Supermarket,2400.78
row_06868,PRD-97PPER,,Low Fat,0.0587,Fruits and Vegetables,176.35,STORE-7WS,47,Medium,Tier_3,Flagship Hypermarket,3224.26
row_06869,PRD-OF1GG2,13.728,Low Fat,0.0344,Snack Foods,182.71,STORE-HL7,23,Medium,Tier_3,Superstore,5211.27
row_06870,PRD-V5WMKZ,6.436,Low Fat,0.0621,BREAKFAST,129.54,STORE-AGY,45,Large,Tier_3,Standard Supermarket,267.56
row_06871,PRD-FIFS27,,Low Fat,0.0856,household,131.42,STORE-T5G,47,Small,Tier_1,Corner Shop,249.91
row_06874,PRD-8WJAI7,,Low Fat,0.064,snack foods,177.04,STORE-7WS,47,Medium,Tier_3,Flagship Hypermarket,4650.48
row_06875,PRD-ZM7AEF,4.503,Regular,0.0345,frozen foods,114.33,STORE-YLW,35,Small,Tier_1,Standard Supermarket,2591.33
row_06876,PRD-6S601Z,11.425,Regular,0.121,frozen foods,97.71,STORE-OYG,25,,Tier_2,Standard Supermarket,2009.24
row_06877,PRD-VLHZZ3,10.279,Low Fat,0.1584,Frozen Foods,143.18,STORE-YLW,35,Small,Tier_1,Standard Supermarket,2451.84
row_06878,PRD-BUK3XF,21.412,Low Fat,0.0206,Fruits and Vegetables,105.0,STORE-DKU,30,,Tier_2,Standard Supermarket,534.94
row_06879,PRD-XLTA8I,13.383,Low Fat,0.0975,Soft Drinks,142.67,STORE-JOR,34,,Tier_3,Corner Shop,287.74
row_06880,PRD-R04H5W,18.741,Low Fat,0.1247,HOUSEHOLD,195.31,STORE-AGY,45,Large,Tier_3,Standard Supermarket,1980.76
row_06881,PRD-PR2ESP,15.123,Low Fat,0.0213,Hard Drinks,144.72,STORE-YLW,35,Small,Tier_1,Standard Supermarket,3156.89
row_06882,PRD-G0OA3Y,,Low Fat,0.0265,Others,50.5,STORE-7WS,47,Medium,Tier_3,Flagship Hypermarket,750.48
row_06883,PRD-0X3FG6,20.586,Regular,0.1002,FRUITS AND VEGETABLES,122.85,STORE-AGY,45,Large,Tier_3,Standard Supermarket,2065.25
row_06884,PRD-NMIC1F,,Regular,0.0452,Snack Foods,102.81,STORE-7WS,47,Medium,Tier_3,Flagship Hypermarket,2328.27
row_06886,PRD-Z8TUBC,20.554,Low Fat,0.0216,HOUSEHOLD,78.13,STORE-HL7,23,Medium,Tier_3,Superstore,462.42
row_06887,PRD-U02KQN,19.468,Low Fat,0.0,health and hygiene,155.32,STORE-DKU,30,,Tier_2,Standard Supermarket,2549.61
row_06888,PRD-JH7XEX,7.105,Low Fat,0.0411,CANNED,83.55,STORE-DKU,30,,Tier_2,Standard Supermarket,799.11
row_06889,PRD-SR6GI0,10.942,Low Fat,0.0364,Fruits and Vegetables,130.79,STORE-YLW,35,Small,Tier_1,Standard Supermarket,1536.23
row_06890,PRD-ZTO1FG,,Low Fat,0.2478,dairy,262.16,STORE-T5G,47,Small,Tier_1,Corner Shop,553.06
row_06891,PRD-BUQGEV,18.188,Low Fat,0.0108,Snack Foods,213.51,STORE-AGY,45,Large,Tier_3,Standard Supermarket,4573.33
row_06892,PRD-EF6Y39,,Regular,0.0133,Snack Foods,146.31,STORE-7WS,47,Medium,Tier_3,Flagship Hypermarket,4595.94
row_06893,PRD-98BNVW,18.901,Regular,0.0682,fruits and vegetables,188.5,STORE-YLW,35,Small,Tier_1,Standard Supermarket,2148.04
row_06894,PRD-AECEW6,16.321,Regular,0.0085,Meat,74.4,STORE-HL7,23,Medium,Tier_3,Superstore,1447.21
row_06895,PRD-5GAS44,8.27,Low Fat,0.028,SOFT DRINKS,147.14,STORE-HL7,23,Medium,Tier_3,Superstore,1774.01
row_06896,PRD-L9E9NI,8.229,Regular,0.0363,Baking Goods,141.46,STORE-AGY,45,Large,Tier_3,Standard Supermarket,1657.02
row_06897,PRD-SWX1JP,9.786,Low Fat,0.0476,Baking Goods,102.28,STORE-YLW,35,Small,Tier_1,Standard Supermarket,1660.81
row_06898,PRD-SIIAEB,12.126,Low Fat,0.0975,snack foods,122.45,STORE-89Z,33,Medium,Tier_1,Standard Supermarket,3682.2
row_06899,PRD-IVLU4E,,Low Fat,0.0236,Others,110.22,STORE-T5G,47,Small,Tier_1,Corner Shop,207.93
row_06900,PRD-TS5BJJ,6.288,Low Fat,0.0199,Household,255.89,STORE-89Z,33,Medium,Tier_1,Standard Supermarket,5837.03
row_06904,PRD-LUJBU0,8.29,Regular,0.0458,Baking Goods,111.17,STORE-OYG,25,,Tier_2,Standard Supermarket,3071.99
row_06905,PRD-UPTJ7O,15.309,Regular,0.0377,Frozen Foods,120.33,STORE-OYG,25,,Tier_2,Standard Supermarket,1932.32
row_06908,PRD-1I4EOY,19.456,Low Fat,0.0369,FRUITS AND VEGETABLES,209.71,STORE-DKU,30,,Tier_2,Standard Supermarket,5954.72
row_06909,PRD-1QW65X,5.875,Low Fat,0.096,HOUSEHOLD,127.18,STORE-HL7,23,Medium,Tier_3,Superstore,4450.0
row_06910,PRD-8R8KUS,9.765,Regular,0.0658,FRUITS AND VEGETABLES,119.32,STORE-89Z,33,Medium,Tier_1,Standard Supermarket,2833.19
row_06911,PRD-QK31H5,16.51,Low Fat,0.0326,FRUITS AND VEGETABLES,259.91,STORE-AGY,45,Large,Tier_3,Standard Supermarket,6618.74
row_06913,PRD-U1OJA0,13.18,Low Fat,0.0464,Breads,219.71,STORE-DKU,30,,Tier_2,Standard Supermarket,3761.52
row_06916,PRD-OOQHSF,6.11,Low Fat,0.0537,HOUSEHOLD,108.69,STORE-JOR,34,,Tier_3,Corner Shop,227.68
row_06917,PRD-CZ2O8N,15.623,Regular,0.0265,baking goods,80.97,STORE-HL7,23,Medium,Tier_3,Superstore,1166.44
row_06919,PRD-3D9PH3,,Low Fat,0.1421,hard drinks,163.28,STORE-7WS,47,Medium,Tier_3,Flagship Hypermarket,2852.59
row_06921,PRD-IALDTG,5.765,Low Fat,0.1693,baking goods,147.1,STORE-JOR,34,,Tier_3,Corner Shop,445.58
row_06922,PRD-2OQEWF,18.891,Low Fat,0.0336,Others,131.53,STORE-HL7,23,Medium,Tier_3,Superstore,2051.78
row_06923,PRD-AK5W77,8.645,Regular,0.0294,CANNED,231.01,STORE-89Z,33,Medium,Tier_1,Standard Supermarket,5776.47
row_06925,PRD-OF1GG2,13.744,Low Fat,0.0374,Snack Foods,189.65,STORE-89Z,33,Medium,Tier_1,Standard Supermarket,1267.8
row_06926,PRD-M2AOBR,,Low Fat,0.0132,Household,121.0,STORE-7WS,47,Medium,Tier_3,Flagship Hypermarket,4945.42
row_06927,PRD-21520R,15.073,Low Fat,0.0262,SNACK FOODS,84.63,STORE-OYG,25,,Tier_2,Standard Supermarket,1971.1
row_06928,PRD-9SEY62,18.212,Low Fat,0.022,Fruits and Vegetables,95.52,STORE-AGY,45,Large,Tier_3,Standard Supermarket,498.63
row_06930,PRD-90E4B0,,Low Fat,0.0449,household,251.51,STORE-7WS,47,Medium,Tier_3,Flagship Hypermarket,9768.51
row_06931,PRD-N9CUWJ,9.731,Low Fat,0.0357,Snack Foods,246.92,STORE-AGY,45,Large,Tier_3,Standard Supermarket,5180.78
row_06932,PRD-9L4UWN,11.131,Low Fat,0.0,Snack Foods,225.96,STORE-89Z,33,Medium,Tier_1,Standard Supermarket,4582.09
row_06933,PRD-9STG4E,,Regular,0.0246,Canned,89.2,STORE-T5G,47,Small,Tier_1,Corner Shop,88.36
row_06934,PRD-DH02YH,10.101,Low Fat,0.0,FRUITS AND VEGETABLES,252.45,STORE-HL7,23,Medium,Tier_3,Superstore,3224.66
row_06935,PRD-XGX8WD,,Regular,0.1605,Dairy,112.91,STORE-7WS,47,Medium,Tier_3,Flagship Hypermarket,3467.94
row_06936,PRD-V5MOIJ,14.135,Regular,0.0,canned,42.11,STORE-HL7,23,Medium,Tier_3,Superstore,545.01
row_06937,PRD-WFA6ZI,17.276,Low Fat,0.0334,DAIRY,252.25,STORE-YLW,35,Small,Tier_1,Standard Supermarket,3902.07
row_06938,PRD-TOTSN5,17.941,Regular,0.0558,Starchy Foods,48.89,STORE-OYG,25,,Tier_2,Standard Supermarket,1049.62
row_06939,PRD-R4VXL5,12.448,Low Fat,0.0368,Baking Goods,227.54,STORE-DKU,30,,Tier_2,Standard Supermarket,2436.22
row_06940,PRD-K15UL9,8.942,Low Fat,0.1213,Frozen Foods,97.27,STORE-HL7,23,Medium,Tier_3,Superstore,1707.45
row_06941,PRD-LXLIM5,,Low Fat,0.0633,Health and Hygiene,124.98,STORE-7WS,47,Medium,Tier_3,Flagship Hypermarket,4504.44
row_06942,PRD-E6VA05,,Low Fat,0.0428,soft drinks,32.05,STORE-7WS,47,Medium,Tier_3,Flagship Hypermarket,915.34
row_06944,PRD-9P452B,8.744,Low Fat,0.0717,Hard Drinks,241.2,STORE-9RG,28,Small,Tier_2,Standard Supermarket,2986.55
row_06947,PRD-9K044M,6.94,Regular,0.0428,Starchy Foods,58.04,STORE-89Z,33,Medium,Tier_1,Standard Supermarket,562.22
row_06949,PRD-ZLVU35,13.454,Low Fat,0.0162,breads,236.75,STORE-OYG,25,,Tier_2,Standard Supermarket,1784.96
row_06950,PRD-OE45D1,10.205,Low Fat,0.0265,Canned,269.35,STORE-HL7,23,Medium,Tier_3,Superstore,3246.59
row_06951,PRD-2GKFSF,5.855,Low Fat,0.0245,HOUSEHOLD,144.22,STORE-YLW,35,Small,Tier_1,Standard Supermarket,2612.38
row_06952,PRD-BQNJ97,15.39,Low Fat,0.0322,Baking Goods,109.69,STORE-89Z,33,Medium,Tier_1,Standard Supermarket,2206.94
row_06953,PRD-UBXCU2,8.976,Low Fat,0.0188,Household,170.34,STORE-OYG,25,,Tier_2,Standard Supermarket,2400.64
row_06956,PRD-QPT16H,12.341,Low Fat,0.0154,Household,160.72,STORE-HL7,23,Medium,Tier_3,Superstore,3562.36
row_06957,PRD-PF9A0N,4.767,Regular,0.0,Dairy,126.63,STORE-DKU,30,,Tier_2,Standard Supermarket,2157.58
row_06958,PRD-AQ6L6G,,Low Fat,0.0788,SOFT DRINKS,116.44,STORE-7WS,47,Medium,Tier_3,Flagship Hypermarket,2740.53
row_06959,PRD-2UETCH,19.89,Low Fat,0.0336,MEAT,176.63,STORE-AGY,45,Large,Tier_3,Standard Supermarket,1825.95
row_06961,PRD-29S85M,19.421,Low Fat,0.0699,Snack Foods,176.26,STORE-AGY,45,Large,Tier_3,Standard Supermarket,1584.06
row_06962,PRD-GV2TFK,7.383,Low Fat,0.0456,HEALTH AND HYGIENE,99.45,STORE-YLW,35,Small,Tier_1,Standard Supermarket,2476.07
row_06964,PRD-UMMSR8,,Low Fat,0.0303,snack foods,50.52,STORE-7WS,47,Medium,Tier_3,Flagship Hypermarket,1062.47
row_06965,PRD-322N64,,Low Fat,0.1702,dairy,88.3,STORE-T5G,47,Small,Tier_1,Corner Shop,177.34
row_06967,PRD-QJTAA7,6.955,Regular,0.2853,Breads,33.01,STORE-JOR,34,,Tier_3,Corner Shop,34.56
row_06968,PRD-D9146L,19.097,Low Fat,0.0733,Snack Foods,164.67,STORE-HL7,23,Medium,Tier_3,Superstore,1598.69
row_06970,PRD-CSMCMC,11.22,Regular,0.0095,DAIRY,122.38,STORE-OYG,25,,Tier_2,Standard Supermarket,3277.57
row_06971,PRD-XHO0VH,21.372,Regular,0.0648,breakfast,156.59,STORE-9RG,28,Small,Tier_2,Standard Supermarket,1762.76
row_06972,PRD-N244KO,,Low Fat,0.0574,Snack Foods,214.1,STORE-T5G,47,Small,Tier_1,Corner Shop,409.64
row_06973,PRD-2DT1EG,,Low Fat,0.0,health and hygiene,124.36,STORE-7WS,47,Medium,Tier_3,Flagship Hypermarket,3641.59
row_06974,PRD-GLFRI8,7.884,Low Fat,0.0218,Breakfast,231.18,STORE-DKU,30,,Tier_2,Standard Supermarket,2860.31
row_06975,PRD-PF9A0N,,Regular,0.0646,dairy,124.31,STORE-T5G,47,Small,Tier_1,Corner Shop,251.5
row_06976,PRD-K6I2KL,9.718,Regular,0.0,Snack Foods,193.49,STORE-OYG,25,,Tier_2,Standard Supermarket,4437.5
row_06977,PRD-7RS8R0,,Low Fat,0.1089,Fruits and Vegetables,82.61,STORE-7WS,47,Medium,Tier_3,Flagship Hypermarket,3749.8
row_06978,PRD-Q4NM8R,8.955,Low Fat,0.1468,FROZEN FOODS,60.54,STORE-AGY,45,Large,Tier_3,Standard Supermarket,1006.76
row_06979,PRD-SBZRAD,6.356,Low Fat,0.0336,snack foods,146.18,STORE-9RG,28,Small,Tier_2,Standard Supermarket,3233.89
row_06980,PRD-2DT1EG,5.571,Low Fat,0.1317,Health and Hygiene,119.7,STORE-9RG,28,Small,Tier_2,Standard Supermarket,1410.74
row_06981,PRD-MQC1A7,14.466,Low Fat,0.1747,HARD DRINKS,56.41,STORE-DKU,30,,Tier_2,Standard Supermarket,1435.12
row_06983,PRD-3NP4VY,12.606,Low Fat,0.0401,Health and Hygiene,36.29,STORE-9RG,28,Small,Tier_2,Standard Supermarket,281.91
row_06984,PRD-U02KQN,19.576,Low Fat,0.0246,health and hygiene,152.52,STORE-89Z,33,Medium,Tier_1,Standard Supermarket,3822.33
row_06985,PRD-LFS04I,10.761,Regular,0.0198,snack foods,71.48,STORE-JOR,34,,Tier_3,Corner Shop,146.2
row_06986,PRD-49M5ZM,12.115,Low Fat,0.095,Fruits and Vegetables,110.39,STORE-AGY,45,Large,Tier_3,Standard Supermarket,1346.95
row_06987,PRD-GLWY1N,6.424,Low Fat,0.123,Frozen Foods,99.94,STORE-HL7,23,Medium,Tier_3,Superstore,2119.84
row_06988,PRD-R9OUDO,,Low Fat,0.0815,Soft Drinks,84.7,STORE-T5G,47,Small,Tier_1,Corner Shop,83.46
row_06989,PRD-9S9WWR,16.909,Regular,0.0769,Fruits and Vegetables,99.15,STORE-YLW,35,Small,Tier_1,Standard Supermarket,1466.35
row_06990,PRD-Z4T48O,10.048,Regular,0.0116,Snack Foods,85.62,STORE-AGY,45,Large,Tier_3,Standard Supermarket,2666.93
row_06991,PRD-TFIUHP,12.49,Low Fat,0.0768,FRUITS AND VEGETABLES,99.9,STORE-AGY,45,Large,Tier_3,Standard Supermarket,2722.46
row_06992,PRD-GSTFS2,5.63,Low Fat,0.0247,Frozen Foods,82.48,STORE-JOR,34,,Tier_3,Corner Shop,405.07
row_06993,PRD-CYUEID,9.967,Low Fat,0.0894,OTHERS,193.77,STORE-HL7,23,Medium,Tier_3,Superstore,3946.12
row_06994,PRD-T14KTM,,Low Fat,0.0334,Health and Hygiene,166.28,STORE-7WS,47,Medium,Tier_3,Flagship Hypermarket,3039.99
row_06995,PRD-JH7XEX,6.955,Low Fat,0.0408,canned,84.67,STORE-YLW,35,Small,Tier_1,Standard Supermarket,1575.28
row_06996,PRD-5FVDDW,,Regular,0.0598,Meat,154.2,STORE-T5G,47,Small,Tier_1,Corner Shop,301.86
row_06998,PRD-HBRPOI,11.377,Low Fat,0.0399,Soft Drinks,144.24,STORE-HL7,23,Medium,Tier_3,Superstore,884.8
row_06999,PRD-0GW31G,9.04,Regular,0.008,frozen foods,77.89,STORE-89Z,33,Medium,Tier_1,Standard Supermarket,416.91
row_07000,PRD-OQ0Y2Z,15.795,Low Fat,0.0544,BAKING GOODS,199.04,STORE-YLW,35,Small,Tier_1,Standard Supermarket,4836.72
row_07001,PRD-L8WU3R,19.39,Regular,0.03,SNACK FOODS,112.39,STORE-JOR,34,,Tier_3,Corner Shop,220.49
row_07004,PRD-JNODL5,,Low Fat,0.0158,Health and Hygiene,157.09,STORE-9RG,28,Small,Tier_2,Standard Supermarket,4115.69
row_07006,PRD-OI1003,16.93,Low Fat,0.0277,Household,180.33,STORE-9RG,28,Small,Tier_2,Standard Supermarket,2597.24
row_07007,PRD-GZGU9E,13.3,Low Fat,0.0999,Dairy,230.47,STORE-YLW,35,Small,Tier_1,Standard Supermarket,3426.54
row_07008,PRD-UL2AE5,9.581,Low Fat,0.0237,health and hygiene,117.38,STORE-AGY,45,Large,Tier_3,Standard Supermarket,2173.97
row_07009,PRD-6KHXCY,11.776,Regular,0.0599,Meat,155.11,STORE-OYG,25,,Tier_2,Standard Supermarket,4069.06
row_07010,PRD-A8C4XU,14.737,Regular,0.0788,meat,244.41,STORE-9RG,28,Small,Tier_2,Standard Supermarket,1990.54
row_07011,PRD-7SGMSO,19.778,Low Fat,0.0402,Hard Drinks,123.74,STORE-9RG,28,Small,Tier_2,Standard Supermarket,780.82
row_07013,PRD-I1E9QQ,7.618,Low Fat,0.1891,Household,252.05,STORE-89Z,33,Medium,Tier_1,Standard Supermarket,5603.04
row_07014,PRD-BE4HW4,11.949,Low Fat,0.0793,baking goods,124.96,STORE-YLW,35,Small,Tier_1,Standard Supermarket,3194.26
row_07015,PRD-ONGWUL,12.934,Low Fat,0.0415,HOUSEHOLD,255.25,STORE-YLW,35,Small,Tier_1,Standard Supermarket,2691.32
row_07016,PRD-NVGFYG,8.82,Low Fat,0.02,Soft Drinks,151.1,STORE-89Z,33,Medium,Tier_1,Standard Supermarket,4184.26
row_07018,PRD-X7AKU0,10.286,Low Fat,0.0767,health and hygiene,124.97,STORE-OYG,25,,Tier_2,Standard Supermarket,2563.58
row_07020,PRD-YTXH8P,,Regular,0.0,Meat,181.25,STORE-7WS,47,Medium,Tier_3,Flagship Hypermarket,8009.52
row_07021,PRD-YL84PO,9.03,Regular,0.0145,Snack Foods,196.35,STORE-DKU,30,,Tier_2,Standard Supermarket,4313.41
row_07022,PRD-NVJUUW,6.739,Regular,0.0848,frozen foods,103.4,STORE-YLW,35,Small,Tier_1,Standard Supermarket,2025.84
row_07024,PRD-JLD0TT,12.771,Low Fat,0.0237,DAIRY,33.07,STORE-HL7,23,Medium,Tier_3,Superstore,101.37
row_07026,PRD-LBIPQF,18.2,Regular,0.0468,Fruits and Vegetables,123.14,STORE-HL7,23,Medium,Tier_3,Superstore,869.88
row_07027,PRD-MNEL25,,Regular,0.0802,Snack Foods,122.17,STORE-T5G,47,Small,Tier_1,Corner Shop,116.4
row_07028,PRD-VICDRI,20.244,Regular,0.1251,frozen foods,121.34,STORE-89Z,33,Medium,Tier_1,Standard Supermarket,1978.39
row_07031,PRD-Z4T48O,10.502,Regular,0.0178,Snack Foods,88.96,STORE-JOR,34,,Tier_3,Corner Shop,263.79
row_07032,PRD-OIZ8SJ,12.977,Regular,0.1558,Fruits and Vegetables,246.76,STORE-9RG,28,Small,Tier_2,Standard Supermarket,3515.36
row_07033,PRD-DV8A43,7.734,Regular,0.137,SNACK FOODS,47.35,STORE-89Z,33,Medium,Tier_1,Standard Supermarket,792.78
row_07034,PRD-A3SKAD,13.674,Low Fat,0.0738,HOUSEHOLD,155.53,STORE-9RG,28,Small,Tier_2,Standard Supermarket,4147.71
row_07035,PRD-C3Y7HA,16.685,Low Fat,0.0203,Fruits and Vegetables,52.76,STORE-89Z,33,Medium,Tier_1,Standard Supermarket,953.8
row_07036,PRD-H6TX8K,6.303,Low Fat,0.0157,Household,140.36,STORE-DKU,30,,Tier_2,Standard Supermarket,840.77
row_07037,PRD-4EYNIN,7.084,Low Fat,0.08,Household,115.43,STORE-OYG,25,,Tier_2,Standard Supermarket,2315.06
row_07039,PRD-3OERXC,15.6,Low Fat,0.1372,Household,101.81,STORE-AGY,45,Large,Tier_3,Standard Supermarket,2182.27
row_07040,PRD-7U00JT,8.17,Low Fat,0.0223,seafood,109.61,STORE-9RG,28,Small,Tier_2,Standard Supermarket,2940.09
row_07041,PRD-6625CS,,Regular,0.0636,Meat,235.63,STORE-T5G,47,Small,Tier_1,Corner Shop,659.08
row_07044,PRD-5JACYR,,Low Fat,0.0273,fruits and vegetables,42.39,STORE-7WS,47,Medium,Tier_3,Flagship Hypermarket,738.31
row_07046,PRD-9RIGPP,20.487,Low Fat,0.0491,Fruits and Vegetables,39.77,STORE-OYG,25,,Tier_2,Standard Supermarket,889.16
row_07047,PRD-LF7XE7,15.158,Low Fat,0.1759,Fruits and Vegetables,115.6,STORE-YLW,35,Small,Tier_1,Standard Supermarket,2145.08
row_07049,PRD-22JUF0,8.976,Low Fat,0.0505,Household,149.9,STORE-89Z,33,Medium,Tier_1,Standard Supermarket,1931.64
row_07051,PRD-7JTKKU,17.795,Regular,0.0417,FRUITS AND VEGETABLES,83.4,STORE-AGY,45,Large,Tier_3,Standard Supermarket,717.23
row_07053,PRD-BVGKP7,15.739,Regular,0.0238,FRUITS AND VEGETABLES,94.97,STORE-AGY,45,Large,Tier_3,Standard Supermarket,3214.57
row_07054,PRD-NE9NNO,,Low Fat,0.009,Fruits and Vegetables,125.01,STORE-7WS,47,Medium,Tier_3,Flagship Hypermarket,4371.64
row_07055,PRD-FIYLHL,6.714,Regular,0.0496,Snack Foods,185.79,STORE-JOR,34,,Tier_3,Corner Shop,182.8
row_07056,PRD-X7Z97Z,,Low Fat,0.0914,household,54.69,STORE-7WS,47,Medium,Tier_3,Flagship Hypermarket,2068.52
row_07057,PRD-OQTR1Y,7.103,Low Fat,0.0984,Snack Foods,194.61,STORE-AGY,45,Large,Tier_3,Standard Supermarket,1779.54
row_07058,PRD-GV2TFK,7.381,Low Fat,0.048,health and hygiene,97.97,STORE-AGY,45,Large,Tier_3,Standard Supermarket,582.92
row_07059,PRD-HDPJSA,6.289,Low Fat,0.1263,Canned,262.53,STORE-OYG,25,,Tier_2,Standard Supermarket,1017.42
row_07060,PRD-S668FR,18.653,Low Fat,0.1533,Others,190.03,STORE-JOR,34,,Tier_3,Corner Shop,533.6
row_07061,PRD-VTTR5G,13.788,Regular,0.0559,Breakfast,234.42,STORE-HL7,23,Medium,Tier_3,Superstore,6405.06
row_07062,PRD-UN5Z3J,12.645,Regular,0.046,Soft Drinks,178.62,STORE-YLW,35,Small,Tier_1,Standard Supermarket,1928.42
row_07063,PRD-9DBWQW,,Low Fat,0.0697,household,89.06,STORE-T5G,47,Small,Tier_1,Corner Shop,87.23
row_07064,PRD-B0BAVM,15.543,Low Fat,0.0347,household,123.13,STORE-OYG,25,,Tier_2,Standard Supermarket,2061.77
row_07065,PRD-E6VA05,9.423,Low Fat,0.0407,Soft Drinks,31.11,STORE-AGY,45,Large,Tier_3,Standard Supermarket,454.05
row_07066,PRD-74W4G2,16.194,Regular,0.0169,Frozen Foods,100.2,STORE-OYG,25,,Tier_2,Standard Supermarket,1326.91
row_07068,PRD-D4K7YJ,18.216,Regular,0.1361,Starchy Foods,191.22,STORE-HL7,23,Medium,Tier_3,Superstore,3679.92
row_07070,PRD-HMIP5B,10.023,Regular,0.0298,Fruits and Vegetables,111.49,STORE-89Z,33,Medium,Tier_1,Standard Supermarket,337.7
row_07071,PRD-8D7CED,12.794,Low Fat,0.0682,Starchy Foods,124.86,STORE-89Z,33,Medium,Tier_1,Standard Supermarket,2523.56
row_07074,PRD-6NJX8K,6.829,Low Fat,0.0641,Household,235.12,STORE-JOR,34,,Tier_3,Corner Shop,228.81
row_07077,PRD-Q8V88B,4.548,Regular,0.0996,CANNED,233.61,STORE-9RG,28,Small,Tier_2,Standard Supermarket,5170.48
row_07078,PRD-JZETKP,,Low Fat,0.0152,baking goods,82.23,STORE-7WS,47,Medium,Tier_3,Flagship Hypermarket,1350.5
row_07079,PRD-85W6UY,8.92,Low Fat,0.1793,Fruits and Vegetables,101.15,STORE-89Z,33,Medium,Tier_1,Standard Supermarket,1043.07
row_07080,PRD-YL84PO,9.47,Regular,0.0234,SNACK FOODS,195.38,STORE-JOR,34,,Tier_3,Corner Shop,606.54
row_07081,PRD-1GP1Z7,10.524,Regular,0.095,SNACK FOODS,213.42,STORE-89Z,33,Medium,Tier_1,Standard Supermarket,3938.52
row_07082,PRD-KYKIRT,8.058,Low Fat,0.0,fruits and vegetables,216.51,STORE-HL7,23,Medium,Tier_3,Superstore,3770.14
row_07083,PRD-54IKMO,12.494,Regular,0.1575,fruits and vegetables,241.61,STORE-89Z,33,Medium,Tier_1,Standard Supermarket,4226.2
row_07084,PRD-4GPYWS,14.149,Low Fat,0.0298,Fruits and Vegetables,214.25,STORE-89Z,33,Medium,Tier_1,Standard Supermarket,2473.08
row_07086,PRD-KDJU3I,16.009,Low Fat,0.0574,dairy,225.58,STORE-9RG,28,Small,Tier_2,Standard Supermarket,1335.25
row_07087,PRD-E7SSM9,7.661,Low Fat,0.1005,HOUSEHOLD,56.77,STORE-AGY,45,Large,Tier_3,Standard Supermarket,1132.67
row_07088,PRD-47VEYF,6.175,Regular,0.0924,Meat,218.11,STORE-YLW,35,Small,Tier_1,Standard Supermarket,2654.07
row_07089,PRD-W103DG,,Low Fat,0.0175,Soft Drinks,201.46,STORE-7WS,47,Medium,Tier_3,Flagship Hypermarket,8956.05
row_07090,PRD-4HX6BQ,9.95,Low Fat,0.0245,CANNED,114.84,STORE-9RG,28,Small,Tier_2,Standard Supermarket,790.56
row_07092,PRD-L3H73U,7.023,Low Fat,0.0586,Snack Foods,114.47,STORE-9RG,28,Small,Tier_2,Standard Supermarket,1358.86
row_07093,PRD-7F4S1U,7.613,Regular,0.1394,Fruits and Vegetables,169.53,STORE-89Z,33,Medium,Tier_1,Standard Supermarket,5966.7
row_07094,PRD-D9DSYZ,14.428,Low Fat,0.0633,Household,260.59,STORE-HL7,23,Medium,Tier_3,Superstore,2307.48
row_07098,PRD-AQNCDZ,13.101,Regular,0.0145,Canned,211.56,STORE-89Z,33,Medium,Tier_1,Standard Supermarket,6017.51
row_07099,PRD-3IFU71,9.157,Low Fat,0.1001,Baking Goods,146.1,STORE-AGY,45,Large,Tier_3,Standard Supermarket,4153.82
row_07101,PRD-TLHXCM,14.081,Low Fat,0.0,canned,252.32,STORE-DKU,30,,Tier_2,Standard Supermarket,5601.77
row_07102,PRD-ZVRERW,17.708,Low Fat,0.0358,Dairy,94.11,STORE-HL7,23,Medium,Tier_3,Superstore,1423.93
row_07103,PRD-XLTA8I,13.492,Low Fat,0.0564,Soft Drinks,141.64,STORE-OYG,25,,Tier_2,Standard Supermarket,289.07
row_07104,PRD-M3FQUK,9.273,Regular,0.0215,Snack Foods,156.65,STORE-9RG,28,Small,Tier_2,Standard Supermarket,4115.87
row_07105,PRD-YZSJHT,9.619,Regular,0.0221,breads,101.28,STORE-DKU,30,,Tier_2,Standard Supermarket,1723.62
row_07106,PRD-UUSRZR,13.799,Regular,0.062,Frozen Foods,156.65,STORE-OYG,25,,Tier_2,Standard Supermarket,1446.86
row_07107,PRD-N6ZV9D,21.681,Regular,0.159,FRUITS AND VEGETABLES,66.02,STORE-OYG,25,,Tier_2,Standard Supermarket,617.23
row_07108,PRD-F1RCAV,9.058,Low Fat,0.0,hard drinks,154.02,STORE-HL7,23,Medium,Tier_3,Superstore,3010.76
row_07109,PRD-CX9J1I,14.435,Low Fat,0.0978,soft drinks,171.14,STORE-AGY,45,Large,Tier_3,Standard Supermarket,3811.91
row_07110,PRD-00V830,,Low Fat,0.042,Hard Drinks,229.71,STORE-7WS,47,Medium,Tier_3,Flagship Hypermarket,4479.39
row_07111,PRD-CU4YYJ,15.529,Low Fat,0.0763,canned,37.66,STORE-89Z,33,Medium,Tier_1,Standard Supermarket,344.92
row_07112,PRD-FZ61II,10.424,Regular,0.2473,frozen foods,145.54,STORE-JOR,34,,Tier_3,Corner Shop,285.3
row_07113,PRD-CBFCQN,,Low Fat,0.0208,Baking Goods,115.16,STORE-7WS,47,Medium,Tier_3,Flagship Hypermarket,2336.51
row_07114,PRD-6Z8VBH,5.897,Low Fat,0.0737,hard drinks,56.85,STORE-AGY,45,Large,Tier_3,Standard Supermarket,493.67
row_07115,PRD-ZWW54A,20.136,Low Fat,0.1065,Snack Foods,162.62,STORE-9RG,28,Small,Tier_2,Standard Supermarket,4450.03
row_07116,PRD-2VTJXU,6.261,Low Fat,0.1267,Fruits and Vegetables,47.45,STORE-89Z,33,Medium,Tier_1,Standard Supermarket,640.73
row_07117,PRD-4CK9XH,12.702,Low Fat,0.1074,Household,169.42,STORE-YLW,35,Small,Tier_1,Standard Supermarket,5080.86
row_07119,PRD-R5JEK1,8.841,Regular,0.0342,SNACK FOODS,117.15,STORE-DKU,30,,Tier_2,Standard Supermarket,2865.86
row_07121,PRD-YC4OM3,12.143,Low Fat,0.0111,Dairy,167.29,STORE-DKU,30,,Tier_2,Standard Supermarket,2341.8
row_07122,PRD-KK5FI1,12.192,Regular,0.0736,Canned,86.01,STORE-HL7,23,Medium,Tier_3,Superstore,1093.94
row_07123,PRD-44P39J,10.976,Regular,0.0679,frozen foods,253.76,STORE-OYG,25,,Tier_2,Standard Supermarket,4250.98
row_07124,PRD-2X720K,5.635,Regular,0.0884,Fruits and Vegetables,88.77,STORE-JOR,34,,Tier_3,Corner Shop,177.27
row_07125,PRD-UX01UP,,Low Fat,0.0,SNACK FOODS,247.29,STORE-7WS,47,Medium,Tier_3,Flagship Hypermarket,4139.27
row_07126,PRD-6BH3LL,17.73,Low Fat,0.0743,baking goods,113.37,STORE-HL7,23,Medium,Tier_3,Superstore,1006.1
row_07127,PRD-7FS31F,10.835,Regular,0.0577,Fruits and Vegetables,236.79,STORE-9RG,28,Small,Tier_2,Standard Supermarket,7153.34
row_07128,PRD-1J8NER,6.561,Low Fat,0.0249,HOUSEHOLD,118.52,STORE-DKU,30,,Tier_2,Standard Supermarket,2429.61
row_07129,PRD-7R37F7,10.406,Regular,0.0253,Fruits and Vegetables,221.49,STORE-89Z,33,Medium,Tier_1,Standard Supermarket,2872.02
row_07130,PRD-2UHCIN,19.833,Low Fat,0.0267,HOUSEHOLD,186.51,STORE-AGY,45,Large,Tier_3,Standard Supermarket,2981.74
row_07131,PRD-TZXI9C,17.3,Low Fat,0.1679,Snack Foods,162.1,STORE-JOR,34,,Tier_3,Corner Shop,163.13
row_07132,PRD-KUE98H,,Low Fat,0.1076,BREADS,63.94,STORE-7WS,47,Medium,Tier_3,Flagship Hypermarket,999.21
row_07133,PRD-XBXTLN,21.001,Low Fat,0.1428,Starchy Foods,91.73,STORE-AGY,45,Large,Tier_3,Standard Supermarket,1573.63
row_07134,PRD-4TJITP,,Low Fat,0.0688,FRUITS AND VEGETABLES,115.08,STORE-T5G,47,Small,Tier_1,Corner Shop,232.13
row_07135,PRD-9R9NDL,,Regular,0.0124,Snack Foods,135.77,STORE-7WS,47,Medium,Tier_3,Flagship Hypermarket,4498.69
row_07137,PRD-5URYBL,8.164,Low Fat,0.1918,HOUSEHOLD,165.76,STORE-JOR,34,,Tier_3,Corner Shop,329.58
row_07139,PRD-YZB4K8,17.29,Regular,0.0161,Fruits and Vegetables,47.95,STORE-YLW,35,Small,Tier_1,Standard Supermarket,797.63
row_07141,PRD-O0V3Z0,20.022,Regular,0.1076,Canned,94.3,STORE-DKU,30,,Tier_2,Standard Supermarket,1349.4
row_07143,PRD-CEEQ2B,9.278,Low Fat,0.0325,FRUITS AND VEGETABLES,112.94,STORE-DKU,30,,Tier_2,Standard Supermarket,1658.81
row_07144,PRD-FSOZPT,20.003,Regular,0.1245,Soft Drinks,232.06,STORE-JOR,34,,Tier_3,Corner Shop,458.9
row_07145,PRD-MSK8AG,18.036,Low Fat,0.0887,dairy,180.03,STORE-DKU,30,,Tier_2,Standard Supermarket,2894.08
row_07146,PRD-JMV47T,6.229,Regular,0.0103,meat,149.53,STORE-9RG,28,Small,Tier_2,Standard Supermarket,2268.02
row_07147,PRD-PF9A0N,4.855,Regular,0.0395,Dairy,123.92,STORE-AGY,45,Large,Tier_3,Standard Supermarket,2528.8
row_07148,PRD-Y54CLR,19.874,Regular,0.1297,SNACK FOODS,167.97,STORE-DKU,30,,Tier_2,Standard Supermarket,2005.27
row_07149,PRD-I1E9QQ,7.744,Low Fat,0.1932,Household,250.43,STORE-YLW,35,Small,Tier_1,Standard Supermarket,5259.79
row_07150,PRD-FGGUXT,5.7,Regular,0.0555,SNACK FOODS,62.43,STORE-HL7,23,Medium,Tier_3,Superstore,1208.62
row_07151,PRD-P5GVBS,11.942,Regular,0.1491,Dairy,244.98,STORE-OYG,25,,Tier_2,Standard Supermarket,4131.92
row_07153,PRD-YZB4K8,17.454,Regular,0.0289,Fruits and Vegetables,50.12,STORE-JOR,34,,Tier_3,Corner Shop,92.38
row_07154,PRD-BF343R,19.443,Regular,0.0,FROZEN FOODS,125.64,STORE-YLW,35,Small,Tier_1,Standard Supermarket,1737.7
row_07156,PRD-DSN8CW,,Regular,0.0782,snack foods,170.86,STORE-T5G,47,Small,Tier_1,Corner Shop,335.27
row_07157,PRD-0DTSNL,8.978,Low Fat,0.0332,HOUSEHOLD,100.37,STORE-9RG,28,Small,Tier_2,Standard Supermarket,1943.02
row_07158,PRD-LCSXU1,,Regular,0.057,BAKING GOODS,166.98,STORE-7WS,47,Medium,Tier_3,Flagship Hypermarket,5716.91
row_07159,PRD-YWIQC5,20.349,Regular,0.0294,fruits and vegetables,45.54,STORE-HL7,23,Medium,Tier_3,Superstore,176.08
row_07160,PRD-YDT7CU,14.867,Regular,0.0635,BREADS,263.03,STORE-YLW,35,Small,Tier_1,Standard Supermarket,4512.2
row_07161,PRD-7JHXTX,,Low Fat,0.1263,household,181.31,STORE-7WS,47,Medium,Tier_3,Flagship Hypermarket,7783.59
row_07162,PRD-1XRZN0,15.304,Low Fat,0.0212,Canned,223.3,STORE-HL7,23,Medium,Tier_3,Superstore,1599.83
row_07163,PRD-XSDJWS,18.205,Low Fat,0.1523,Frozen Foods,202.91,STORE-JOR,34,,Tier_3,Corner Shop,204.82
row_07164,PRD-UN5Z3J,13.389,Regular,0.046,Soft Drinks,175.17,STORE-OYG,25,,Tier_2,Standard Supermarket,4538.96
row_07165,PRD-XQL9QP,5.693,Regular,0.0669,Breads,256.22,STORE-YLW,35,Small,Tier_1,Standard Supermarket,2044.04
row_07166,PRD-JLC90O,16.687,Regular,0.026,Canned,142.84,STORE-OYG,25,,Tier_2,Standard Supermarket,2353.82
row_07167,PRD-7Y6KY9,20.637,Low Fat,0.0318,Baking Goods,176.33,STORE-AGY,45,Large,Tier_3,Standard Supermarket,1372.08
row_07168,PRD-SQ8X3A,17.828,Regular,0.0601,baking goods,89.17,STORE-AGY,45,Large,Tier_3,Standard Supermarket,554.03
row_07169,PRD-GV2TFK,7.158,Low Fat,0.0447,health and hygiene,98.57,STORE-HL7,23,Medium,Tier_3,Superstore,2040.71
row_07171,PRD-SB61LG,20.911,Regular,0.0474,Fruits and Vegetables,190.79,STORE-9RG,28,Small,Tier_2,Standard Supermarket,4109.17
row_07172,PRD-FUST21,5.583,Regular,0.1947,Baking Goods,87.02,STORE-JOR,34,,Tier_3,Corner Shop,91.34
row_07174,PRD-1FO2WB,8.406,Regular,0.0248,frozen foods,109.64,STORE-9RG,28,Small,Tier_2,Standard Supermarket,2259.4
row_07175,PRD-3S195J,4.735,Low Fat,0.2136,HARD DRINKS,172.39,STORE-JOR,34,,Tier_3,Corner Shop,165.92
row_07176,PRD-0FM2N0,17.488,Low Fat,0.0472,Meat,148.41,STORE-89Z,33,Medium,Tier_1,Standard Supermarket,1865.52
row_07177,PRD-377V1I,16.891,Regular,0.073,Baking Goods,190.61,STORE-9RG,28,Small,Tier_2,Standard Supermarket,567.54
row_07178,PRD-YUXGFA,11.283,Regular,0.0386,Snack Foods,106.96,STORE-HL7,23,Medium,Tier_3,Superstore,1901.15
row_07179,PRD-G7JPM7,6.487,Regular,0.0109,SNACK FOODS,58.43,STORE-DKU,30,,Tier_2,Standard Supermarket,334.25
row_07180,PRD-SE05IT,20.948,Low Fat,0.0595,BAKING GOODS,227.95,STORE-AGY,45,Large,Tier_3,Standard Supermarket,2871.13
row_07182,PRD-KINNDW,21.044,Regular,0.0196,FROZEN FOODS,82.31,STORE-AGY,45,Large,Tier_3,Standard Supermarket,1404.84
row_07183,PRD-WJGHF5,20.151,Regular,0.1531,Canned,259.16,STORE-89Z,33,Medium,Tier_1,Standard Supermarket,3039.98
row_07184,PRD-FL1299,,Regular,0.0501,canned,82.27,STORE-7WS,47,Medium,Tier_3,Flagship Hypermarket,3621.12
row_07185,PRD-34LIE3,16.285,Low Fat,0.1375,Canned,96.48,STORE-DKU,30,,Tier_2,Standard Supermarket,1449.76
row_07186,PRD-9KE7J2,15.585,Low Fat,0.0815,breads,177.75,STORE-AGY,45,Large,Tier_3,Standard Supermarket,2530.14
row_07187,PRD-69JGC3,8.93,Regular,0.1719,MEAT,154.89,STORE-DKU,30,,Tier_2,Standard Supermarket,2493.55
row_07188,PRD-Y23CCL,9.631,Regular,0.0211,meat,199.47,STORE-YLW,35,Small,Tier_1,Standard Supermarket,3403.87
row_07189,PRD-NVTANM,,Regular,0.0583,fruits and vegetables,133.77,STORE-7WS,47,Medium,Tier_3,Flagship Hypermarket,4688.3
row_07190,PRD-6THSXO,10.626,Low Fat,0.0446,frozen foods,105.63,STORE-JOR,34,,Tier_3,Corner Shop,419.18
row_07191,PRD-MAA7H7,15.046,Regular,0.0972,Snack Foods,50.55,STORE-DKU,30,,Tier_2,Standard Supermarket,1106.79
row_07192,PRD-1UQBFO,,Low Fat,0.067,hard drinks,46.88,STORE-7WS,47,Medium,Tier_3,Flagship Hypermarket,1295.32
row_07193,PRD-567H48,,Regular,0.0413,FROZEN FOODS,92.85,STORE-7WS,47,Medium,Tier_3,Flagship Hypermarket,3935.32
row_07194,PRD-U02KQN,19.32,Low Fat,0.0265,Health and Hygiene,149.35,STORE-OYG,25,,Tier_2,Standard Supermarket,2878.63
row_07195,PRD-AVAYTG,10.06,Regular,0.0501,Canned,78.71,STORE-AGY,45,Large,Tier_3,Standard Supermarket,233.69
row_07197,PRD-N64XL2,21.247,Regular,0.117,Dairy,90.72,STORE-YLW,35,Small,Tier_1,Standard Supermarket,1361.92
row_07198,PRD-32WT59,19.836,Low Fat,0.0819,Baking Goods,180.44,STORE-89Z,33,Medium,Tier_1,Standard Supermarket,3826.8
row_07199,PRD-TOPS2I,20.203,Low Fat,0.0883,BREAKFAST,186.82,STORE-9RG,28,Small,Tier_2,Standard Supermarket,4840.15
row_07200,PRD-6O0HUH,20.09,Regular,0.0156,Fruits and Vegetables,238.85,STORE-HL7,23,Medium,Tier_3,Superstore,3429.78
row_07201,PRD-OFJA5N,5.327,Regular,0.0551,canned,194.85,STORE-AGY,45,Large,Tier_3,Standard Supermarket,2369.89
row_07202,PRD-TOTSN5,17.506,Regular,0.0,STARCHY FOODS,47.31,STORE-YLW,35,Small,Tier_1,Standard Supermarket,334.04
row_07203,PRD-192YWO,12.186,Low Fat,0.0266,CANNED,56.3,STORE-YLW,35,Small,Tier_1,Standard Supermarket,845.42
row_07204,PRD-NI9NWR,11.825,Low Fat,0.0,health and hygiene,40.32,STORE-OYG,25,,Tier_2,Standard Supermarket,1471.54
row_07207,PRD-HBRPOI,11.571,Low Fat,0.0662,SOFT DRINKS,141.01,STORE-JOR,34,,Tier_3,Corner Shop,288.41
row_07209,PRD-TKW2J2,,Regular,0.0949,Breads,224.46,STORE-T5G,47,Small,Tier_1,Corner Shop,217.3
row_07210,PRD-APC4XY,7.155,Regular,0.0637,Baking Goods,61.0,STORE-JOR,34,,Tier_3,Corner Shop,120.24
row_07211,PRD-QP5M3G,7.203,Low Fat,0.0147,canned,92.58,STORE-YLW,35,Small,Tier_1,Standard Supermarket,1593.72
row_07212,PRD-4TJITP,8.16,Low Fat,0.0406,fruits and vegetables,114.92,STORE-YLW,35,Small,Tier_1,Standard Supermarket,1847.72
row_07213,PRD-OECBPM,18.219,Low Fat,0.0447,HARD DRINKS,169.53,STORE-YLW,35,Small,Tier_1,Standard Supermarket,2316.95
row_07214,PRD-0FOH3H,,Regular,0.0505,dairy,143.71,STORE-T5G,47,Small,Tier_1,Corner Shop,275.61
row_07215,PRD-SUSDFO,5.409,Regular,0.0418,Baking Goods,158.39,STORE-9RG,28,Small,Tier_2,Standard Supermarket,3336.32
row_07216,PRD-M2PZNT,14.532,Low Fat,0.0188,others,166.59,STORE-HL7,23,Medium,Tier_3,Superstore,1956.26
row_07217,PRD-2I4RKK,,Low Fat,0.0,Health and Hygiene,64.62,STORE-7WS,47,Medium,Tier_3,Flagship Hypermarket,1333.71
row_07218,PRD-I85FVO,19.595,Low Fat,0.0667,Household,65.62,STORE-YLW,35,Small,Tier_1,Standard Supermarket,978.93
row_07220,PRD-COMXJF,9.028,Low Fat,0.1795,BAKING GOODS,127.25,STORE-9RG,28,Small,Tier_2,Standard Supermarket,2501.73
row_07221,PRD-YOZV8C,17.716,Low Fat,0.2921,Household,178.7,STORE-JOR,34,,Tier_3,Corner Shop,505.63
row_07222,PRD-FYZF7M,14.195,Low Fat,0.0858,health and hygiene,157.48,STORE-9RG,28,Small,Tier_2,Standard Supermarket,2476.34
row_07223,PRD-0B58ST,16.705,Regular,0.008,Canned,97.93,STORE-89Z,33,Medium,Tier_1,Standard Supermarket,2357.91
row_07224,PRD-Q8V88B,4.53,Regular,0.1013,Canned,227.23,STORE-DKU,30,,Tier_2,Standard Supermarket,2642.47
row_07226,PRD-0V6RAS,11.955,Regular,0.0504,FRUITS AND VEGETABLES,165.56,STORE-AGY,45,Large,Tier_3,Standard Supermarket,2073.69
row_07227,PRD-NI9NWR,11.8,Low Fat,0.0809,health and hygiene,37.59,STORE-YLW,35,Small,Tier_1,Standard Supermarket,791.01
row_07230,PRD-AN63XD,13.449,Low Fat,0.0059,FROZEN FOODS,188.02,STORE-HL7,23,Medium,Tier_3,Superstore,1794.26
row_07231,PRD-I7KBCW,14.768,Low Fat,0.0846,Meat,189.49,STORE-HL7,23,Medium,Tier_3,Superstore,3170.09
row_07232,PRD-JVZA65,12.308,Low Fat,0.0346,Snack Foods,145.93,STORE-JOR,34,,Tier_3,Corner Shop,302.54
row_07233,PRD-3G4UNX,5.001,Low Fat,0.1189,Canned,197.21,STORE-DKU,30,,Tier_2,Standard Supermarket,3091.12
row_07234,PRD-Z5LSCA,7.698,Low Fat,0.0343,DAIRY,119.8,STORE-9RG,28,Small,Tier_2,Standard Supermarket,1977.49
row_07236,PRD-8DPOY7,12.287,Low Fat,0.007,Household,41.76,STORE-89Z,33,Medium,Tier_1,Standard Supermarket,1004.3
row_07237,PRD-HFH2XF,14.628,Regular,0.0701,Breads,108.44,STORE-JOR,34,,Tier_3,Corner Shop,337.46
row_07238,PRD-1H8OJR,7.972,Low Fat,0.0691,Hard Drinks,38.26,STORE-AGY,45,Large,Tier_3,Standard Supermarket,793.62
row_07240,PRD-69JGC3,8.837,Regular,0.1681,meat,146.73,STORE-HL7,23,Medium,Tier_3,Superstore,2305.45
row_07241,PRD-JDWCJC,16.848,Regular,0.0619,Snack Foods,62.57,STORE-AGY,45,Large,Tier_3,Standard Supermarket,340.38
row_07242,PRD-58B6PJ,15.678,Regular,0.0641,Dairy,75.63,STORE-9RG,28,Small,Tier_2,Standard Supermarket,1103.79
row_07244,PRD-XLTA8I,13.066,Low Fat,0.0559,SOFT DRINKS,140.41,STORE-89Z,33,Medium,Tier_1,Standard Supermarket,871.1
row_07245,PRD-H8YZWJ,9.488,Low Fat,0.0931,CANNED,143.06,STORE-DKU,30,,Tier_2,Standard Supermarket,2781.49
row_07246,PRD-7B1U9E,10.713,Low Fat,0.0435,household,172.66,STORE-JOR,34,,Tier_3,Corner Shop,177.64
row_07247,PRD-0G6HSH,6.253,Regular,0.0833,Baking Goods,155.91,STORE-OYG,25,,Tier_2,Standard Supermarket,1897.57
row_07249,PRD-1MJQUE,16.616,Regular,0.0948,Baking Goods,97.81,STORE-HL7,23,Medium,Tier_3,Superstore,1695.26
row_07252,PRD-KDNQ4G,21.006,Low Fat,0.0201,snack foods,122.57,STORE-AGY,45,Large,Tier_3,Standard Supermarket,3166.05
row_07253,PRD-6SCK8E,10.962,Low Fat,0.0482,Household,181.58,STORE-89Z,33,Medium,Tier_1,Standard Supermarket,4912.71
row_07254,PRD-HFVMHX,8.256,Low Fat,0.0196,Health and Hygiene,238.45,STORE-HL7,23,Medium,Tier_3,Superstore,3667.71
row_07255,PRD-7MFP05,14.353,Low Fat,0.0357,soft drinks,42.18,STORE-89Z,33,Medium,Tier_1,Standard Supermarket,155.47
row_07256,PRD-VQPG4P,10.8,Low Fat,0.0471,Others,169.85,STORE-9RG,28,Small,Tier_2,Standard Supermarket,2415.42
row_07257,PRD-X6M52Y,,Regular,0.0188,Canned,85.58,STORE-7WS,47,Medium,Tier_3,Flagship Hypermarket,1948.31
row_07259,PRD-P1LPTS,16.75,Low Fat,0.1183,household,256.24,STORE-9RG,28,Small,Tier_2,Standard Supermarket,771.95
row_07260,PRD-1LWNLR,10.963,Low Fat,0.0551,Baking Goods,244.58,STORE-OYG,25,,Tier_2,Standard Supermarket,2456.74
row_07262,PRD-75E78H,7.385,Low Fat,0.0308,Household,174.26,STORE-DKU,30,,Tier_2,Standard Supermarket,2704.96
row_07263,PRD-FG1BKU,6.627,Low Fat,0.1083,Household,83.52,STORE-DKU,30,,Tier_2,Standard Supermarket,2549.3
row_07264,PRD-YL84PO,9.106,Regular,0.0136,snack foods,197.28,STORE-HL7,23,Medium,Tier_3,Superstore,2170.72
row_07265,PRD-2UHCIN,19.683,Low Fat,0.0264,Household,181.24,STORE-9RG,28,Small,Tier_2,Standard Supermarket,3277.37
row_07266,PRD-Q4MPR9,9.711,Low Fat,0.0301,Snack Foods,163.3,STORE-9RG,28,Small,Tier_2,Standard Supermarket,4172.88
row_07267,PRD-TKLX6O,13.949,Low Fat,0.0207,Fruits and Vegetables,126.98,STORE-HL7,23,Medium,Tier_3,Superstore,1301.95
row_07268,PRD-1H8OJR,8.05,Low Fat,0.1166,hard drinks,37.46,STORE-JOR,34,,Tier_3,Corner Shop,73.27
row_07269,PRD-4ILMK5,17.642,Low Fat,0.0824,Health and Hygiene,164.4,STORE-AGY,45,Large,Tier_3,Standard Supermarket,1303.66
row_07270,PRD-1WW0WD,14.02,Low Fat,0.078,Baking Goods,84.01,STORE-DKU,30,,Tier_2,Standard Supermarket,846.23
row_07271,PRD-VRURQT,15.64,Regular,0.0654,dairy,181.62,STORE-89Z,33,Medium,Tier_1,Standard Supermarket,2367.25
row_07272,PRD-6192K4,16.131,Low Fat,0.1067,Soft Drinks,59.05,STORE-89Z,33,Medium,Tier_1,Standard Supermarket,686.38
row_07273,PRD-YOZV8C,16.962,Low Fat,0.1682,household,180.08,STORE-9RG,28,Small,Tier_2,Standard Supermarket,2198.36
row_07274,PRD-097IYP,11.873,Regular,0.0273,Canned,40.68,STORE-AGY,45,Large,Tier_3,Standard Supermarket,411.13
row_07275,PRD-9P452B,8.946,Low Fat,0.0741,hard drinks,234.92,STORE-OYG,25,,Tier_2,Standard Supermarket,1908.26
row_07276,PRD-P2F8UZ,,Low Fat,0.0938,HOUSEHOLD,194.56,STORE-T5G,47,Small,Tier_1,Corner Shop,188.97
row_07278,PRD-8WJAI7,9.113,Low Fat,0.064,Snack Foods,179.71,STORE-HL7,23,Medium,Tier_3,Superstore,1075.59
row_07279,PRD-5Z8FE8,18.363,Low Fat,0.0104,Household,207.8,STORE-HL7,23,Medium,Tier_3,Superstore,2518.83
row_07280,PRD-GZ27FH,16.537,Low Fat,0.061,Canned,98.12,STORE-9RG,28,Small,Tier_2,Standard Supermarket,1018.72
row_07281,PRD-9C3FUQ,15.95,Low Fat,0.1442,Hard Drinks,258.38,STORE-89Z,33,Medium,Tier_1,Standard Supermarket,2785.92
row_07282,PRD-0JL6QK,19.238,Low Fat,0.1255,SNACK FOODS,105.14,STORE-AGY,45,Large,Tier_3,Standard Supermarket,1259.36
row_07283,PRD-1FT8J9,11.978,Low Fat,0.1425,HEALTH AND HYGIENE,221.12,STORE-89Z,33,Medium,Tier_1,Standard Supermarket,3468.66
row_07284,PRD-IHO2KG,13.418,Regular,0.0819,frozen foods,260.16,STORE-YLW,35,Small,Tier_1,Standard Supermarket,4263.84
row_07285,PRD-RMB8Q9,,Low Fat,0.0364,HEALTH AND HYGIENE,86.25,STORE-7WS,47,Medium,Tier_3,Flagship Hypermarket,2008.98
row_07286,PRD-4HX6BQ,10.385,Low Fat,0.0235,Canned,121.02,STORE-HL7,23,Medium,Tier_3,Superstore,1587.6
row_07287,PRD-N3QXKH,14.186,Low Fat,0.0853,Dairy,229.41,STORE-AGY,45,Large,Tier_3,Standard Supermarket,1102.9
row_07289,PRD-UL2AE5,9.683,Low Fat,0.0248,Health and Hygiene,117.12,STORE-9RG,28,Small,Tier_2,Standard Supermarket,1318.04
row_07290,PRD-VTTR5G,14.16,Regular,0.0934,Breakfast,240.24,STORE-JOR,34,,Tier_3,Corner Shop,232.53
row_07291,PRD-LAVSML,11.927,Low Fat,0.0412,fruits and vegetables,183.1,STORE-HL7,23,Medium,Tier_3,Superstore,5515.53
row_07293,PRD-IV473J,19.545,Regular,0.0183,Frozen Foods,178.27,STORE-AGY,45,Large,Tier_3,Standard Supermarket,3526.22
row_07294,PRD-JJ4AL0,20.068,Low Fat,0.0406,FROZEN FOODS,107.02,STORE-DKU,30,,Tier_2,Standard Supermarket,1948.91
row_07295,PRD-9LB7L5,,Regular,0.1746,dairy,160.43,STORE-7WS,47,Medium,Tier_3,Flagship Hypermarket,4529.97
row_07296,PRD-MH7GX8,,Low Fat,0.1713,DAIRY,54.11,STORE-T5G,47,Small,Tier_1,Corner Shop,106.41
row_07297,PRD-0B58ST,16.899,Regular,0.0079,Canned,102.96,STORE-AGY,45,Large,Tier_3,Standard Supermarket,1499.37
row_07298,PRD-LBIPQF,17.319,Regular,0.0479,Fruits and Vegetables,127.75,STORE-9RG,28,Small,Tier_2,Standard Supermarket,2036.75
row_07299,PRD-GSEMU5,6.622,Regular,0.0306,fruits and vegetables,77.97,STORE-OYG,25,,Tier_2,Standard Supermarket,1151.25
row_07300,PRD-93OBAJ,8.296,Regular,0.1115,Snack Foods,175.47,STORE-OYG,25,,Tier_2,Standard Supermarket,2938.8
row_07302,PRD-OQ0Y2Z,15.61,Low Fat,0.0565,BAKING GOODS,197.23,STORE-AGY,45,Large,Tier_3,Standard Supermarket,1799.08
row_07305,PRD-FVHC3D,17.559,Low Fat,0.0765,seafood,34.38,STORE-89Z,33,Medium,Tier_1,Standard Supermarket,200.9
row_07306,PRD-I7KBCW,15.142,Low Fat,0.0838,MEAT,185.19,STORE-DKU,30,,Tier_2,Standard Supermarket,1792.38
row_07307,PRD-AVAYTG,,Regular,0.0,canned,76.68,STORE-T5G,47,Small,Tier_1,Corner Shop,410.42
row_07308,PRD-HBZ5J3,,Low Fat,0.0546,baking goods,105.27,STORE-7WS,47,Medium,Tier_3,Flagship Hypermarket,2304.44
row_07309,PRD-HR8X8C,13.165,Regular,0.1246,Starchy Foods,93.84,STORE-9RG,28,Small,Tier_2,Standard Supermarket,2037.09
row_07310,PRD-J28SY2,15.663,Regular,0.1323,BAKING GOODS,264.19,STORE-JOR,34,,Tier_3,Corner Shop,522.21
row_07311,PRD-1IQXZX,15.993,Low Fat,0.0451,FROZEN FOODS,44.26,STORE-89Z,33,Medium,Tier_1,Standard Supermarket,484.35
row_07312,PRD-2RFKBT,8.705,Low Fat,0.0531,HOUSEHOLD,146.62,STORE-9RG,28,Small,Tier_2,Standard Supermarket,3052.74
row_07313,PRD-41CMGC,7.257,Low Fat,0.0417,fruits and vegetables,223.39,STORE-OYG,25,,Tier_2,Standard Supermarket,2045.84
row_07314,PRD-DJKDFR,17.854,Low Fat,0.0144,FRUITS AND VEGETABLES,154.87,STORE-89Z,33,Medium,Tier_1,Standard Supermarket,3762.51
row_07316,PRD-21520R,15.278,Low Fat,0.0256,Snack Foods,85.92,STORE-HL7,23,Medium,Tier_3,Superstore,1475.08
row_07318,PRD-S2II06,14.296,Low Fat,0.1109,Baking Goods,53.99,STORE-OYG,25,,Tier_2,Standard Supermarket,957.3
row_07319,PRD-CHPZ5T,19.186,Low Fat,0.0,HEALTH AND HYGIENE,216.95,STORE-JOR,34,,Tier_3,Corner Shop,1512.59
row_07321,PRD-H8YZWJ,9.201,Low Fat,0.1506,Canned,142.47,STORE-JOR,34,,Tier_3,Corner Shop,278.91
row_07322,PRD-JXVIHM,19.468,Low Fat,0.026,Household,127.68,STORE-OYG,25,,Tier_2,Standard Supermarket,2908.76
row_07323,PRD-MX6K0J,19.989,Low Fat,0.063,Health and Hygiene,124.73,STORE-AGY,45,Large,Tier_3,Standard Supermarket,875.13
row_07325,PRD-I3MWRM,16.459,Low Fat,0.0565,MEAT,163.24,STORE-JOR,34,,Tier_3,Corner Shop,158.37
row_07326,PRD-76RKQ4,,Low Fat,0.046,Dairy,236.99,STORE-T5G,47,Small,Tier_1,Corner Shop,491.18
row_07327,PRD-1QV3CG,8.598,Regular,0.0411,FRUITS AND VEGETABLES,196.71,STORE-9RG,28,Small,Tier_2,Standard Supermarket,2184.1
row_07328,PRD-ZFV8YU,7.661,Low Fat,0.0534,Fruits and Vegetables,133.19,STORE-89Z,33,Medium,Tier_1,Standard Supermarket,627.13
row_07329,PRD-X5SMJY,19.074,Low Fat,0.0,household,216.17,STORE-9RG,28,Small,Tier_2,Standard Supermarket,3525.44
row_07330,PRD-MSK8AG,,Low Fat,0.0839,Dairy,175.96,STORE-7WS,47,Medium,Tier_3,Flagship Hypermarket,4153.52
row_07331,PRD-NDSUDE,,Regular,0.0382,fruits and vegetables,106.18,STORE-DKU,30,,Tier_2,Standard Supermarket,901.01
row_07332,PRD-ETAGHN,6.632,Regular,0.0222,Snack Foods,204.38,STORE-YLW,35,Small,Tier_1,Standard Supermarket,5930.33
row_07333,PRD-EFRJYJ,5.471,Regular,0.1448,Seafood,177.19,STORE-DKU,30,,Tier_2,Standard Supermarket,2187.79
row_07335,PRD-CVIYJK,11.542,Regular,0.021,DAIRY,87.0,STORE-HL7,23,Medium,Tier_3,Superstore,834.74
row_07336,PRD-GNJ6OM,15.917,Regular,0.1049,BAKING GOODS,181.6,STORE-AGY,45,Large,Tier_3,Standard Supermarket,4265.06
row_07337,PRD-JEIR9U,9.785,Low Fat,0.0703,Snack Foods,234.12,STORE-89Z,33,Medium,Tier_1,Standard Supermarket,3073.18
row_07338,PRD-H4CI9H,,Regular,0.0365,MEAT,178.49,STORE-7WS,47,Medium,Tier_3,Flagship Hypermarket,4556.35
row_07339,PRD-ZL5GJ8,,Low Fat,0.0557,Meat,152.71,STORE-7WS,47,Medium,Tier_3,Flagship Hypermarket,2888.32
row_07340,PRD-NVTANM,6.993,Regular,0.0602,Fruits and Vegetables,128.44,STORE-DKU,30,,Tier_2,Standard Supermarket,3318.93
row_07341,PRD-DP03EH,7.198,Low Fat,0.167,Dairy,207.97,STORE-HL7,23,Medium,Tier_3,Superstore,3202.71
row_07342,PRD-2P3YVB,5.136,Low Fat,0.0,Soft Drinks,193.54,STORE-DKU,30,,Tier_2,Standard Supermarket,4761.78
row_07343,PRD-MWWJPG,13.194,Low Fat,0.148,Canned,75.15,STORE-89Z,33,Medium,Tier_1,Standard Supermarket,764.21
row_07344,PRD-UIB5SQ,10.0,Low Fat,0.0281,meat,77.32,STORE-AGY,45,Large,Tier_3,Standard Supermarket,310.64
row_07345,PRD-WG1IQ4,19.905,Low Fat,0.0439,fruits and vegetables,127.13,STORE-HL7,23,Medium,Tier_3,Superstore,1710.41
row_07346,PRD-KYKE9F,,Low Fat,0.0385,snack foods,234.22,STORE-7WS,47,Medium,Tier_3,Flagship Hypermarket,6818.43
row_07347,PRD-TBZO2W,14.096,Regular,0.171,FROZEN FOODS,137.21,STORE-JOR,34,,Tier_3,Corner Shop,136.0
row_07348,PRD-6IUUKZ,11.149,Regular,0.0332,Frozen Foods,151.94,STORE-AGY,45,Large,Tier_3,Standard Supermarket,1120.23
row_07349,PRD-40V1GK,17.732,Low Fat,0.0,Snack Foods,251.64,STORE-9RG,28,Small,Tier_2,Standard Supermarket,4500.39
row_07350,PRD-U0CRF5,13.937,Regular,0.0246,fruits and vegetables,200.7,STORE-YLW,35,Small,Tier_1,Standard Supermarket,2434.04
row_07351,PRD-L11FC6,20.047,Regular,0.0188,Meat,103.44,STORE-9RG,28,Small,Tier_2,Standard Supermarket,1814.71
row_07352,PRD-VP8H4N,8.304,Low Fat,0.0951,Canned,51.88,STORE-HL7,23,Medium,Tier_3,Superstore,963.61
row_07353,PRD-A46JZO,,Low Fat,0.0209,health and hygiene,47.4,STORE-T5G,47,Small,Tier_1,Corner Shop,95.58
row_07355,PRD-B2HWYW,20.049,Low Fat,0.025,HOUSEHOLD,50.41,STORE-OYG,25,,Tier_2,Standard Supermarket,149.73
row_07359,PRD-PTOMJB,8.153,Low Fat,0.0,soft drinks,174.09,STORE-DKU,30,,Tier_2,Standard Supermarket,2686.85
row_07361,PRD-DJKDFR,18.009,Low Fat,0.0142,Fruits and Vegetables,157.31,STORE-9RG,28,Small,Tier_2,Standard Supermarket,2949.64
row_07363,PRD-F6EGQO,15.402,Low Fat,0.0841,SNACK FOODS,217.68,STORE-OYG,25,,Tier_2,Standard Supermarket,5242.75
row_07364,PRD-ZVRERW,17.338,Low Fat,0.0611,Dairy,91.59,STORE-JOR,34,,Tier_3,Corner Shop,88.71
row_07365,PRD-60GBFW,13.498,Low Fat,0.04,Frozen Foods,33.84,STORE-OYG,25,,Tier_2,Standard Supermarket,612.43
row_07366,PRD-KF9QCF,17.229,Low Fat,0.1302,Health and Hygiene,36.7,STORE-JOR,34,,Tier_3,Corner Shop,139.81
row_07367,PRD-R2LIOG,9.063,Low Fat,0.0613,dairy,152.2,STORE-9RG,28,Small,Tier_2,Standard Supermarket,2647.39
row_07368,PRD-YLXYXL,7.435,Low Fat,0.0,baking goods,76.89,STORE-YLW,35,Small,Tier_1,Standard Supermarket,2233.48
row_07369,PRD-Z16UFZ,18.239,Low Fat,0.0164,snack foods,151.45,STORE-AGY,45,Large,Tier_3,Standard Supermarket,3240.13
row_07371,PRD-R9QIKQ,,Low Fat,0.1141,Baking Goods,92.61,STORE-T5G,47,Small,Tier_1,Corner Shop,653.49
row_07372,PRD-3A1DU1,5.863,Low Fat,0.0,HOUSEHOLD,164.79,STORE-AGY,45,Large,Tier_3,Standard Supermarket,2442.93
row_07373,PRD-OQ0Y2Z,16.145,Low Fat,0.0533,Baking Goods,192.28,STORE-89Z,33,Medium,Tier_1,Standard Supermarket,2692.65
row_07374,PRD-7U00JT,7.904,Low Fat,0.0375,Seafood,105.15,STORE-JOR,34,,Tier_3,Corner Shop,439.75
row_07376,PRD-MHJ45L,16.87,Low Fat,0.0146,FROZEN FOODS,74.96,STORE-9RG,28,Small,Tier_2,Standard Supermarket,761.05
row_07377,PRD-1FEQOX,19.22,Low Fat,0.0869,snack foods,257.06,STORE-AGY,45,Large,Tier_3,Standard Supermarket,2053.68
row_07378,PRD-AEYV7C,12.222,Low Fat,0.146,Fruits and Vegetables,101.44,STORE-89Z,33,Medium,Tier_1,Standard Supermarket,1377.43
row_07379,PRD-FGGUXT,5.74,Regular,0.0567,snack foods,66.59,STORE-9RG,28,Small,Tier_2,Standard Supermarket,448.43
row_07381,PRD-KGPPR8,19.906,Regular,0.0637,Baking Goods,164.24,STORE-DKU,30,,Tier_2,Standard Supermarket,2688.43
row_07382,PRD-5CI6VG,16.027,Low Fat,0.062,DAIRY,147.97,STORE-YLW,35,Small,Tier_1,Standard Supermarket,1510.82
row_07383,PRD-MQEEB6,17.269,Low Fat,0.0696,Canned,76.45,STORE-OYG,25,,Tier_2,Standard Supermarket,751.83
row_07384,PRD-5UL5NW,,Low Fat,0.0491,DAIRY,84.96,STORE-7WS,47,Medium,Tier_3,Flagship Hypermarket,1511.22
row_07385,PRD-PLCL5F,18.337,Low Fat,0.0263,Baking Goods,127.25,STORE-DKU,30,,Tier_2,Standard Supermarket,3227.16
row_07386,PRD-AANYGU,12.883,Low Fat,0.0324,snack foods,175.35,STORE-HL7,23,Medium,Tier_3,Superstore,3392.12
row_07387,PRD-V2V1IT,10.119,Low Fat,0.0483,Frozen Foods,142.83,STORE-HL7,23,Medium,Tier_3,Superstore,2319.46
row_07388,PRD-PF9A0N,4.796,Regular,0.0386,Dairy,127.36,STORE-HL7,23,Medium,Tier_3,Superstore,3706.18
row_07389,PRD-UHZ6A8,9.366,Low Fat,0.0431,hard drinks,127.82,STORE-AGY,45,Large,Tier_3,Standard Supermarket,1643.64
row_07390,PRD-OM3ZAQ,15.613,Regular,0.0311,Snack Foods,245.72,STORE-89Z,33,Medium,Tier_1,Standard Supermarket,5295.5
row_07391,PRD-I3MWRM,,Low Fat,0.0314,Meat,170.04,STORE-7WS,47,Medium,Tier_3,Flagship Hypermarket,5369.31
row_07392,PRD-2BSMEB,,Low Fat,0.0377,BAKING GOODS,48.85,STORE-7WS,47,Medium,Tier_3,Flagship Hypermarket,2042.86
row_07393,PRD-8D7CED,12.162,Low Fat,0.0711,STARCHY FOODS,123.43,STORE-HL7,23,Medium,Tier_3,Superstore,1737.07
row_07395,PRD-CUZREN,14.051,Low Fat,0.059,dairy,250.1,STORE-DKU,30,,Tier_2,Standard Supermarket,1465.64
row_07398,PRD-Z45QF8,9.616,Low Fat,0.0512,SNACK FOODS,259.9,STORE-DKU,30,,Tier_2,Standard Supermarket,4905.81
row_07399,PRD-L532UU,,Low Fat,0.0304,dairy,261.69,STORE-7WS,47,Medium,Tier_3,Flagship Hypermarket,4496.64
row_07400,PRD-PJ1TV2,18.004,Regular,0.0514,Fruits and Vegetables,138.64,STORE-JOR,34,,Tier_3,Corner Shop,268.57
row_07401,PRD-YZB4K8,17.419,Regular,0.0173,fruits and vegetables,47.38,STORE-9RG,28,Small,Tier_2,Standard Supermarket,940.74
row_07403,PRD-XMSTP3,15.064,Low Fat,0.0607,Snack Foods,45.16,STORE-HL7,23,Medium,Tier_3,Superstore,559.23
row_07404,PRD-0RH735,19.302,Low Fat,0.1756,others,241.92,STORE-OYG,25,,Tier_2,Standard Supermarket,1625.61
row_07405,PRD-S668FR,19.216,Low Fat,0.0926,others,189.05,STORE-OYG,25,,Tier_2,Standard Supermarket,1434.99
row_07407,PRD-W103DG,8.303,Low Fat,0.0175,SOFT DRINKS,198.03,STORE-9RG,28,Small,Tier_2,Standard Supermarket,3366.39
row_07408,PRD-GW4LDH,9.985,Low Fat,0.0905,health and hygiene,147.45,STORE-9RG,28,Small,Tier_2,Standard Supermarket,3227.33
row_07409,PRD-HU814P,12.655,Low Fat,0.009,baking goods,73.25,STORE-YLW,35,Small,Tier_1,Standard Supermarket,1314.32
row_07410,PRD-9DDVP4,14.684,Regular,0.0,FRUITS AND VEGETABLES,64.58,STORE-HL7,23,Medium,Tier_3,Superstore,1311.32
row_07411,PRD-PQNOMP,17.737,Low Fat,0.0,Baking Goods,104.43,STORE-AGY,45,Large,Tier_3,Standard Supermarket,1894.7
row_07412,PRD-O5ZFW1,5.362,Low Fat,0.0436,Health and Hygiene,163.65,STORE-9RG,28,Small,Tier_2,Standard Supermarket,1964.1
row_07413,PRD-E8DE4C,15.483,Regular,0.156,Snack Foods,148.3,STORE-DKU,30,,Tier_2,Standard Supermarket,2312.69
row_07414,PRD-UHZ6A8,,Low Fat,0.0425,hard drinks,125.4,STORE-7WS,47,Medium,Tier_3,Flagship Hypermarket,5623.58
row_07415,PRD-EVZUBR,,Low Fat,0.055,FROZEN FOODS,40.05,STORE-7WS,47,Medium,Tier_3,Flagship Hypermarket,409.46
row_07416,PRD-VRURQT,16.346,Regular,0.0645,DAIRY,176.46,STORE-9RG,28,Small,Tier_2,Standard Supermarket,1954.61
row_07417,PRD-WWQC38,12.489,Low Fat,0.1189,Soft Drinks,106.79,STORE-JOR,34,,Tier_3,Corner Shop,217.33
row_07418,PRD-NSQDTZ,18.07,Low Fat,0.0492,Snack Foods,116.54,STORE-OYG,25,,Tier_2,Standard Supermarket,1121.06
row_07419,PRD-MY5ZPJ,8.285,Low Fat,0.0355,Hard Drinks,115.03,STORE-DKU,30,,Tier_2,Standard Supermarket,1550.35
row_07420,PRD-6GKHNX,8.663,Low Fat,0.0478,Health and Hygiene,131.58,STORE-89Z,33,Medium,Tier_1,Standard Supermarket,2531.68
row_07421,PRD-LUSMF0,12.221,Low Fat,0.0779,MEAT,215.59,STORE-9RG,28,Small,Tier_2,Standard Supermarket,1319.97
row_07422,PRD-Y4II63,16.715,Low Fat,0.1319,household,122.03,STORE-89Z,33,Medium,Tier_1,Standard Supermarket,1342.94
row_07425,PRD-4ILMK5,17.879,Low Fat,0.1421,HEALTH AND HYGIENE,160.32,STORE-JOR,34,,Tier_3,Corner Shop,153.68
row_07426,PRD-DTYGUJ,,Low Fat,0.0767,household,176.85,STORE-7WS,47,Medium,Tier_3,Flagship Hypermarket,5467.69
row_07427,PRD-D6O9YZ,10.644,Regular,0.0488,Baking Goods,41.6,STORE-HL7,23,Medium,Tier_3,Superstore,428.91
row_07428,PRD-ZFWONV,5.326,Regular,0.1041,FRUITS AND VEGETABLES,145.43,STORE-OYG,25,,Tier_2,Standard Supermarket,4220.81
row_07429,PRD-TC2QWF,14.552,Regular,0.1642,canned,186.5,STORE-YLW,35,Small,Tier_1,Standard Supermarket,2846.08
row_07430,PRD-MGCY57,6.906,Regular,0.086,Fruits and Vegetables,235.54,STORE-AGY,45,Large,Tier_3,Standard Supermarket,3345.22
row_07432,PRD-AQYP2R,19.188,Regular,0.0159,Canned,188.99,STORE-9RG,28,Small,Tier_2,Standard Supermarket,3437.97
row_07433,PRD-O84W6T,15.81,Low Fat,0.037,snack foods,122.63,STORE-DKU,30,,Tier_2,Standard Supermarket,2308.74
row_07434,PRD-CM8SJU,21.019,Low Fat,0.0233,Others,150.23,STORE-OYG,25,,Tier_2,Standard Supermarket,2889.77
row_07436,PRD-EWQGAD,5.55,Regular,0.033,Canned,188.94,STORE-YLW,35,Small,Tier_1,Standard Supermarket,5293.7
row_07437,PRD-KINNDW,20.021,Regular,0.0,FROZEN FOODS,81.19,STORE-9RG,28,Small,Tier_2,Standard Supermarket,948.76
row_07438,PRD-JD2GVF,9.147,Low Fat,0.0279,baking goods,189.95,STORE-89Z,33,Medium,Tier_1,Standard Supermarket,5038.81
row_07440,PRD-32R5MU,7.278,Low Fat,0.0151,SNACK FOODS,151.29,STORE-YLW,35,Small,Tier_1,Standard Supermarket,1391.96
row_07441,PRD-OWOT0V,11.849,Regular,0.0426,canned,126.29,STORE-OYG,25,,Tier_2,Standard Supermarket,1763.46
row_07442,PRD-YUG5GN,,Low Fat,0.0,Fruits and Vegetables,46.1,STORE-7WS,47,Medium,Tier_3,Flagship Hypermarket,852.76
row_07443,PRD-K6I2KL,9.503,Regular,0.0146,Snack Foods,186.19,STORE-89Z,33,Medium,Tier_1,Standard Supermarket,4828.39
row_07444,PRD-88O5OR,12.488,Low Fat,0.0651,SOFT DRINKS,156.81,STORE-AGY,45,Large,Tier_3,Standard Supermarket,2303.6
row_07445,PRD-Q8LYYX,,Regular,0.0766,Frozen Foods,172.63,STORE-7WS,47,Medium,Tier_3,Flagship Hypermarket,2470.97
row_07446,PRD-V2AQNP,11.686,Regular,0.1604,Breakfast,166.34,STORE-89Z,33,Medium,Tier_1,Standard Supermarket,4172.81
row_07447,PRD-VDV7PE,,Low Fat,0.0,Health and Hygiene,40.13,STORE-T5G,47,Small,Tier_1,Corner Shop,80.03
row_07449,PRD-GGO8YM,16.807,Regular,0.1159,BREAKFAST,182.95,STORE-JOR,34,,Tier_3,Corner Shop,1076.19
row_07450,PRD-I7OGZA,16.556,Low Fat,0.0816,HOUSEHOLD,186.55,STORE-JOR,34,,Tier_3,Corner Shop,783.56
row_07451,PRD-ONGWUL,12.977,Low Fat,0.0402,Household,261.79,STORE-89Z,33,Medium,Tier_1,Standard Supermarket,3344.49
row_07452,PRD-8MY1UX,19.937,Low Fat,0.1558,health and hygiene,110.95,STORE-DKU,30,,Tier_2,Standard Supermarket,3527.34
row_07453,PRD-WOLYTS,12.723,Regular,0.0412,fruits and vegetables,124.05,STORE-OYG,25,,Tier_2,Standard Supermarket,1316.24
row_07455,PRD-LAVSML,12.127,Low Fat,0.0407,Fruits and Vegetables,184.8,STORE-AGY,45,Large,Tier_3,Standard Supermarket,4766.8
row_07456,PRD-53EF9P,11.859,Low Fat,0.028,Household,147.66,STORE-9RG,28,Small,Tier_2,Standard Supermarket,2765.69
row_07457,PRD-JDWCJC,16.595,Regular,0.0637,Snack Foods,59.05,STORE-YLW,35,Small,Tier_1,Standard Supermarket,987.29
row_07458,PRD-LV9PLM,6.868,Low Fat,0.0571,health and hygiene,268.58,STORE-YLW,35,Small,Tier_1,Standard Supermarket,9999.51
row_07459,PRD-OEM1VZ,20.772,Regular,0.0752,Dairy,192.81,STORE-YLW,35,Small,Tier_1,Standard Supermarket,2749.78
row_07461,PRD-VDCG3B,20.521,Regular,0.133,SEAFOOD,235.86,STORE-HL7,23,Medium,Tier_3,Superstore,6138.02
row_07462,PRD-BZNC9Q,6.831,Regular,0.1392,Meat,185.24,STORE-AGY,45,Large,Tier_3,Standard Supermarket,3081.37
row_07465,PRD-GLWY1N,,Low Fat,0.0,Frozen Foods,98.68,STORE-7WS,47,Medium,Tier_3,Flagship Hypermarket,3258.4
row_07466,PRD-C6G610,7.584,Low Fat,0.0676,snack foods,106.13,STORE-9RG,28,Small,Tier_2,Standard Supermarket,2654.11
row_07467,PRD-YCKVJK,13.943,Regular,0.1783,Canned,205.49,STORE-DKU,30,,Tier_2,Standard Supermarket,4718.26
row_07468,PRD-MJ7PDZ,17.99,Low Fat,0.0186,frozen foods,97.4,STORE-JOR,34,,Tier_3,Corner Shop,94.24
row_07469,PRD-6MLGK8,19.427,Regular,0.0,FRUITS AND VEGETABLES,176.82,STORE-JOR,34,,Tier_3,Corner Shop,706.82
row_07470,PRD-OF2TX0,7.718,Low Fat,0.1022,Snack Foods,111.72,STORE-OYG,25,,Tier_2,Standard Supermarket,890.73
row_07471,PRD-4RQYWN,16.707,Low Fat,0.0337,Household,125.39,STORE-HL7,23,Medium,Tier_3,Superstore,1233.81
row_07472,PRD-JWTV3N,10.778,Low Fat,0.0549,Frozen Foods,87.97,STORE-OYG,25,,Tier_2,Standard Supermarket,2030.13
row_07473,PRD-DL52AM,10.692,Regular,0.0,Baking Goods,50.72,STORE-HL7,23,Medium,Tier_3,Superstore,550.09
row_07474,PRD-IBQR9L,21.056,Regular,0.0295,Dairy,207.63,STORE-HL7,23,Medium,Tier_3,Superstore,2518.34
row_07475,PRD-YLXYXL,7.469,Low Fat,0.0385,Baking Goods,74.46,STORE-89Z,33,Medium,Tier_1,Standard Supermarket,441.33
row_07476,PRD-1N0XXZ,,Low Fat,0.0185,CANNED,82.72,STORE-T5G,47,Small,Tier_1,Corner Shop,506.53
row_07477,PRD-YZSJHT,9.428,Regular,0.0229,Breads,102.03,STORE-9RG,28,Small,Tier_2,Standard Supermarket,3066.03
row_07478,PRD-9AHEJ8,8.962,Low Fat,0.0,Dairy,42.85,STORE-HL7,23,Medium,Tier_3,Superstore,590.66
row_07479,PRD-ZDVAG1,20.829,Low Fat,0.0,household,37.58,STORE-HL7,23,Medium,Tier_3,Superstore,813.31
row_07481,PRD-JNNMAX,20.721,Low Fat,0.1175,health and hygiene,228.5,STORE-DKU,30,,Tier_2,Standard Supermarket,1421.18
row_07482,PRD-BTN76M,,Low Fat,0.1752,FRUITS AND VEGETABLES,110.48,STORE-7WS,47,Medium,Tier_3,Flagship Hypermarket,4588.04
row_07483,PRD-38JOEC,14.436,Regular,0.0098,Snack Foods,158.9,STORE-HL7,23,Medium,Tier_3,Superstore,3059.72
row_07484,PRD-EGKRHJ,5.379,Regular,0.0059,SNACK FOODS,96.77,STORE-YLW,35,Small,Tier_1,Standard Supermarket,1402.18
row_07485,PRD-679O2X,21.598,Low Fat,0.0486,Snack Foods,196.22,STORE-HL7,23,Medium,Tier_3,Superstore,1106.01
row_07486,PRD-I7OGZA,16.275,Low Fat,0.0482,Household,187.17,STORE-HL7,23,Medium,Tier_3,Superstore,1710.76
row_07487,PRD-G3QWQF,20.314,Regular,0.0,baking goods,98.95,STORE-OYG,25,,Tier_2,Standard Supermarket,1831.99
row_07488,PRD-57XD6K,12.597,Low Fat,0.1615,FROZEN FOODS,48.7,STORE-89Z,33,Medium,Tier_1,Standard Supermarket,1092.11
row_07489,PRD-FVHC3D,,Low Fat,0.1263,seafood,34.74,STORE-T5G,47,Small,Tier_1,Corner Shop,179.87
row_07490,PRD-94QTWZ,8.078,Low Fat,0.1157,MEAT,187.69,STORE-9RG,28,Small,Tier_2,Standard Supermarket,2461.59
row_07492,PRD-I85FVO,,Low Fat,0.0671,HOUSEHOLD,61.84,STORE-7WS,47,Medium,Tier_3,Flagship Hypermarket,2177.0
row_07493,PRD-GSTFS2,5.527,Low Fat,0.0156,frozen foods,83.18,STORE-YLW,35,Small,Tier_1,Standard Supermarket,1154.6
row_07494,PRD-0KDULB,19.929,Low Fat,0.1196,household,95.23,STORE-JOR,34,,Tier_3,Corner Shop,264.35
row_07497,PRD-QYXGO4,19.869,Low Fat,0.0511,Fruits and Vegetables,55.56,STORE-HL7,23,Medium,Tier_3,Superstore,1065.57
row_07498,PRD-TFIUHP,12.754,Low Fat,0.0795,Fruits and Vegetables,98.04,STORE-9RG,28,Small,Tier_2,Standard Supermarket,3948.66
row_07499,PRD-B7ITAT,,Low Fat,0.1244,Baking Goods,147.33,STORE-7WS,47,Medium,Tier_3,Flagship Hypermarket,4297.64
row_07500,PRD-MNEL25,17.418,Regular,0.0462,snack foods,116.54,STORE-OYG,25,,Tier_2,Standard Supermarket,744.75
row_07501,PRD-2G2HFD,9.637,Low Fat,0.0067,Household,161.36,STORE-AGY,45,Large,Tier_3,Standard Supermarket,3097.72
row_07502,PRD-6RNJLK,20.36,Low Fat,0.0352,BAKING GOODS,44.17,STORE-9RG,28,Small,Tier_2,Standard Supermarket,416.04
row_07503,PRD-LQK65V,18.305,Low Fat,0.0447,Snack Foods,130.69,STORE-89Z,33,Medium,Tier_1,Standard Supermarket,2619.18
row_07505,PRD-4R1F1X,17.304,Low Fat,0.0082,Dairy,173.37,STORE-OYG,25,,Tier_2,Standard Supermarket,5602.81
row_07506,PRD-CFDOOB,9.426,Regular,0.1232,fruits and vegetables,103.04,STORE-HL7,23,Medium,Tier_3,Superstore,1156.6
row_07507,PRD-C71O4Y,11.272,Low Fat,0.0,Fruits and Vegetables,124.71,STORE-89Z,33,Medium,Tier_1,Standard Supermarket,2819.48
row_07508,PRD-A6X5Z0,,Low Fat,0.0789,HEALTH AND HYGIENE,97.11,STORE-7WS,47,Medium,Tier_3,Flagship Hypermarket,4244.13
row_07509,PRD-HVVZBL,,Regular,0.0688,Dairy,123.52,STORE-7WS,47,Medium,Tier_3,Flagship Hypermarket,1107.44
row_07510,PRD-94QTWZ,8.192,Low Fat,0.1202,meat,186.74,STORE-DKU,30,,Tier_2,Standard Supermarket,4147.4
row_07511,PRD-5FDHJK,7.048,Low Fat,0.0775,Soft Drinks,90.32,STORE-HL7,23,Medium,Tier_3,Superstore,1051.36
row_07512,PRD-AN4EIO,,Regular,0.14,Frozen Foods,53.24,STORE-7WS,47,Medium,Tier_3,Flagship Hypermarket,2239.04
row_07513,PRD-98BNVW,19.255,Regular,0.1135,Fruits and Vegetables,194.24,STORE-JOR,34,,Tier_3,Corner Shop,195.41
row_07517,PRD-QDI07H,17.757,Regular,0.1539,Dairy,246.1,STORE-9RG,28,Small,Tier_2,Standard Supermarket,4337.57
row_07519,PRD-9HXEG6,7.225,Low Fat,0.0456,Household,58.33,STORE-HL7,23,Medium,Tier_3,Superstore,644.06
row_07520,PRD-JOYJNE,16.929,Low Fat,0.0,Dairy,175.15,STORE-DKU,30,,Tier_2,Standard Supermarket,4629.09
row_07521,PRD-5JN7BS,9.434,Regular,0.0302,Snack Foods,221.85,STORE-HL7,23,Medium,Tier_3,Superstore,2178.05
row_07522,PRD-E5UPVR,16.763,Regular,0.0827,Snack Foods,111.11,STORE-HL7,23,Medium,Tier_3,Superstore,1663.55
row_07523,PRD-ZIFT9Y,15.121,Regular,0.027,FRUITS AND VEGETABLES,103.1,STORE-DKU,30,,Tier_2,Standard Supermarket,1614.12
row_07526,PRD-2UETCH,19.419,Low Fat,0.0335,MEAT,168.08,STORE-9RG,28,Small,Tier_2,Standard Supermarket,5049.51
row_07527,PRD-994LX9,7.932,Low Fat,0.1326,Dairy,101.11,STORE-AGY,45,Large,Tier_3,Standard Supermarket,2496.23
row_07530,PRD-7SMC67,15.946,Low Fat,0.1407,BREAKFAST,131.36,STORE-AGY,45,Large,Tier_3,Standard Supermarket,2733.09
row_07531,PRD-QLQCG1,8.49,Low Fat,0.0234,SOFT DRINKS,104.42,STORE-DKU,30,,Tier_2,Standard Supermarket,943.52
row_07533,PRD-TRMI8Q,,Low Fat,0.0204,OTHERS,189.99,STORE-T5G,47,Small,Tier_1,Corner Shop,361.69
row_07535,PRD-TRMI8Q,13.048,Low Fat,0.012,Others,186.72,STORE-OYG,25,,Tier_2,Standard Supermarket,4260.45
row_07536,PRD-XMSTP3,15.372,Low Fat,0.0608,Snack Foods,45.37,STORE-89Z,33,Medium,Tier_1,Standard Supermarket,708.71
row_07538,PRD-6AOBHT,,Low Fat,0.0706,Household,129.2,STORE-T5G,47,Small,Tier_1,Corner Shop,266.98
row_07539,PRD-WM8LSW,15.568,Low Fat,0.0731,Baking Goods,258.44,STORE-OYG,25,,Tier_2,Standard Supermarket,6670.19
row_07540,PRD-ONGWUL,13.122,Low Fat,0.0417,HOUSEHOLD,255.12,STORE-HL7,23,Medium,Tier_3,Superstore,4859.51
row_07542,PRD-6O3NRD,11.421,Low Fat,0.0075,meat,196.79,STORE-OYG,25,,Tier_2,Standard Supermarket,2583.93
row_07543,PRD-OEM1VZ,19.687,Regular,0.0803,Dairy,201.82,STORE-HL7,23,Medium,Tier_3,Superstore,2630.88
row_07544,PRD-3KK8SL,11.654,Regular,0.0413,FRUITS AND VEGETABLES,198.0,STORE-DKU,30,,Tier_2,Standard Supermarket,2547.42
row_07545,PRD-97XGCK,15.324,Low Fat,0.129,BAKING GOODS,113.77,STORE-JOR,34,,Tier_3,Corner Shop,212.88
row_07547,PRD-E5UPVR,16.747,Regular,0.1386,SNACK FOODS,112.11,STORE-JOR,34,,Tier_3,Corner Shop,228.4
row_07548,PRD-YHVNT3,9.675,Low Fat,0.0409,Others,82.54,STORE-YLW,35,Small,Tier_1,Standard Supermarket,438.65
row_07549,PRD-YM6IER,7.628,Regular,0.0301,Fruits and Vegetables,124.77,STORE-HL7,23,Medium,Tier_3,Superstore,821.98
row_07550,PRD-2X720K,5.84,Regular,0.0537,FRUITS AND VEGETABLES,87.45,STORE-AGY,45,Large,Tier_3,Standard Supermarket,1429.95
row_07552,PRD-LI16DH,12.473,Low Fat,0.0187,FROZEN FOODS,247.34,STORE-OYG,25,,Tier_2,Standard Supermarket,5693.23
row_07553,PRD-F07UQN,5.68,Low Fat,0.0511,SOFT DRINKS,188.52,STORE-DKU,30,,Tier_2,Standard Supermarket,1527.38
row_07554,PRD-ZGVTUI,,Low Fat,0.18,Meat,97.8,STORE-T5G,47,Small,Tier_1,Corner Shop,202.13
row_07555,PRD-54S8AG,18.019,Regular,0.1768,Dairy,112.78,STORE-YLW,35,Small,Tier_1,Standard Supermarket,1510.51
row_07556,PRD-T9U9NM,,Regular,0.1103,breakfast,57.2,STORE-T5G,47,Small,Tier_1,Corner Shop,236.33
row_07558,PRD-C5BDFU,6.499,Low Fat,0.0313,dairy,178.94,STORE-YLW,35,Small,Tier_1,Standard Supermarket,1809.6
row_07559,PRD-6Z6CCC,,Low Fat,0.1264,Canned,95.53,STORE-7WS,47,Medium,Tier_3,Flagship Hypermarket,3012.99
row_07560,PRD-PDRI65,,Low Fat,0.0183,Health and Hygiene,131.64,STORE-7WS,47,Medium,Tier_3,Flagship Hypermarket,3263.23
row_07561,PRD-HP5E7A,10.93,Regular,0.0843,SNACK FOODS,235.45,STORE-YLW,35,Small,Tier_1,Standard Supermarket,3774.4
row_07562,PRD-3IMLYS,12.818,Regular,0.0209,fruits and vegetables,249.43,STORE-AGY,45,Large,Tier_3,Standard Supermarket,4571.23
row_07563,PRD-MSK8AG,,Low Fat,0.1553,dairy,185.22,STORE-T5G,47,Small,Tier_1,Corner Shop,181.56
row_07564,PRD-JT10UE,12.291,Regular,0.0782,Fruits and Vegetables,91.8,STORE-AGY,45,Large,Tier_3,Standard Supermarket,1137.33
row_07565,PRD-1VG7CO,15.427,Regular,0.1315,fruits and vegetables,175.55,STORE-YLW,35,Small,Tier_1,Standard Supermarket,1403.83
row_07566,PRD-5N8I4P,11.768,Low Fat,0.1298,DAIRY,99.37,STORE-89Z,33,Medium,Tier_1,Standard Supermarket,1088.79
row_07567,PRD-O69WEZ,17.38,Regular,0.0073,dairy,144.52,STORE-9RG,28,Small,Tier_2,Standard Supermarket,3885.77
row_07568,PRD-US5PUY,14.767,Low Fat,0.0722,fruits and vegetables,46.89,STORE-AGY,45,Large,Tier_3,Standard Supermarket,969.65
row_07569,PRD-QKDZ1Q,16.217,Regular,0.0655,Fruits and Vegetables,221.54,STORE-YLW,35,Small,Tier_1,Standard Supermarket,5566.08
row_07570,PRD-74AVMI,14.994,Low Fat,0.0886,Snack Foods,232.54,STORE-9RG,28,Small,Tier_2,Standard Supermarket,2225.33
row_07572,PRD-M3FQUK,9.437,Regular,0.0218,Snack Foods,159.66,STORE-AGY,45,Large,Tier_3,Standard Supermarket,2444.41
row_07573,PRD-RUC70S,17.738,Low Fat,0.013,household,163.5,STORE-9RG,28,Small,Tier_2,Standard Supermarket,5674.03
row_07574,PRD-AQ6L6G,,Low Fat,0.1345,Soft Drinks,112.56,STORE-T5G,47,Small,Tier_1,Corner Shop,453.22
row_07575,PRD-1ZL2WT,13.253,Regular,0.0417,FRUITS AND VEGETABLES,158.88,STORE-9RG,28,Small,Tier_2,Standard Supermarket,3342.56
row_07576,PRD-CZ2O8N,15.215,Regular,0.0251,baking goods,84.37,STORE-9RG,28,Small,Tier_2,Standard Supermarket,1215.73
row_07578,PRD-JDWCJC,16.647,Regular,0.0602,Snack Foods,60.13,STORE-HL7,23,Medium,Tier_3,Superstore,563.88
row_07579,PRD-FGQJFY,,Regular,0.0,Baking Goods,37.99,STORE-T5G,47,Small,Tier_1,Corner Shop,36.15
row_07581,PRD-V3ISY0,,Low Fat,0.0168,HEALTH AND HYGIENE,47.26,STORE-T5G,47,Small,Tier_1,Corner Shop,151.76
row_07582,PRD-PLCL5F,19.076,Low Fat,0.0268,Baking Goods,122.74,STORE-OYG,25,,Tier_2,Standard Supermarket,2785.88
row_07583,PRD-QVRR9A,8.062,Low Fat,0.0627,Hard Drinks,237.18,STORE-AGY,45,Large,Tier_3,Standard Supermarket,4531.31
row_07584,PRD-JNODL5,17.516,Low Fat,0.0162,health and hygiene,163.54,STORE-DKU,30,,Tier_2,Standard Supermarket,2035.51
row_07585,PRD-OK2ECS,16.136,Regular,0.0469,Fruits and Vegetables,154.83,STORE-89Z,33,Medium,Tier_1,Standard Supermarket,2510.76
row_07586,PRD-KXWNRE,8.274,Regular,0.0329,soft drinks,121.2,STORE-OYG,25,,Tier_2,Standard Supermarket,1806.37
row_07588,PRD-6HL8IZ,5.667,Regular,0.0383,Fruits and Vegetables,265.63,STORE-9RG,28,Small,Tier_2,Standard Supermarket,4542.41
row_07589,PRD-6RNJLK,19.458,Low Fat,0.0335,BAKING GOODS,45.77,STORE-AGY,45,Large,Tier_3,Standard Supermarket,949.49
row_07590,PRD-TKW2J2,7.214,Regular,0.0581,Breads,227.96,STORE-89Z,33,Medium,Tier_1,Standard Supermarket,2684.42
row_07593,PRD-3D9PH3,18.589,Low Fat,0.0,Hard Drinks,165.0,STORE-9RG,28,Small,Tier_2,Standard Supermarket,3220.66
row_07594,PRD-ZDVAG1,20.781,Low Fat,0.142,household,34.6,STORE-OYG,25,,Tier_2,Standard Supermarket,1038.65
row_07595,PRD-1Q3TMY,7.127,Low Fat,0.1126,FRUITS AND VEGETABLES,178.34,STORE-OYG,25,,Tier_2,Standard Supermarket,1269.35
row_07596,PRD-E7SSM9,7.531,Low Fat,0.0,Household,58.61,STORE-89Z,33,Medium,Tier_1,Standard Supermarket,938.14
row_07597,PRD-3EHIB4,7.637,Low Fat,0.0464,CANNED,243.08,STORE-YLW,35,Small,Tier_1,Standard Supermarket,2573.93
row_07598,PRD-NAMSQE,12.581,Regular,0.1907,Baking Goods,77.63,STORE-89Z,33,Medium,Tier_1,Standard Supermarket,1185.14
row_07599,PRD-S6KFRX,18.922,Low Fat,0.178,household,169.57,STORE-89Z,33,Medium,Tier_1,Standard Supermarket,3773.26
row_07600,PRD-EGB41B,,Low Fat,0.0086,Household,120.88,STORE-7WS,47,Medium,Tier_3,Flagship Hypermarket,1227.28
row_07601,PRD-U9W2MB,13.797,Regular,0.1562,Fruits and Vegetables,141.19,STORE-DKU,30,,Tier_2,Standard Supermarket,3603.91
row_07602,PRD-HFH2XF,14.954,Regular,0.0449,breads,110.74,STORE-AGY,45,Large,Tier_3,Standard Supermarket,2713.21
row_07603,PRD-QOHMUH,15.239,Low Fat,0.0305,HARD DRINKS,42.14,STORE-9RG,28,Small,Tier_2,Standard Supermarket,1148.31
row_07604,PRD-CJ2XX2,8.35,Low Fat,0.0345,Fruits and Vegetables,39.35,STORE-AGY,45,Large,Tier_3,Standard Supermarket,748.28
row_07605,PRD-IEPXXY,19.113,Low Fat,0.0168,Frozen Foods,123.3,STORE-YLW,35,Small,Tier_1,Standard Supermarket,2640.51
row_07606,PRD-W3QN3T,16.248,Low Fat,0.0424,SNACK FOODS,141.64,STORE-AGY,45,Large,Tier_3,Standard Supermarket,3384.34
row_07607,PRD-0IFJNT,13.466,Low Fat,0.0731,DAIRY,169.12,STORE-9RG,28,Small,Tier_2,Standard Supermarket,2011.27
row_07608,PRD-QYAHPY,,Low Fat,0.1421,Fruits and Vegetables,94.05,STORE-T5G,47,Small,Tier_1,Corner Shop,195.38
row_07610,PRD-5YE8T5,14.532,Regular,0.0337,Fruits and Vegetables,162.13,STORE-HL7,23,Medium,Tier_3,Superstore,1406.59
row_07611,PRD-5094DF,7.185,Low Fat,0.0185,frozen foods,163.9,STORE-9RG,28,Small,Tier_2,Standard Supermarket,3363.73
row_07612,PRD-FUDM7O,20.433,Regular,0.0229,FRUITS AND VEGETABLES,232.36,STORE-OYG,25,,Tier_2,Standard Supermarket,6978.97
row_07613,PRD-THVKB8,9.187,Regular,0.087,dairy,266.32,STORE-HL7,23,Medium,Tier_3,Superstore,1822.27
row_07614,PRD-KL6CEV,6.597,Low Fat,0.095,Household,87.63,STORE-OYG,25,,Tier_2,Standard Supermarket,1665.7
row_07615,PRD-DXQ6WH,16.649,Low Fat,0.0121,health and hygiene,36.58,STORE-89Z,33,Medium,Tier_1,Standard Supermarket,863.88
row_07616,PRD-LJZEJB,6.548,Low Fat,0.0906,Dairy,200.2,STORE-DKU,30,,Tier_2,Standard Supermarket,3301.36
row_07617,PRD-CC46C1,20.258,Regular,0.1134,Baking Goods,189.88,STORE-HL7,23,Medium,Tier_3,Superstore,2275.47
row_07618,PRD-FETZ47,9.732,Regular,0.0491,Starchy Foods,189.83,STORE-89Z,33,Medium,Tier_1,Standard Supermarket,5252.89
row_07619,PRD-EVFXVR,14.659,Low Fat,0.0873,HOUSEHOLD,162.39,STORE-DKU,30,,Tier_2,Standard Supermarket,2259.37
row_07620,PRD-9ESEQG,6.203,Regular,0.1796,MEAT,95.63,STORE-HL7,23,Medium,Tier_3,Superstore,1530.63
row_07621,PRD-ZRMH3F,15.782,Regular,0.1249,FROZEN FOODS,178.0,STORE-9RG,28,Small,Tier_2,Standard Supermarket,1359.22
row_07622,PRD-Y7CQKD,14.055,Regular,0.0652,Fruits and Vegetables,79.1,STORE-AGY,45,Large,Tier_3,Standard Supermarket,601.67
row_07623,PRD-1H8OJR,7.885,Low Fat,0.0714,Hard Drinks,33.81,STORE-HL7,23,Medium,Tier_3,Superstore,478.99
row_07624,PRD-HP1UAK,,Regular,0.0553,Baking Goods,175.09,STORE-T5G,47,Small,Tier_1,Corner Shop,679.68
row_07625,PRD-BUQGEV,17.517,Low Fat,0.0109,Snack Foods,211.31,STORE-9RG,28,Small,Tier_2,Standard Supermarket,5638.09
row_07626,PRD-NDSUDE,7.572,Regular,0.0372,Fruits and Vegetables,105.32,STORE-HL7,23,Medium,Tier_3,Superstore,768.2
row_07627,PRD-O84W6T,15.909,Low Fat,0.0367,Snack Foods,123.97,STORE-9RG,28,Small,Tier_2,Standard Supermarket,3227.07
row_07628,PRD-MITKRF,9.563,Regular,0.0999,BAKING GOODS,85.34,STORE-OYG,25,,Tier_2,Standard Supermarket,2669.54
row_07629,PRD-MHBMBN,9.901,Regular,0.0364,Snack Foods,126.12,STORE-9RG,28,Small,Tier_2,Standard Supermarket,1235.35
row_07630,PRD-31GVB3,7.485,Low Fat,0.0132,HOUSEHOLD,221.91,STORE-YLW,35,Small,Tier_1,Standard Supermarket,1641.15
row_07631,PRD-IJVZYN,14.561,Low Fat,0.0604,OTHERS,247.88,STORE-HL7,23,Medium,Tier_3,Superstore,5181.9
row_07632,PRD-MPP566,12.179,Low Fat,0.0771,Household,249.16,STORE-OYG,25,,Tier_2,Standard Supermarket,3227.22
row_07635,PRD-5XCR5N,19.808,Low Fat,0.0337,Household,120.88,STORE-OYG,25,,Tier_2,Standard Supermarket,2427.88
row_07636,PRD-OW7SFQ,12.493,Low Fat,0.1099,FRUITS AND VEGETABLES,229.93,STORE-AGY,45,Large,Tier_3,Standard Supermarket,4021.25
row_07637,PRD-4CYXQB,17.925,Low Fat,0.1127,Snack Foods,179.25,STORE-AGY,45,Large,Tier_3,Standard Supermarket,5150.02
row_07638,PRD-NA7L0E,16.089,Regular,0.027,Canned,167.99,STORE-DKU,30,,Tier_2,Standard Supermarket,3701.25
row_07639,PRD-X5M8PJ,,Regular,0.1303,Snack Foods,142.73,STORE-7WS,47,Medium,Tier_3,Flagship Hypermarket,5032.06
row_07640,PRD-TCFV3C,16.237,Low Fat,0.1,Fruits and Vegetables,120.66,STORE-89Z,33,Medium,Tier_1,Standard Supermarket,2179.83
row_07641,PRD-7Z4G25,14.092,Low Fat,0.0,CANNED,159.07,STORE-AGY,45,Large,Tier_3,Standard Supermarket,1596.23
row_07642,PRD-ONUBR9,8.819,Low Fat,0.1368,CANNED,46.25,STORE-9RG,28,Small,Tier_2,Standard Supermarket,377.9
row_07643,PRD-FHKP7I,17.392,Regular,0.0125,Canned,159.44,STORE-9RG,28,Small,Tier_2,Standard Supermarket,2737.41
row_07644,PRD-6JKLOQ,,Low Fat,0.1822,BAKING GOODS,158.74,STORE-7WS,47,Medium,Tier_3,Flagship Hypermarket,4411.98
row_07645,PRD-5094DF,7.133,Low Fat,0.0181,frozen foods,161.7,STORE-OYG,25,,Tier_2,Standard Supermarket,1850.58
row_07646,PRD-2VLDQ4,6.719,Low Fat,0.0689,HARD DRINKS,264.21,STORE-YLW,35,Small,Tier_1,Standard Supermarket,4045.24
row_07647,PRD-T9U9NM,8.032,Regular,0.0603,Breakfast,57.55,STORE-89Z,33,Medium,Tier_1,Standard Supermarket,348.15
row_07648,PRD-9IT02F,16.715,Low Fat,0.065,household,115.89,STORE-DKU,30,,Tier_2,Standard Supermarket,1651.11
row_07650,PRD-5QVWC9,6.072,Low Fat,0.1213,Household,267.12,STORE-DKU,30,,Tier_2,Standard Supermarket,2004.17
row_07651,PRD-V3OJ57,8.692,Low Fat,0.0394,Frozen Foods,52.95,STORE-DKU,30,,Tier_2,Standard Supermarket,818.58
row_07652,PRD-LZBZ98,17.734,Low Fat,0.1617,Health and Hygiene,41.79,STORE-YLW,35,Small,Tier_1,Standard Supermarket,748.22
row_07653,PRD-MJ7PDZ,,Low Fat,0.0,Frozen Foods,96.13,STORE-T5G,47,Small,Tier_1,Corner Shop,282.7
row_07654,PRD-FGQJFY,7.829,Regular,0.1538,Baking Goods,37.67,STORE-9RG,28,Small,Tier_2,Standard Supermarket,452.98
row_07655,PRD-3VXDO3,7.744,Regular,0.0912,Fruits and Vegetables,120.82,STORE-DKU,30,,Tier_2,Standard Supermarket,841.41
row_07656,PRD-9H9FM8,18.085,Low Fat,0.0801,Household,169.91,STORE-JOR,34,,Tier_3,Corner Shop,342.0
row_07657,PRD-JQMLJE,6.913,Low Fat,0.0377,Dairy,59.04,STORE-DKU,30,,Tier_2,Standard Supermarket,1252.24
row_07658,PRD-Q2RPUV,8.462,Low Fat,0.0333,health and hygiene,139.85,STORE-9RG,28,Small,Tier_2,Standard Supermarket,952.29
row_07659,PRD-TCYFDV,5.655,Regular,0.023,Snack Foods,151.56,STORE-YLW,35,Small,Tier_1,Standard Supermarket,2920.7
row_07660,PRD-TS3K1S,9.042,Low Fat,0.0056,Frozen Foods,97.0,STORE-YLW,35,Small,Tier_1,Standard Supermarket,2008.93
row_07661,PRD-W4Z56R,5.516,Low Fat,0.0848,Fruits and Vegetables,169.82,STORE-9RG,28,Small,Tier_2,Standard Supermarket,1810.65
row_07662,PRD-2G9O9Y,6.561,Regular,0.0909,canned,256.19,STORE-9RG,28,Small,Tier_2,Standard Supermarket,4968.17
row_07663,PRD-ZIX69G,7.85,Regular,0.0803,Fruits and Vegetables,253.27,STORE-YLW,35,Small,Tier_1,Standard Supermarket,4231.4
row_07664,PRD-O0V3Z0,,Regular,0.0,Canned,94.27,STORE-T5G,47,Small,Tier_1,Corner Shop,375.54
row_07665,PRD-US5PUY,15.076,Low Fat,0.0749,fruits and vegetables,50.06,STORE-9RG,28,Small,Tier_2,Standard Supermarket,621.9
row_07666,PRD-QDXOEA,7.207,Low Fat,0.0262,SNACK FOODS,108.66,STORE-YLW,35,Small,Tier_1,Standard Supermarket,3269.19
row_07667,PRD-BHKJ25,20.449,Low Fat,0.121,baking goods,106.4,STORE-89Z,33,Medium,Tier_1,Standard Supermarket,556.5
row_07668,PRD-0U24IQ,5.736,Low Fat,0.1257,DAIRY,88.59,STORE-DKU,30,,Tier_2,Standard Supermarket,1081.06
row_07669,PRD-HU814P,12.586,Low Fat,0.0095,BAKING GOODS,73.9,STORE-89Z,33,Medium,Tier_1,Standard Supermarket,1470.78
row_07670,PRD-8S2XEM,12.521,Regular,0.0392,fruits and vegetables,109.49,STORE-YLW,35,Small,Tier_1,Standard Supermarket,1168.06
row_07671,PRD-CPCMJT,19.596,Low Fat,0.091,Household,254.3,STORE-OYG,25,,Tier_2,Standard Supermarket,2514.54
row_07672,PRD-4AWTY0,9.233,Low Fat,0.1485,Hard Drinks,195.61,STORE-JOR,34,,Tier_3,Corner Shop,731.01
row_07673,PRD-IS25HB,7.756,Low Fat,0.0778,Soft Drinks,122.97,STORE-89Z,33,Medium,Tier_1,Standard Supermarket,4012.28
row_07674,PRD-6KBJ2C,15.622,Low Fat,0.0866,Dairy,144.27,STORE-YLW,35,Small,Tier_1,Standard Supermarket,1622.8
row_07675,PRD-S82I5U,,Low Fat,0.1799,HOUSEHOLD,170.26,STORE-7WS,47,Medium,Tier_3,Flagship Hypermarket,4941.7
row_07676,PRD-DPF1H3,9.608,Low Fat,0.0717,Snack Foods,247.56,STORE-DKU,30,,Tier_2,Standard Supermarket,2391.17
row_07678,PRD-5YE8T5,,Regular,0.0599,FRUITS AND VEGETABLES,155.88,STORE-T5G,47,Small,Tier_1,Corner Shop,155.97
row_07679,PRD-VB2Y6O,,Low Fat,0.0191,Health and Hygiene,195.05,STORE-7WS,47,Medium,Tier_3,Flagship Hypermarket,3602.75
row_07680,PRD-9AHW2P,13.624,Regular,0.0571,Snack Foods,234.76,STORE-9RG,28,Small,Tier_2,Standard Supermarket,7230.57
row_07681,PRD-TS3K1S,8.971,Low Fat,0.0055,FROZEN FOODS,102.93,STORE-9RG,28,Small,Tier_2,Standard Supermarket,1305.76
row_07682,PRD-9WWKQF,17.545,Low Fat,0.0766,canned,159.93,STORE-OYG,25,,Tier_2,Standard Supermarket,4035.6
row_07684,PRD-IEPXXY,19.531,Low Fat,0.0171,Frozen Foods,118.28,STORE-89Z,33,Medium,Tier_1,Standard Supermarket,1704.77
row_07685,PRD-5J92DM,17.124,Regular,0.2644,FROZEN FOODS,193.92,STORE-JOR,34,,Tier_3,Corner Shop,1185.09
row_07686,PRD-P5GVBS,11.446,Regular,0.2367,dairy,243.48,STORE-JOR,34,,Tier_3,Corner Shop,745.73
row_07688,PRD-6192K4,15.794,Low Fat,0.1084,soft drinks,58.98,STORE-YLW,35,Small,Tier_1,Standard Supermarket,606.5
row_07689,PRD-8LXUM3,7.175,Low Fat,0.1001,DAIRY,143.38,STORE-JOR,34,,Tier_3,Corner Shop,137.3
row_07690,PRD-40MGG1,,Low Fat,0.1585,soft drinks,193.04,STORE-T5G,47,Small,Tier_1,Corner Shop,192.1
row_07691,PRD-Q9AH8R,10.488,Low Fat,0.0563,DAIRY,237.66,STORE-9RG,28,Small,Tier_2,Standard Supermarket,2184.9
row_07692,PRD-OGYR3X,17.607,Low Fat,0.0383,SOFT DRINKS,193.59,STORE-9RG,28,Small,Tier_2,Standard Supermarket,2497.55
row_07693,PRD-CTXCWN,,Low Fat,0.0189,Soft Drinks,157.81,STORE-89Z,33,Medium,Tier_1,Standard Supermarket,3698.99
row_07694,PRD-DI6SOU,6.632,Regular,0.0465,Canned,150.87,STORE-9RG,28,Small,Tier_2,Standard Supermarket,3145.54
row_07695,PRD-3FFZLS,20.313,Low Fat,0.0253,Fruits and Vegetables,122.67,STORE-9RG,28,Small,Tier_2,Standard Supermarket,2031.15
row_07696,PRD-LUX745,16.261,Low Fat,0.0367,HEALTH AND HYGIENE,93.8,STORE-AGY,45,Large,Tier_3,Standard Supermarket,911.35
row_07699,PRD-UHT6T0,15.719,Low Fat,0.0345,Soft Drinks,72.87,STORE-9RG,28,Small,Tier_2,Standard Supermarket,896.45
row_07701,PRD-2T1TDG,,Low Fat,0.0431,HARD DRINKS,197.88,STORE-7WS,47,Medium,Tier_3,Flagship Hypermarket,2301.37
row_07702,PRD-V3EOYY,15.84,Low Fat,0.0693,Breads,215.0,STORE-9RG,28,Small,Tier_2,Standard Supermarket,1050.89
row_07703,PRD-S0LI0X,10.268,Regular,0.017,Starchy Foods,242.2,STORE-OYG,25,,Tier_2,Standard Supermarket,4165.48
row_07704,PRD-TKECTS,18.774,Low Fat,0.0748,SNACK FOODS,213.67,STORE-DKU,30,,Tier_2,Standard Supermarket,2645.43
row_07705,PRD-2H3TZR,9.577,Low Fat,0.1007,soft drinks,170.92,STORE-9RG,28,Small,Tier_2,Standard Supermarket,1757.54
row_07706,PRD-FNO6B9,8.367,Regular,0.1298,Soft Drinks,186.59,STORE-AGY,45,Large,Tier_3,Standard Supermarket,532.14
row_07707,PRD-7Z4G25,,Low Fat,0.0611,Canned,154.58,STORE-7WS,47,Medium,Tier_3,Flagship Hypermarket,2291.74
row_07708,PRD-F4B8DW,19.971,Low Fat,0.0364,Dairy,214.96,STORE-HL7,23,Medium,Tier_3,Superstore,2508.3
row_07710,PRD-QYXGO4,19.937,Low Fat,0.0539,Fruits and Vegetables,54.94,STORE-OYG,25,,Tier_2,Standard Supermarket,1496.43
row_07711,PRD-3I603D,17.422,Low Fat,0.0275,Frozen Foods,269.49,STORE-OYG,25,,Tier_2,Standard Supermarket,5053.96
row_07712,PRD-JVZA65,12.205,Low Fat,0.0196,snack foods,148.64,STORE-AGY,45,Large,Tier_3,Standard Supermarket,2171.97
row_07714,PRD-KYAFJ4,6.788,Low Fat,0.0867,FRUITS AND VEGETABLES,126.59,STORE-YLW,35,Small,Tier_1,Standard Supermarket,2342.95
row_07716,PRD-78TW48,9.7,Regular,0.0,Snack Foods,184.61,STORE-JOR,34,,Tier_3,Corner Shop,1049.95
row_07717,PRD-CC46C1,19.837,Regular,0.1951,Baking Goods,192.05,STORE-JOR,34,,Tier_3,Corner Shop,386.42
row_07718,PRD-YOZV8C,17.456,Low Fat,0.1691,Household,172.67,STORE-OYG,25,,Tier_2,Standard Supermarket,2684.32
row_07719,PRD-1EYY37,15.012,Low Fat,0.0485,Soft Drinks,64.57,STORE-89Z,33,Medium,Tier_1,Standard Supermarket,944.18
row_07720,PRD-I7KBCW,14.769,Low Fat,0.0828,meat,195.38,STORE-89Z,33,Medium,Tier_1,Standard Supermarket,3677.56
row_07721,PRD-US5PUY,14.573,Low Fat,0.0748,FRUITS AND VEGETABLES,48.36,STORE-DKU,30,,Tier_2,Standard Supermarket,196.17
row_07722,PRD-A8C4XU,14.772,Regular,0.0781,Meat,232.95,STORE-DKU,30,,Tier_2,Standard Supermarket,3566.51
row_07723,PRD-N4RCER,17.415,Regular,0.1537,Seafood,153.49,STORE-HL7,23,Medium,Tier_3,Superstore,3612.92
row_07724,PRD-6C3BE3,21.0,Low Fat,0.0681,HOUSEHOLD,152.65,STORE-JOR,34,,Tier_3,Corner Shop,152.88
row_07725,PRD-AK5W77,8.384,Regular,0.031,Canned,221.43,STORE-HL7,23,Medium,Tier_3,Superstore,3518.61
row_07727,PRD-N2T3QH,10.898,Low Fat,0.0568,fruits and vegetables,61.66,STORE-DKU,30,,Tier_2,Standard Supermarket,175.81
row_07728,PRD-KJ6I53,7.448,Low Fat,0.1907,household,32.44,STORE-89Z,33,Medium,Tier_1,Standard Supermarket,582.47
row_07729,PRD-U652FY,8.882,Regular,0.0472,CANNED,169.84,STORE-JOR,34,,Tier_3,Corner Shop,512.1
row_07730,PRD-FT3J41,,Regular,0.1071,Baking Goods,161.85,STORE-7WS,47,Medium,Tier_3,Flagship Hypermarket,4070.6
row_07731,PRD-V4B1K1,7.034,Low Fat,0.007,Baking Goods,48.63,STORE-AGY,45,Large,Tier_3,Standard Supermarket,1089.81
row_07732,PRD-V3EOYY,15.996,Low Fat,0.0708,Breads,221.66,STORE-DKU,30,,Tier_2,Standard Supermarket,628.86
row_07733,PRD-5RX1SQ,7.504,Regular,0.0464,DAIRY,125.04,STORE-YLW,35,Small,Tier_1,Standard Supermarket,635.01
row_07735,PRD-30DM7X,9.208,Regular,0.109,Soft Drinks,43.73,STORE-YLW,35,Small,Tier_1,Standard Supermarket,513.7
row_07736,PRD-N6ZV9D,20.647,Regular,0.157,Fruits and Vegetables,63.67,STORE-YLW,35,Small,Tier_1,Standard Supermarket,663.37
row_07737,PRD-VM8F3I,15.925,Regular,0.1177,FRUITS AND VEGETABLES,60.71,STORE-HL7,23,Medium,Tier_3,Superstore,731.71
row_07738,PRD-DTQLBZ,14.523,Regular,0.1313,Baking Goods,101.96,STORE-DKU,30,,Tier_2,Standard Supermarket,2018.46
row_07739,PRD-N244KO,20.071,Low Fat,0.0342,snack foods,216.51,STORE-9RG,28,Small,Tier_2,Standard Supermarket,4297.08
row_07740,PRD-NE9NNO,9.348,Low Fat,0.0088,fruits and vegetables,117.66,STORE-DKU,30,,Tier_2,Standard Supermarket,1301.87
row_07741,PRD-3A1DU1,5.814,Low Fat,0.082,Household,167.39,STORE-DKU,30,,Tier_2,Standard Supermarket,4099.86
row_07742,PRD-7RS8R0,6.412,Low Fat,0.102,Fruits and Vegetables,84.47,STORE-HL7,23,Medium,Tier_3,Superstore,1359.04
row_07743,PRD-MICMBP,7.922,Regular,0.0813,frozen foods,32.89,STORE-AGY,45,Large,Tier_3,Standard Supermarket,662.17
row_07744,PRD-R2JCPS,8.823,Low Fat,0.0215,CANNED,53.64,STORE-9RG,28,Small,Tier_2,Standard Supermarket,1178.82
row_07745,PRD-EPWUKF,9.403,Low Fat,0.1004,Baking Goods,45.21,STORE-DKU,30,,Tier_2,Standard Supermarket,676.26
row_07747,PRD-IDKG04,8.719,Regular,0.0881,SNACK FOODS,117.83,STORE-YLW,35,Small,Tier_1,Standard Supermarket,2450.79
row_07749,PRD-K82WU9,6.065,Regular,0.1061,FRUITS AND VEGETABLES,128.01,STORE-YLW,35,Small,Tier_1,Standard Supermarket,3459.15
row_07750,PRD-BFDNHH,8.511,Regular,0.0932,snack foods,147.8,STORE-YLW,35,Small,Tier_1,Standard Supermarket,2462.06
row_07751,PRD-J8GI5O,5.967,Regular,0.1046,Frozen Foods,209.12,STORE-9RG,28,Small,Tier_2,Standard Supermarket,7254.99
row_07752,PRD-TIGUE8,15.497,Low Fat,0.0618,household,130.76,STORE-DKU,30,,Tier_2,Standard Supermarket,2376.69
row_07754,PRD-V2AQNP,11.41,Regular,0.1548,BREAKFAST,165.73,STORE-9RG,28,Small,Tier_2,Standard Supermarket,4397.76
row_07756,PRD-9Q4JNA,20.766,Low Fat,0.0623,SNACK FOODS,252.39,STORE-9RG,28,Small,Tier_2,Standard Supermarket,2022.73
row_07757,PRD-VW2RFX,6.302,Low Fat,0.0514,DAIRY,176.64,STORE-AGY,45,Large,Tier_3,Standard Supermarket,4445.55
row_07758,PRD-UHT6T0,16.466,Low Fat,0.0331,soft drinks,75.44,STORE-YLW,35,Small,Tier_1,Standard Supermarket,1485.26
row_07760,PRD-MPXPMF,14.923,Low Fat,0.0343,Health and Hygiene,236.88,STORE-OYG,25,,Tier_2,Standard Supermarket,2936.15
row_07761,PRD-EVZUBR,17.548,Low Fat,0.0552,Frozen Foods,41.39,STORE-9RG,28,Small,Tier_2,Standard Supermarket,796.28
row_07762,PRD-VN11V8,11.093,Low Fat,0.0611,fruits and vegetables,151.33,STORE-89Z,33,Medium,Tier_1,Standard Supermarket,4208.41
row_07764,PRD-0QD58X,17.631,Regular,0.0162,Breads,46.34,STORE-HL7,23,Medium,Tier_3,Superstore,1152.16
row_07765,PRD-49M5ZM,12.68,Low Fat,0.0963,FRUITS AND VEGETABLES,114.87,STORE-HL7,23,Medium,Tier_3,Superstore,1594.0
row_07766,PRD-QKDZ1Q,16.216,Regular,0.0605,FRUITS AND VEGETABLES,222.67,STORE-AGY,45,Large,Tier_3,Standard Supermarket,4313.07
row_07767,PRD-TT69UA,7.705,Low Fat,0.052,canned,123.48,STORE-OYG,25,,Tier_2,Standard Supermarket,3547.36
row_07768,PRD-UE8YM7,20.152,Low Fat,0.043,Dairy,179.62,STORE-DKU,30,,Tier_2,Standard Supermarket,1104.65
row_07769,PRD-BZNC9Q,7.129,Regular,0.1442,Meat,189.2,STORE-YLW,35,Small,Tier_1,Standard Supermarket,3965.99
row_07770,PRD-00CVW9,7.597,Regular,0.0738,Breads,76.58,STORE-AGY,45,Large,Tier_3,Standard Supermarket,1383.54
row_07772,PRD-AEYV7C,11.784,Low Fat,0.1469,Fruits and Vegetables,108.12,STORE-HL7,23,Medium,Tier_3,Superstore,1210.97
row_07773,PRD-NQ65QD,6.239,Low Fat,0.0,DAIRY,61.62,STORE-AGY,45,Large,Tier_3,Standard Supermarket,1146.25
row_07774,PRD-KCDXSN,,Low Fat,0.0785,fruits and vegetables,44.57,STORE-7WS,47,Medium,Tier_3,Flagship Hypermarket,817.98
row_07775,PRD-XH6DLO,17.802,Low Fat,0.1241,FROZEN FOODS,118.56,STORE-HL7,23,Medium,Tier_3,Superstore,354.16
row_07776,PRD-RLBUOB,7.403,Regular,0.0219,SEAFOOD,180.14,STORE-YLW,35,Small,Tier_1,Standard Supermarket,5053.78
row_07777,PRD-7MX3JP,19.408,Low Fat,0.0397,Fruits and Vegetables,118.96,STORE-DKU,30,,Tier_2,Standard Supermarket,2686.95
row_07778,PRD-0YF9P7,6.007,Low Fat,0.1051,FRUITS AND VEGETABLES,54.13,STORE-HL7,23,Medium,Tier_3,Superstore,806.05
row_07779,PRD-6CJDKQ,18.154,Low Fat,0.0932,fruits and vegetables,202.19,STORE-AGY,45,Large,Tier_3,Standard Supermarket,602.04
row_07780,PRD-4XH4FJ,19.143,Regular,0.0916,FROZEN FOODS,184.45,STORE-OYG,25,,Tier_2,Standard Supermarket,4920.3
row_07781,PRD-NSWIL6,21.229,Low Fat,0.0378,MEAT,119.37,STORE-9RG,28,Small,Tier_2,Standard Supermarket,811.74
row_07782,PRD-YFXOBU,9.134,Regular,0.067,fruits and vegetables,198.33,STORE-DKU,30,,Tier_2,Standard Supermarket,3190.29
row_07783,PRD-6I2KOE,19.917,Low Fat,0.0397,SNACK FOODS,164.46,STORE-9RG,28,Small,Tier_2,Standard Supermarket,2512.82
row_07785,PRD-5R5L6R,,Low Fat,0.1538,Frozen Foods,41.31,STORE-T5G,47,Small,Tier_1,Corner Shop,40.09
row_07786,PRD-MMSLOQ,12.223,Low Fat,0.0,Others,250.52,STORE-YLW,35,Small,Tier_1,Standard Supermarket,4185.24
row_07787,PRD-NSQDTZ,,Low Fat,0.051,snack foods,112.52,STORE-7WS,47,Medium,Tier_3,Flagship Hypermarket,2425.5
row_07788,PRD-YROQ4H,11.644,Low Fat,0.0234,HEALTH AND HYGIENE,175.19,STORE-YLW,35,Small,Tier_1,Standard Supermarket,4728.66
row_07789,PRD-4WYJ9D,16.823,Low Fat,0.0734,Fruits and Vegetables,106.94,STORE-OYG,25,,Tier_2,Standard Supermarket,1451.94
row_07791,PRD-1Z0SHZ,6.581,Low Fat,0.0172,fruits and vegetables,206.57,STORE-YLW,35,Small,Tier_1,Standard Supermarket,4156.31
row_07792,PRD-T6T18U,11.851,Low Fat,0.0313,Canned,72.71,STORE-OYG,25,,Tier_2,Standard Supermarket,1492.91
row_07793,PRD-WM8LSW,,Low Fat,0.1293,baking goods,255.12,STORE-T5G,47,Small,Tier_1,Corner Shop,259.06
row_07794,PRD-TF6NJ8,15.737,Low Fat,0.0985,Fruits and Vegetables,80.02,STORE-AGY,45,Large,Tier_3,Standard Supermarket,1193.33
row_07795,PRD-ZM7AEF,4.677,Regular,0.0347,Frozen Foods,112.92,STORE-AGY,45,Large,Tier_3,Standard Supermarket,1237.18
row_07797,PRD-44P39J,11.453,Regular,0.0644,frozen foods,265.83,STORE-HL7,23,Medium,Tier_3,Superstore,5481.49
row_07798,PRD-UH8IUN,8.035,Regular,0.0394,Meat,89.97,STORE-OYG,25,,Tier_2,Standard Supermarket,1274.05
row_07799,PRD-0YF9P7,5.978,Low Fat,0.1033,Fruits and Vegetables,53.58,STORE-9RG,28,Small,Tier_2,Standard Supermarket,1047.77
row_07801,PRD-I7KBCW,14.864,Low Fat,0.0,Meat,186.4,STORE-AGY,45,Large,Tier_3,Standard Supermarket,4696.22
row_07802,PRD-M3FQUK,9.062,Regular,0.0,snack foods,163.82,STORE-YLW,35,Small,Tier_1,Standard Supermarket,4733.75
row_07803,PRD-8Q2Y4P,9.151,Regular,0.0692,Breakfast,55.92,STORE-AGY,45,Large,Tier_3,Standard Supermarket,452.2
row_07805,PRD-QIP98Q,,Low Fat,0.0646,soft drinks,144.36,STORE-7WS,47,Medium,Tier_3,Flagship Hypermarket,4110.63
row_07807,PRD-0TRD9L,,Regular,0.0191,Frozen Foods,127.7,STORE-7WS,47,Medium,Tier_3,Flagship Hypermarket,1706.98
row_07809,PRD-1WMMME,15.66,Low Fat,0.0156,others,149.38,STORE-9RG,28,Small,Tier_2,Standard Supermarket,2749.16
row_07810,PRD-CLVEHR,16.136,Regular,0.1581,Frozen Foods,33.54,STORE-YLW,35,Small,Tier_1,Standard Supermarket,279.23
row_07811,PRD-AN63XD,13.311,Low Fat,0.0062,frozen foods,193.36,STORE-9RG,28,Small,Tier_2,Standard Supermarket,4216.62
row_07813,PRD-WCAQ6Y,12.163,Regular,0.1076,FRUITS AND VEGETABLES,83.11,STORE-AGY,45,Large,Tier_3,Standard Supermarket,718.07
row_07814,PRD-40MGG1,13.887,Low Fat,0.0,Soft Drinks,185.73,STORE-9RG,28,Small,Tier_2,Standard Supermarket,1826.21
row_07815,PRD-2WLNC8,8.75,Low Fat,0.0162,household,198.15,STORE-89Z,33,Medium,Tier_1,Standard Supermarket,4181.55
row_07816,PRD-E8DE4C,15.166,Regular,0.1603,Snack Foods,151.26,STORE-AGY,45,Large,Tier_3,Standard Supermarket,3788.65
row_07817,PRD-EI7XZU,13.355,Low Fat,0.0,fruits and vegetables,175.68,STORE-AGY,45,Large,Tier_3,Standard Supermarket,4937.82
row_07818,PRD-QKXIRH,18.379,Low Fat,0.1077,Frozen Foods,117.97,STORE-AGY,45,Large,Tier_3,Standard Supermarket,2566.95
row_07820,PRD-DFNIAJ,4.928,Low Fat,0.0922,Breads,120.19,STORE-AGY,45,Large,Tier_3,Standard Supermarket,1290.77
row_07824,PRD-PQJ1YE,,Regular,0.0,Canned,93.44,STORE-7WS,47,Medium,Tier_3,Flagship Hypermarket,2737.28
row_07826,PRD-M2AOBR,18.434,Low Fat,0.0124,HOUSEHOLD,123.61,STORE-DKU,30,,Tier_2,Standard Supermarket,2677.96
row_07827,PRD-CSMCMC,10.767,Regular,0.01,Dairy,121.44,STORE-89Z,33,Medium,Tier_1,Standard Supermarket,2414.25
row_07828,PRD-8VYI78,15.688,Low Fat,0.0714,Household,224.87,STORE-9RG,28,Small,Tier_2,Standard Supermarket,4853.79
row_07829,PRD-71SD9E,14.359,Low Fat,0.0653,snack foods,194.02,STORE-89Z,33,Medium,Tier_1,Standard Supermarket,3244.32
row_07830,PRD-MPP566,12.229,Low Fat,0.0757,HOUSEHOLD,248.87,STORE-DKU,30,,Tier_2,Standard Supermarket,3605.23
row_07831,PRD-U3P1ZC,17.064,Low Fat,0.0,Breads,90.14,STORE-DKU,30,,Tier_2,Standard Supermarket,947.18
row_07832,PRD-WG1IQ4,20.379,Low Fat,0.0476,fruits and vegetables,128.5,STORE-DKU,30,,Tier_2,Standard Supermarket,643.23
row_07833,PRD-2BSMEB,6.684,Low Fat,0.0358,baking goods,51.05,STORE-DKU,30,,Tier_2,Standard Supermarket,1217.32
row_07834,PRD-NSQDTZ,17.637,Low Fat,0.0511,SNACK FOODS,112.16,STORE-DKU,30,,Tier_2,Standard Supermarket,1926.28
row_07835,PRD-WEWPGV,15.374,Low Fat,0.1144,SNACK FOODS,224.78,STORE-DKU,30,,Tier_2,Standard Supermarket,6715.03
row_07836,PRD-L8WU3R,,Regular,0.0178,SNACK FOODS,112.88,STORE-7WS,47,Medium,Tier_3,Flagship Hypermarket,5315.16
row_07837,PRD-ZOID71,14.787,Regular,0.0893,FRUITS AND VEGETABLES,225.64,STORE-89Z,33,Medium,Tier_1,Standard Supermarket,5959.01
row_07838,PRD-5SOWOM,11.312,Low Fat,0.0149,STARCHY FOODS,173.98,STORE-AGY,45,Large,Tier_3,Standard Supermarket,2102.12
row_07840,PRD-UT6HR4,,Low Fat,0.0296,Health and Hygiene,129.5,STORE-7WS,47,Medium,Tier_3,Flagship Hypermarket,3545.83
row_07841,PRD-S6KFRX,19.489,Low Fat,0.1727,household,175.8,STORE-OYG,25,,Tier_2,Standard Supermarket,1611.75
row_07842,PRD-U02KQN,20.161,Low Fat,0.0409,Health and Hygiene,150.68,STORE-JOR,34,,Tier_3,Corner Shop,304.27
row_07844,PRD-P9K4YE,7.904,Low Fat,0.0054,FROZEN FOODS,118.27,STORE-9RG,28,Small,Tier_2,Standard Supermarket,1332.76
row_07845,PRD-ICW8VL,9.319,Low Fat,0.0161,BAKING GOODS,83.81,STORE-YLW,35,Small,Tier_1,Standard Supermarket,2627.94
row_07846,PRD-PSQUZU,18.3,Low Fat,0.0533,SNACK FOODS,190.95,STORE-OYG,25,,Tier_2,Standard Supermarket,2872.04
row_07848,PRD-T0HICC,13.736,Low Fat,0.1167,snack foods,197.0,STORE-9RG,28,Small,Tier_2,Standard Supermarket,2501.29
row_07849,PRD-C5OAOO,7.241,Low Fat,0.1157,Others,146.23,STORE-89Z,33,Medium,Tier_1,Standard Supermarket,5342.01
row_07850,PRD-KE6H76,,Regular,0.0516,Baking Goods,100.57,STORE-T5G,47,Small,Tier_1,Corner Shop,564.82
row_07851,PRD-TJ3D90,14.722,Low Fat,0.1546,starchy foods,103.39,STORE-DKU,30,,Tier_2,Standard Supermarket,444.05
row_07852,PRD-VXSN74,,Low Fat,0.0525,snack foods,139.83,STORE-7WS,47,Medium,Tier_3,Flagship Hypermarket,3191.65
row_07853,PRD-WEWPGV,,Low Fat,0.2138,snack foods,225.16,STORE-T5G,47,Small,Tier_1,Corner Shop,225.92
row_07854,PRD-4AWTY0,9.738,Low Fat,0.0,Hard Drinks,188.57,STORE-OYG,25,,Tier_2,Standard Supermarket,1268.28
row_07855,PRD-YW8YG4,5.565,Low Fat,0.1118,Frozen Foods,257.41,STORE-JOR,34,,Tier_3,Corner Shop,1316.34
row_07856,PRD-US5PUY,14.7,Low Fat,0.0746,Fruits and Vegetables,49.93,STORE-HL7,23,Medium,Tier_3,Superstore,872.27
row_07857,PRD-X36ZHB,10.319,Regular,0.0239,BAKING GOODS,177.43,STORE-HL7,23,Medium,Tier_3,Superstore,3537.35
row_07858,PRD-I3MWRM,16.048,Low Fat,0.034,MEAT,164.45,STORE-HL7,23,Medium,Tier_3,Superstore,1563.67
row_07859,PRD-EGB41B,5.124,Low Fat,0.009,HOUSEHOLD,121.36,STORE-DKU,30,,Tier_2,Standard Supermarket,597.04
row_07860,PRD-52DNR9,8.875,Regular,0.1085,Soft Drinks,123.98,STORE-DKU,30,,Tier_2,Standard Supermarket,3076.91
row_07862,PRD-TS3K1S,8.808,Low Fat,0.0089,Frozen Foods,98.83,STORE-JOR,34,,Tier_3,Corner Shop,103.77
row_07863,PRD-QK31H5,15.795,Low Fat,0.0341,FRUITS AND VEGETABLES,256.53,STORE-DKU,30,,Tier_2,Standard Supermarket,6541.17
row_07865,PRD-HC0BPN,10.352,Regular,0.096,Fruits and Vegetables,193.41,STORE-JOR,34,,Tier_3,Corner Shop,199.07
row_07866,PRD-YLAH3X,15.349,Low Fat,0.0334,Household,112.8,STORE-HL7,23,Medium,Tier_3,Superstore,1937.76
row_07867,PRD-P2F8UZ,12.597,Low Fat,0.055,Household,187.81,STORE-YLW,35,Small,Tier_1,Standard Supermarket,4363.34
row_07868,PRD-T0VKG3,18.37,Low Fat,0.0499,Household,131.13,STORE-YLW,35,Small,Tier_1,Standard Supermarket,1858.56
row_07872,PRD-I379U2,19.196,Low Fat,0.0355,Soft Drinks,55.09,STORE-89Z,33,Medium,Tier_1,Standard Supermarket,750.71
row_07873,PRD-RP91YM,20.551,Regular,0.15,Meat,78.6,STORE-AGY,45,Large,Tier_3,Standard Supermarket,1883.86
row_07874,PRD-OECBPM,,Low Fat,0.046,Hard Drinks,175.59,STORE-7WS,47,Medium,Tier_3,Flagship Hypermarket,6840.54
row_07875,PRD-99VH0W,7.615,Low Fat,0.0524,Fruits and Vegetables,76.67,STORE-89Z,33,Medium,Tier_1,Standard Supermarket,1346.89
row_07876,PRD-MLWBFJ,6.567,Low Fat,0.029,Baking Goods,95.96,STORE-9RG,28,Small,Tier_2,Standard Supermarket,366.33
row_07877,PRD-1YKXQ9,19.144,Low Fat,0.0498,HEALTH AND HYGIENE,105.2,STORE-89Z,33,Medium,Tier_1,Standard Supermarket,2428.53
row_07878,PRD-JZETKP,8.194,Low Fat,0.0151,Baking Goods,85.41,STORE-HL7,23,Medium,Tier_3,Superstore,1667.71
row_07880,PRD-RH8H90,9.585,Low Fat,0.0394,health and hygiene,187.92,STORE-JOR,34,,Tier_3,Corner Shop,395.34
row_07881,PRD-4CK9XH,12.263,Low Fat,0.1057,Household,174.66,STORE-9RG,28,Small,Tier_2,Standard Supermarket,2774.83
row_07882,PRD-9TK51I,11.339,Regular,0.0403,Frozen Foods,195.13,STORE-HL7,23,Medium,Tier_3,Superstore,2251.43
row_07883,PRD-VRHX1Z,7.529,Low Fat,0.123,Fruits and Vegetables,121.31,STORE-9RG,28,Small,Tier_2,Standard Supermarket,3492.42
row_07884,PRD-AQHIU3,,Low Fat,0.0279,HEALTH AND HYGIENE,61.79,STORE-7WS,47,Medium,Tier_3,Flagship Hypermarket,1732.97
row_07885,PRD-4DAKF5,,Regular,0.0345,Frozen Foods,243.61,STORE-7WS,47,Medium,Tier_3,Flagship Hypermarket,8013.85
row_07887,PRD-7B1U9E,10.674,Low Fat,0.026,HOUSEHOLD,173.76,STORE-AGY,45,Large,Tier_3,Standard Supermarket,3118.67
row_07889,PRD-GZCPKR,19.843,Low Fat,0.0138,HOUSEHOLD,56.83,STORE-YLW,35,Small,Tier_1,Standard Supermarket,722.16
row_07890,PRD-HC0BPN,10.059,Regular,0.0,fruits and vegetables,192.91,STORE-9RG,28,Small,Tier_2,Standard Supermarket,1647.37
row_07892,PRD-E7SSM9,7.504,Low Fat,0.0988,HOUSEHOLD,57.25,STORE-DKU,30,,Tier_2,Standard Supermarket,749.42
row_07894,PRD-BF1I3L,14.455,Low Fat,0.1525,Soft Drinks,46.14,STORE-HL7,23,Medium,Tier_3,Superstore,431.52
row_07895,PRD-L9KV91,10.646,Low Fat,0.0308,SEAFOOD,155.56,STORE-89Z,33,Medium,Tier_1,Standard Supermarket,1308.02
row_07897,PRD-OQTR1Y,7.418,Low Fat,0.0991,snack foods,194.09,STORE-DKU,30,,Tier_2,Standard Supermarket,2979.72
row_07898,PRD-Z16UFZ,,Low Fat,0.0151,Snack Foods,154.54,STORE-7WS,47,Medium,Tier_3,Flagship Hypermarket,891.55
row_07900,PRD-VHS1K3,14.243,Low Fat,0.0302,soft drinks,140.11,STORE-89Z,33,Medium,Tier_1,Standard Supermarket,2626.72
row_07901,PRD-HCW81X,8.073,Low Fat,0.0102,HARD DRINKS,150.05,STORE-9RG,28,Small,Tier_2,Standard Supermarket,1828.31
row_07903,PRD-QIP98Q,8.46,Low Fat,0.0638,SOFT DRINKS,146.17,STORE-9RG,28,Small,Tier_2,Standard Supermarket,2524.71
row_07904,PRD-JWTV3N,10.294,Low Fat,0.0538,Frozen Foods,88.47,STORE-89Z,33,Medium,Tier_1,Standard Supermarket,789.22
row_07905,PRD-WV98Y3,,Low Fat,0.2424,SNACK FOODS,124.41,STORE-T5G,47,Small,Tier_1,Corner Shop,253.85
row_07906,PRD-1KAUPO,14.367,Low Fat,0.0888,Snack Foods,114.01,STORE-HL7,23,Medium,Tier_3,Superstore,1798.67
row_07907,PRD-FTNWN0,,Low Fat,0.2536,Breads,95.82,STORE-T5G,47,Small,Tier_1,Corner Shop,578.44
row_07908,PRD-T93K2H,11.136,Low Fat,0.0645,HOUSEHOLD,187.59,STORE-HL7,23,Medium,Tier_3,Superstore,2946.58
row_07909,PRD-OIZ8SJ,13.158,Regular,0.1559,fruits and vegetables,250.21,STORE-OYG,25,,Tier_2,Standard Supermarket,2286.5
row_07910,PRD-TOPS2I,20.217,Low Fat,0.1552,breakfast,197.26,STORE-JOR,34,,Tier_3,Corner Shop,741.68
row_07913,PRD-E6VA05,9.535,Low Fat,0.0431,SOFT DRINKS,33.36,STORE-DKU,30,,Tier_2,Standard Supermarket,752.13
row_07914,PRD-GH9N12,10.965,Regular,0.1006,Baking Goods,103.15,STORE-HL7,23,Medium,Tier_3,Superstore,2164.7
row_07916,PRD-RDEXW2,15.098,Regular,0.0537,meat,147.01,STORE-AGY,45,Large,Tier_3,Standard Supermarket,2429.82
row_07917,PRD-CVIYJK,11.483,Regular,0.0206,dairy,88.55,STORE-89Z,33,Medium,Tier_1,Standard Supermarket,1011.77
row_07918,PRD-GNJ6OM,16.468,Regular,0.1118,Baking Goods,182.97,STORE-HL7,23,Medium,Tier_3,Superstore,3544.07
row_07919,PRD-9IT02F,17.151,Low Fat,0.0668,HOUSEHOLD,115.5,STORE-89Z,33,Medium,Tier_1,Standard Supermarket,2568.69
row_07920,PRD-JH7XEX,7.17,Low Fat,0.0414,canned,82.64,STORE-9RG,28,Small,Tier_2,Standard Supermarket,852.3
row_07921,PRD-MH7GX8,19.125,Low Fat,0.104,Dairy,56.0,STORE-DKU,30,,Tier_2,Standard Supermarket,916.97
row_07922,PRD-LAVSML,,Low Fat,0.0676,FRUITS AND VEGETABLES,175.66,STORE-T5G,47,Small,Tier_1,Corner Shop,710.59
row_07924,PRD-Q51250,16.34,Low Fat,0.0954,Household,208.1,STORE-YLW,35,Small,Tier_1,Standard Supermarket,1451.78
row_07925,PRD-CJ2XX2,,Low Fat,0.0364,fruits and vegetables,37.2,STORE-7WS,47,Medium,Tier_3,Flagship Hypermarket,411.25
row_07926,PRD-J28SY2,15.546,Regular,0.0796,BAKING GOODS,261.31,STORE-DKU,30,,Tier_2,Standard Supermarket,4813.91
row_07927,PRD-R0T4EX,12.775,Low Fat,0.0713,STARCHY FOODS,261.15,STORE-OYG,25,,Tier_2,Standard Supermarket,2895.41
row_07928,PRD-1WW0WD,14.051,Low Fat,0.0818,Baking Goods,78.6,STORE-OYG,25,,Tier_2,Standard Supermarket,1297.11
row_07929,PRD-Q9AH8R,10.532,Low Fat,0.0541,Dairy,235.95,STORE-DKU,30,,Tier_2,Standard Supermarket,3768.2
row_07930,PRD-J5S6R0,18.215,Regular,0.0472,Dairy,146.9,STORE-AGY,45,Large,Tier_3,Standard Supermarket,1907.36
row_07931,PRD-NF4EK6,19.293,Low Fat,0.0673,HOUSEHOLD,41.82,STORE-YLW,35,Small,Tier_1,Standard Supermarket,696.64
row_07932,PRD-RPHBL5,20.428,Regular,0.0482,snack foods,173.71,STORE-HL7,23,Medium,Tier_3,Superstore,1647.68
row_07933,PRD-JZZGKE,10.386,Regular,0.0823,Dairy,48.09,STORE-JOR,34,,Tier_3,Corner Shop,49.54
row_07934,PRD-PUWBWJ,12.679,Regular,0.0742,DAIRY,256.64,STORE-DKU,30,,Tier_2,Standard Supermarket,4442.98
row_07936,PRD-LK2C0X,12.157,Low Fat,0.015,frozen foods,211.25,STORE-9RG,28,Small,Tier_2,Standard Supermarket,5291.66
row_07937,PRD-NSLK6R,17.389,Regular,0.1135,BAKING GOODS,183.36,STORE-JOR,34,,Tier_3,Corner Shop,766.02
row_07938,PRD-CXIFSU,5.91,Low Fat,0.0056,BAKING GOODS,188.23,STORE-AGY,45,Large,Tier_3,Standard Supermarket,2527.13
row_07940,PRD-GW4LDH,10.026,Low Fat,0.0861,Health and Hygiene,148.95,STORE-YLW,35,Small,Tier_1,Standard Supermarket,416.63
row_07941,PRD-JVZA65,11.837,Low Fat,0.0208,Snack Foods,148.19,STORE-9RG,28,Small,Tier_2,Standard Supermarket,3230.72
row_07942,PRD-2X720K,5.842,Regular,0.0564,Fruits and Vegetables,84.66,STORE-HL7,23,Medium,Tier_3,Superstore,1375.85
row_07944,PRD-L7R843,8.199,Low Fat,0.07,HARD DRINKS,247.12,STORE-89Z,33,Medium,Tier_1,Standard Supermarket,4344.46
row_07945,PRD-BTN76M,17.549,Low Fat,0.0,FRUITS AND VEGETABLES,114.38,STORE-DKU,30,,Tier_2,Standard Supermarket,2844.9
row_07946,PRD-2MR4FX,17.541,Low Fat,0.0179,HEALTH AND HYGIENE,93.78,STORE-YLW,35,Small,Tier_1,Standard Supermarket,2204.4
row_07947,PRD-3WTZL0,5.352,Low Fat,0.0469,others,98.86,STORE-OYG,25,,Tier_2,Standard Supermarket,698.48
row_07948,PRD-ESG687,17.931,Low Fat,0.1761,DAIRY,155.53,STORE-HL7,23,Medium,Tier_3,Superstore,1628.43
row_07949,PRD-UHG7EC,13.839,Regular,0.0254,FROZEN FOODS,160.09,STORE-OYG,25,,Tier_2,Standard Supermarket,1869.81
row_07951,PRD-2VQXX9,,Low Fat,0.029,SNACK FOODS,41.46,STORE-7WS,47,Medium,Tier_3,Flagship Hypermarket,832.99
row_07953,PRD-JFXKHA,20.733,Regular,0.1191,Snack Foods,98.72,STORE-9RG,28,Small,Tier_2,Standard Supermarket,1532.42
row_07954,PRD-444NK0,5.185,Regular,0.0588,meat,120.42,STORE-DKU,30,,Tier_2,Standard Supermarket,2263.57
row_07955,PRD-C1HY2U,19.615,Low Fat,0.0741,Dairy,109.01,STORE-YLW,35,Small,Tier_1,Standard Supermarket,1766.25
row_07956,PRD-ZKHI80,12.957,Low Fat,0.0255,household,178.49,STORE-9RG,28,Small,Tier_2,Standard Supermarket,5360.17
row_07957,PRD-PTOMJB,7.825,Low Fat,0.0335,Soft Drinks,171.05,STORE-OYG,25,,Tier_2,Standard Supermarket,3022.25
row_07958,PRD-CXN22P,16.288,Low Fat,0.0872,Dairy,93.41,STORE-OYG,25,,Tier_2,Standard Supermarket,1768.16
row_07961,PRD-26OC7T,5.069,Low Fat,0.0868,Frozen Foods,254.12,STORE-89Z,33,Medium,Tier_1,Standard Supermarket,6176.73
row_07962,PRD-02NFGI,5.936,Low Fat,0.0347,Canned,177.59,STORE-DKU,30,,Tier_2,Standard Supermarket,2837.08
row_07963,PRD-85W6UY,8.847,Low Fat,0.1824,Fruits and Vegetables,102.64,STORE-DKU,30,,Tier_2,Standard Supermarket,798.63
row_07964,PRD-PDRI65,11.551,Low Fat,0.0178,Health and Hygiene,135.14,STORE-9RG,28,Small,Tier_2,Standard Supermarket,2918.53
row_07965,PRD-MY5ZPJ,8.287,Low Fat,0.0339,hard drinks,117.28,STORE-HL7,23,Medium,Tier_3,Superstore,1253.39
row_07968,PRD-PX2TN7,12.155,Low Fat,0.1105,baking goods,33.19,STORE-HL7,23,Medium,Tier_3,Superstore,571.94
row_07970,PRD-OI1003,16.671,Low Fat,0.0275,household,173.76,STORE-89Z,33,Medium,Tier_1,Standard Supermarket,2648.53
row_07972,PRD-L532UU,17.491,Low Fat,0.0295,dairy,260.31,STORE-HL7,23,Medium,Tier_3,Superstore,3801.09
row_07973,PRD-UDD467,8.981,Low Fat,0.0277,Dairy,153.88,STORE-9RG,28,Small,Tier_2,Standard Supermarket,2177.74
row_07974,PRD-74W4G2,16.14,Regular,0.0161,Frozen Foods,98.43,STORE-AGY,45,Large,Tier_3,Standard Supermarket,1126.41
row_07975,PRD-24SCOS,,Low Fat,0.0036,HARD DRINKS,156.84,STORE-7WS,47,Medium,Tier_3,Flagship Hypermarket,3172.6
row_07976,PRD-8A5PN4,,Regular,0.1364,Fruits and Vegetables,254.21,STORE-T5G,47,Small,Tier_1,Corner Shop,254.7
row_07978,PRD-WG1IQ4,19.993,Low Fat,0.0435,Fruits and Vegetables,123.57,STORE-YLW,35,Small,Tier_1,Standard Supermarket,1060.85
row_07979,PRD-DTLHAI,12.17,Regular,0.057,baking goods,53.28,STORE-89Z,33,Medium,Tier_1,Standard Supermarket,518.66
row_07980,PRD-7N4YTU,17.968,Low Fat,0.0806,Snack Foods,259.87,STORE-9RG,28,Small,Tier_2,Standard Supermarket,5621.14
row_07982,PRD-VLUDBJ,5.683,Regular,0.0401,snack foods,180.18,STORE-HL7,23,Medium,Tier_3,Superstore,4852.34
row_07983,PRD-S2II06,14.408,Low Fat,0.112,baking goods,55.41,STORE-DKU,30,,Tier_2,Standard Supermarket,1313.61
row_07984,PRD-7RS8R0,6.572,Low Fat,0.1096,FRUITS AND VEGETABLES,83.56,STORE-89Z,33,Medium,Tier_1,Standard Supermarket,1713.75
row_07985,PRD-4OOJQX,9.209,Low Fat,0.09,Snack Foods,168.24,STORE-OYG,25,,Tier_2,Standard Supermarket,1287.09
row_07986,PRD-S1AWP0,,Low Fat,0.1177,frozen foods,79.01,STORE-7WS,47,Medium,Tier_3,Flagship Hypermarket,2630.6
row_07987,PRD-WTOOBM,,Low Fat,0.0926,Soft Drinks,172.94,STORE-7WS,47,Medium,Tier_3,Flagship Hypermarket,3768.92
row_07989,PRD-XYXASW,15.447,Low Fat,0.0449,Breads,118.31,STORE-89Z,33,Medium,Tier_1,Standard Supermarket,2529.87
row_07990,PRD-WOLYTS,,Regular,0.0396,Fruits and Vegetables,125.44,STORE-YLW,35,Small,Tier_1,Standard Supermarket,2348.37
row_07992,PRD-9DBWQW,19.975,Low Fat,0.04,HOUSEHOLD,89.07,STORE-YLW,35,Small,Tier_1,Standard Supermarket,1368.08
row_07995,PRD-ILCMG5,6.632,Regular,0.0501,Fruits and Vegetables,149.78,STORE-YLW,35,Small,Tier_1,Standard Supermarket,1946.44
row_07997,PRD-EGKRHJ,5.429,Regular,0.0058,Snack Foods,99.57,STORE-AGY,45,Large,Tier_3,Standard Supermarket,1686.42
row_07998,PRD-4PZT3E,,Low Fat,0.1262,Dairy,213.99,STORE-T5G,47,Small,Tier_1,Corner Shop,415.11
row_07999,PRD-P5GVBS,11.57,Regular,0.1402,Dairy,242.41,STORE-9RG,28,Small,Tier_2,Standard Supermarket,2311.67
row_08000,PRD-3SQ3DG,18.827,Low Fat,0.1085,snack foods,132.84,STORE-JOR,34,,Tier_3,Corner Shop,550.29
row_08001,PRD-WMFTOO,,Low Fat,0.0459,Health and Hygiene,154.71,STORE-7WS,47,Medium,Tier_3,Flagship Hypermarket,2312.47
row_08002,PRD-8VYI78,16.118,Low Fat,0.0,Household,231.72,STORE-YLW,35,Small,Tier_1,Standard Supermarket,1622.7
row_08003,PRD-GZGU9E,13.36,Low Fat,0.1011,DAIRY,224.38,STORE-DKU,30,,Tier_2,Standard Supermarket,5428.75
row_08004,PRD-UJG7IN,,Low Fat,0.1635,FROZEN FOODS,132.03,STORE-T5G,47,Small,Tier_1,Corner Shop,127.33
row_08005,PRD-W9XHRO,,Regular,0.0054,starchy foods,225.6,STORE-7WS,47,Medium,Tier_3,Flagship Hypermarket,3715.03
row_08006,PRD-4W2O6O,6.935,Low Fat,0.0,Household,154.85,STORE-AGY,45,Large,Tier_3,Standard Supermarket,3172.26
row_08007,PRD-SKCTQD,6.503,Low Fat,0.0,Breads,97.51,STORE-DKU,30,,Tier_2,Standard Supermarket,1489.33
row_08008,PRD-L7ZBSF,20.059,Regular,0.1073,Fruits and Vegetables,194.49,STORE-89Z,33,Medium,Tier_1,Standard Supermarket,1512.07
row_08009,PRD-WJGHF5,19.731,Regular,0.1578,CANNED,252.31,STORE-OYG,25,,Tier_2,Standard Supermarket,3392.65
row_08011,PRD-CETEN7,6.838,Regular,0.1198,Baking Goods,40.5,STORE-OYG,25,,Tier_2,Standard Supermarket,868.21
row_08012,PRD-N3VBIA,,Low Fat,0.101,Household,238.75,STORE-T5G,47,Small,Tier_1,Corner Shop,250.45
row_08013,PRD-X9G7HS,10.199,Low Fat,0.1244,Canned,112.68,STORE-89Z,33,Medium,Tier_1,Standard Supermarket,2679.98
row_08014,PRD-VN8NN8,9.233,Regular,0.0809,Meat,107.72,STORE-AGY,45,Large,Tier_3,Standard Supermarket,2889.27
row_08015,PRD-Q9AH8R,10.569,Low Fat,0.0591,Dairy,238.48,STORE-AGY,45,Large,Tier_3,Standard Supermarket,3791.41
row_08017,PRD-N7P05D,,Regular,0.0229,DAIRY,178.55,STORE-7WS,47,Medium,Tier_3,Flagship Hypermarket,6282.11
row_08018,PRD-Y8VYIF,19.061,Low Fat,0.0417,Canned,256.44,STORE-HL7,23,Medium,Tier_3,Superstore,2020.05
row_08019,PRD-3S195J,4.577,Low Fat,0.1195,Hard Drinks,178.91,STORE-9RG,28,Small,Tier_2,Standard Supermarket,2631.03
row_08020,PRD-THLXJ6,,Low Fat,0.0,Snack Foods,44.15,STORE-7WS,47,Medium,Tier_3,Flagship Hypermarket,1318.92
row_08021,PRD-98BNVW,18.746,Regular,0.0679,Fruits and Vegetables,192.36,STORE-89Z,33,Medium,Tier_1,Standard Supermarket,2725.22
row_08024,PRD-EWB9HJ,7.452,Low Fat,0.0355,HEALTH AND HYGIENE,170.45,STORE-YLW,35,Small,Tier_1,Standard Supermarket,3890.99
row_08025,PRD-V56VKT,,Regular,0.178,Fruits and Vegetables,138.89,STORE-7WS,47,Medium,Tier_3,Flagship Hypermarket,3149.53
row_08026,PRD-IBQR9L,,Regular,0.0298,dairy,211.29,STORE-7WS,47,Medium,Tier_3,Flagship Hypermarket,6457.75
row_08028,PRD-202SK1,19.447,Low Fat,0.0813,Canned,183.05,STORE-YLW,35,Small,Tier_1,Standard Supermarket,709.62
row_08030,PRD-2G73AJ,9.566,Low Fat,0.0156,Dairy,246.13,STORE-OYG,25,,Tier_2,Standard Supermarket,6064.26
row_08033,PRD-9SEY62,17.677,Low Fat,0.0376,FRUITS AND VEGETABLES,94.42,STORE-JOR,34,,Tier_3,Corner Shop,96.61
row_08034,PRD-GSEMU5,,Regular,0.0292,FRUITS AND VEGETABLES,83.38,STORE-7WS,47,Medium,Tier_3,Flagship Hypermarket,1997.84
row_08035,PRD-D9DSYZ,14.968,Low Fat,0.0582,household,257.57,STORE-AGY,45,Large,Tier_3,Standard Supermarket,4865.67
row_08036,PRD-9USY38,6.866,Low Fat,0.0955,SNACK FOODS,116.14,STORE-9RG,28,Small,Tier_2,Standard Supermarket,1297.78
row_08037,PRD-I7KBCW,15.034,Low Fat,0.0828,Meat,188.74,STORE-9RG,28,Small,Tier_2,Standard Supermarket,4676.09
row_08038,PRD-QDI07H,17.299,Regular,0.1551,dairy,243.49,STORE-YLW,35,Small,Tier_1,Standard Supermarket,1236.45
row_08039,PRD-S9CFU5,9.333,Regular,0.114,Snack Foods,157.05,STORE-OYG,25,,Tier_2,Standard Supermarket,1235.76
row_08040,PRD-AY4H8W,8.924,Regular,0.0,Breads,176.28,STORE-DKU,30,,Tier_2,Standard Supermarket,3129.87
row_08041,PRD-X28K8T,,Low Fat,0.0187,Breads,40.97,STORE-T5G,47,Small,Tier_1,Corner Shop,83.91
row_08043,PRD-6C3BE3,21.007,Low Fat,0.0391,Household,151.32,STORE-HL7,23,Medium,Tier_3,Superstore,2210.97
row_08044,PRD-7Q94JB,15.178,Regular,0.0679,Frozen Foods,150.45,STORE-HL7,23,Medium,Tier_3,Superstore,713.27
row_08045,PRD-T5J284,13.314,Regular,0.1531,snack foods,177.04,STORE-9RG,28,Small,Tier_2,Standard Supermarket,1730.67
row_08046,PRD-ZJZCZV,8.552,Low Fat,0.0383,snack foods,96.61,STORE-89Z,33,Medium,Tier_1,Standard Supermarket,2491.61
row_08047,PRD-1UBYH8,8.01,Low Fat,0.0602,BREAKFAST,161.82,STORE-DKU,30,,Tier_2,Standard Supermarket,1613.89
row_08049,PRD-YLAH3X,15.432,Low Fat,0.0349,household,112.48,STORE-DKU,30,,Tier_2,Standard Supermarket,1454.28
row_08051,PRD-IBQR9L,20.575,Regular,0.0316,DAIRY,214.74,STORE-YLW,35,Small,Tier_1,Standard Supermarket,7778.41
row_08052,PRD-C1HY2U,20.667,Low Fat,0.0741,dairy,107.62,STORE-HL7,23,Medium,Tier_3,Superstore,1062.38
row_08053,PRD-1ZUYZY,8.562,Regular,0.0478,Fruits and Vegetables,165.91,STORE-DKU,30,,Tier_2,Standard Supermarket,1549.42
row_08054,PRD-H330KV,17.37,Low Fat,0.055,Fruits and Vegetables,143.4,STORE-YLW,35,Small,Tier_1,Standard Supermarket,1830.43
row_08056,PRD-I67HN3,21.291,Low Fat,0.0,household,229.84,STORE-HL7,23,Medium,Tier_3,Superstore,2008.73
row_08057,PRD-70LKLF,16.726,Regular,0.0673,canned,100.36,STORE-HL7,23,Medium,Tier_3,Superstore,620.92
row_08058,PRD-6THSXO,10.883,Low Fat,0.0281,Frozen Foods,106.11,STORE-YLW,35,Small,Tier_1,Standard Supermarket,1468.92
row_08059,PRD-CZD9MX,15.22,Regular,0.1085,FRUITS AND VEGETABLES,172.62,STORE-9RG,28,Small,Tier_2,Standard Supermarket,3122.36
row_08061,PRD-HMIP5B,10.238,Regular,0.0295,FRUITS AND VEGETABLES,115.65,STORE-9RG,28,Small,Tier_2,Standard Supermarket,2579.69
row_08063,PRD-6JKLOQ,11.137,Low Fat,0.2829,BAKING GOODS,159.44,STORE-JOR,34,,Tier_3,Corner Shop,794.64
row_08064,PRD-U3P1ZC,,Low Fat,0.0,Breads,90.04,STORE-7WS,47,Medium,Tier_3,Flagship Hypermarket,1832.11
row_08065,PRD-E4XLA5,,Regular,0.2173,baking goods,226.98,STORE-T5G,47,Small,Tier_1,Corner Shop,442.31
row_08066,PRD-P1LPTS,17.02,Low Fat,0.1136,Household,259.3,STORE-YLW,35,Small,Tier_1,Standard Supermarket,5134.41
row_08068,PRD-GVJICS,,Regular,0.3161,snack foods,152.4,STORE-T5G,47,Small,Tier_1,Corner Shop,303.02
row_08069,PRD-IMV03J,15.002,Regular,0.0667,Snack Foods,251.9,STORE-9RG,28,Small,Tier_2,Standard Supermarket,6655.7
row_08070,PRD-ZL5GJ8,17.818,Low Fat,0.0602,MEAT,150.74,STORE-AGY,45,Large,Tier_3,Standard Supermarket,1887.34
row_08071,PRD-GJY1KD,14.2,Low Fat,0.0,HOUSEHOLD,201.36,STORE-YLW,35,Small,Tier_1,Standard Supermarket,3246.9
row_08074,PRD-LK2C0X,12.29,Low Fat,0.0153,frozen foods,206.58,STORE-89Z,33,Medium,Tier_1,Standard Supermarket,603.96
row_08076,PRD-Y4II63,17.483,Low Fat,0.2009,Household,128.84,STORE-JOR,34,,Tier_3,Corner Shop,263.25
row_08077,PRD-SB61LG,,Regular,0.0499,FRUITS AND VEGETABLES,187.4,STORE-7WS,47,Medium,Tier_3,Flagship Hypermarket,4438.53
row_08078,PRD-WA5IMY,11.604,Regular,0.0754,frozen foods,81.24,STORE-HL7,23,Medium,Tier_3,Superstore,645.42
row_08080,PRD-2OQEWF,18.478,Low Fat,0.0345,Others,130.28,STORE-YLW,35,Small,Tier_1,Standard Supermarket,1095.69
row_08082,PRD-GU1UQX,11.144,Low Fat,0.1372,Dairy,257.21,STORE-YLW,35,Small,Tier_1,Standard Supermarket,535.7
row_08084,PRD-V1VXVU,5.227,Low Fat,0.0896,HEALTH AND HYGIENE,100.49,STORE-HL7,23,Medium,Tier_3,Superstore,1250.88
row_08085,PRD-P1PFDI,17.976,Low Fat,0.109,Others,108.21,STORE-89Z,33,Medium,Tier_1,Standard Supermarket,1588.81
row_08087,PRD-EVFXVR,14.251,Low Fat,0.0865,HOUSEHOLD,158.04,STORE-YLW,35,Small,Tier_1,Standard Supermarket,4937.73
row_08088,PRD-L7R843,8.372,Low Fat,0.0689,HARD DRINKS,251.08,STORE-AGY,45,Large,Tier_3,Standard Supermarket,8141.49
row_08090,PRD-4DAKF5,6.831,Regular,0.037,Frozen Foods,242.26,STORE-89Z,33,Medium,Tier_1,Standard Supermarket,6162.53
row_08091,PRD-KL9Z6V,17.848,Low Fat,0.1647,Fruits and Vegetables,37.19,STORE-AGY,45,Large,Tier_3,Standard Supermarket,567.56
row_08092,PRD-T14KTM,11.005,Low Fat,0.0313,health and hygiene,167.75,STORE-9RG,28,Small,Tier_2,Standard Supermarket,4810.81
row_08093,PRD-SVH3EJ,6.457,Low Fat,0.0125,MEAT,39.45,STORE-YLW,35,Small,Tier_1,Standard Supermarket,636.51
row_08094,PRD-Y20K05,11.072,Low Fat,0.0091,Meat,121.72,STORE-89Z,33,Medium,Tier_1,Standard Supermarket,1728.1
row_08095,PRD-9VW3RT,18.83,Low Fat,0.0146,Hard Drinks,107.98,STORE-89Z,33,Medium,Tier_1,Standard Supermarket,1881.34
row_08096,PRD-YP5JO3,8.004,Regular,0.0,dairy,215.07,STORE-HL7,23,Medium,Tier_3,Superstore,4729.6
row_08098,PRD-FGGUXT,5.51,Regular,0.0961,SNACK FOODS,63.08,STORE-JOR,34,,Tier_3,Corner Shop,201.23
row_08099,PRD-H8YZWJ,9.33,Low Fat,0.0866,Canned,147.67,STORE-YLW,35,Small,Tier_1,Standard Supermarket,2728.56
row_08100,PRD-JEDKTS,15.539,Low Fat,0.0497,soft drinks,95.39,STORE-DKU,30,,Tier_2,Standard Supermarket,2055.87
row_08102,PRD-1I4N2E,10.242,Low Fat,0.0224,Household,246.75,STORE-9RG,28,Small,Tier_2,Standard Supermarket,7262.7
row_08103,PRD-EGC2DP,6.732,Low Fat,0.055,snack foods,213.64,STORE-OYG,25,,Tier_2,Standard Supermarket,4977.89
row_08104,PRD-EJRBVY,7.911,Regular,0.0332,snack foods,163.63,STORE-HL7,23,Medium,Tier_3,Superstore,1841.84
row_08105,PRD-AQHIU3,19.029,Low Fat,0.0,health and hygiene,66.14,STORE-JOR,34,,Tier_3,Corner Shop,194.43
row_08106,PRD-PQJ1YE,7.427,Regular,0.0206,Canned,90.0,STORE-AGY,45,Large,Tier_3,Standard Supermarket,189.73
row_08107,PRD-AK2WNJ,10.395,Low Fat,0.0753,baking goods,179.49,STORE-AGY,45,Large,Tier_3,Standard Supermarket,3598.81
row_08108,PRD-6SVH6Q,7.692,Regular,0.0425,baking goods,176.03,STORE-OYG,25,,Tier_2,Standard Supermarket,2597.72
row_08109,PRD-VFJJ50,18.999,Regular,0.0,fruits and vegetables,244.57,STORE-AGY,45,Large,Tier_3,Standard Supermarket,3431.35
row_08110,PRD-A3SKAD,13.278,Low Fat,0.0734,Household,157.11,STORE-HL7,23,Medium,Tier_3,Superstore,1833.24
row_08112,PRD-4B2PMS,21.271,Low Fat,0.0244,health and hygiene,153.32,STORE-9RG,28,Small,Tier_2,Standard Supermarket,904.51
row_08113,PRD-I4MJMA,,Low Fat,0.033,Household,263.94,STORE-7WS,47,Medium,Tier_3,Flagship Hypermarket,7454.43
row_08114,PRD-AK1VRJ,6.278,Regular,0.0122,Soft Drinks,192.15,STORE-JOR,34,,Tier_3,Corner Shop,936.92
row_08115,PRD-9STG4E,14.091,Regular,0.0149,canned,90.35,STORE-DKU,30,,Tier_2,Standard Supermarket,1346.93
row_08116,PRD-1GAGQO,,Low Fat,0.0532,SEAFOOD,53.51,STORE-7WS,47,Medium,Tier_3,Flagship Hypermarket,1202.57
row_08117,PRD-VJARJI,,Low Fat,0.038,snack foods,39.35,STORE-7WS,47,Medium,Tier_3,Flagship Hypermarket,1329.63
row_08119,PRD-5I0GQM,19.013,Low Fat,0.1494,breakfast,98.13,STORE-DKU,30,,Tier_2,Standard Supermarket,1354.32
row_08120,PRD-JH7XEX,6.884,Low Fat,0.0404,Canned,82.92,STORE-AGY,45,Large,Tier_3,Standard Supermarket,1277.87
row_08122,PRD-YOQF1P,,Regular,0.0129,FRUITS AND VEGETABLES,112.97,STORE-7WS,47,Medium,Tier_3,Flagship Hypermarket,3069.25
row_08123,PRD-OQTFZN,,Regular,0.1278,fruits and vegetables,192.42,STORE-7WS,47,Medium,Tier_3,Flagship Hypermarket,5547.4
row_08124,PRD-S0LI0X,10.394,Regular,0.0173,Starchy Foods,245.04,STORE-89Z,33,Medium,Tier_1,Standard Supermarket,1375.44
row_08125,PRD-15BYVZ,18.097,Low Fat,0.0401,hard drinks,188.2,STORE-OYG,25,,Tier_2,Standard Supermarket,4314.51
row_08126,PRD-DI6SOU,6.987,Regular,0.0473,Canned,155.85,STORE-HL7,23,Medium,Tier_3,Superstore,2424.32
row_08127,PRD-TGIQHG,6.215,Low Fat,0.0,HARD DRINKS,111.35,STORE-YLW,35,Small,Tier_1,Standard Supermarket,1128.79
row_08128,PRD-9TK51I,11.334,Regular,0.0443,Frozen Foods,200.57,STORE-OYG,25,,Tier_2,Standard Supermarket,3185.84
row_08129,PRD-2H3TZR,9.635,Low Fat,0.0979,soft drinks,163.35,STORE-HL7,23,Medium,Tier_3,Superstore,1315.1
row_08130,PRD-1HOH9O,14.478,Low Fat,0.0262,Household,192.79,STORE-89Z,33,Medium,Tier_1,Standard Supermarket,4885.72
row_08131,PRD-AK645K,11.728,Regular,0.0726,Snack Foods,84.2,STORE-9RG,28,Small,Tier_2,Standard Supermarket,1262.61
row_08132,PRD-T6T18U,,Low Fat,0.0508,Canned,76.12,STORE-T5G,47,Small,Tier_1,Corner Shop,223.78
row_08133,PRD-8KE2WT,16.097,Regular,0.0481,FROZEN FOODS,127.13,STORE-HL7,23,Medium,Tier_3,Superstore,1396.09
row_08134,PRD-ZCF0TU,11.018,Regular,0.1321,canned,221.13,STORE-YLW,35,Small,Tier_1,Standard Supermarket,2109.73
row_08135,PRD-ITKQO4,5.966,Regular,0.1538,Meat,157.7,STORE-YLW,35,Small,Tier_1,Standard Supermarket,1962.96
row_08136,PRD-KL9Z6V,18.431,Low Fat,0.1605,FRUITS AND VEGETABLES,38.01,STORE-9RG,28,Small,Tier_2,Standard Supermarket,249.29
row_08137,PRD-6S601Z,11.603,Regular,0.1255,frozen foods,100.99,STORE-YLW,35,Small,Tier_1,Standard Supermarket,2137.16
row_08138,PRD-15BYVZ,18.129,Low Fat,0.0713,Hard Drinks,192.02,STORE-JOR,34,,Tier_3,Corner Shop,379.76
row_08139,PRD-L9E9NI,8.51,Regular,0.0367,Baking Goods,145.02,STORE-DKU,30,,Tier_2,Standard Supermarket,910.27
row_08141,PRD-IWSPFB,5.63,Regular,0.0251,meat,104.78,STORE-89Z,33,Medium,Tier_1,Standard Supermarket,1097.52
row_08143,PRD-SCRO8S,15.334,Regular,0.1088,FRUITS AND VEGETABLES,42.72,STORE-DKU,30,,Tier_2,Standard Supermarket,471.75
row_08144,PRD-8WJAI7,8.942,Low Fat,0.0643,Snack Foods,177.33,STORE-AGY,45,Large,Tier_3,Standard Supermarket,2065.67
row_08145,PRD-5FDHJK,6.828,Low Fat,0.0738,SOFT DRINKS,93.46,STORE-DKU,30,,Tier_2,Standard Supermarket,639.97
row_08146,PRD-WV98Y3,19.866,Low Fat,0.1403,Snack Foods,122.9,STORE-HL7,23,Medium,Tier_3,Superstore,1437.77
row_08147,PRD-10N229,20.498,Low Fat,0.0148,HOUSEHOLD,147.67,STORE-HL7,23,Medium,Tier_3,Superstore,1202.14
row_08148,PRD-H6TX8K,6.537,Low Fat,0.0149,household,143.49,STORE-YLW,35,Small,Tier_1,Standard Supermarket,3074.73
row_08149,PRD-098QST,7.053,Low Fat,0.0223,Frozen Foods,270.58,STORE-89Z,33,Medium,Tier_1,Standard Supermarket,5004.88
row_08150,PRD-26OC7T,,Low Fat,0.1509,frozen foods,241.6,STORE-T5G,47,Small,Tier_1,Corner Shop,708.42
row_08151,PRD-6852FC,11.952,Low Fat,0.0,HARD DRINKS,185.18,STORE-DKU,30,,Tier_2,Standard Supermarket,3728.56
row_08152,PRD-PJ1TV2,17.743,Regular,0.0,FRUITS AND VEGETABLES,140.05,STORE-DKU,30,,Tier_2,Standard Supermarket,1870.94
row_08153,PRD-Y7S361,15.623,Low Fat,0.0607,Starchy Foods,228.07,STORE-DKU,30,,Tier_2,Standard Supermarket,4766.54
row_08154,PRD-D7S0Z9,17.948,Low Fat,0.0942,Health and Hygiene,242.34,STORE-9RG,28,Small,Tier_2,Standard Supermarket,5444.67
row_08157,PRD-YLAH3X,15.592,Low Fat,0.035,Household,110.42,STORE-89Z,33,Medium,Tier_1,Standard Supermarket,1913.93
row_08159,PRD-UPQZIT,7.231,Low Fat,0.0707,Soft Drinks,108.91,STORE-HL7,23,Medium,Tier_3,Superstore,2346.87
row_08160,PRD-KCDXSN,16.396,Low Fat,0.0745,Fruits and Vegetables,45.54,STORE-89Z,33,Medium,Tier_1,Standard Supermarket,483.04
row_08161,PRD-GV2TFK,7.452,Low Fat,0.0461,Health and Hygiene,99.3,STORE-OYG,25,,Tier_2,Standard Supermarket,2762.22
row_08162,PRD-7135HO,11.631,Low Fat,0.0396,snack foods,233.99,STORE-OYG,25,,Tier_2,Standard Supermarket,6621.81
row_08163,PRD-PKL0BL,5.818,Low Fat,0.0144,Soft Drinks,150.56,STORE-HL7,23,Medium,Tier_3,Superstore,2329.85
row_08164,PRD-DYYVDQ,19.688,Regular,0.0851,canned,157.42,STORE-89Z,33,Medium,Tier_1,Standard Supermarket,2112.53
row_08165,PRD-YUXGFA,11.254,Regular,0.0377,Snack Foods,103.98,STORE-AGY,45,Large,Tier_3,Standard Supermarket,3135.53
row_08166,PRD-8CX8FG,,Regular,0.0901,FROZEN FOODS,227.34,STORE-7WS,47,Medium,Tier_3,Flagship Hypermarket,6269.16
row_08167,PRD-YLAH3X,15.339,Low Fat,0.0324,household,107.1,STORE-YLW,35,Small,Tier_1,Standard Supermarket,1094.74
row_08168,PRD-5J92DM,17.111,Regular,0.153,Frozen Foods,191.61,STORE-OYG,25,,Tier_2,Standard Supermarket,4787.61
row_08169,PRD-TGVS38,,Regular,0.1664,DAIRY,59.08,STORE-T5G,47,Small,Tier_1,Corner Shop,118.27
row_08170,PRD-F8MDRY,19.645,Regular,0.0234,Dairy,246.79,STORE-OYG,25,,Tier_2,Standard Supermarket,2287.06
row_08171,PRD-VHS1K3,13.72,Low Fat,0.0293,soft drinks,143.32,STORE-YLW,35,Small,Tier_1,Standard Supermarket,1999.71
row_08172,PRD-V0T5X3,17.119,Low Fat,0.023,dairy,112.67,STORE-89Z,33,Medium,Tier_1,Standard Supermarket,1367.72
row_08173,PRD-J28SY2,,Regular,0.0782,BAKING GOODS,255.53,STORE-7WS,47,Medium,Tier_3,Flagship Hypermarket,7487.59
row_08174,PRD-M9YX0J,12.068,Regular,0.0772,Snack Foods,33.09,STORE-DKU,30,,Tier_2,Standard Supermarket,560.25
row_08175,PRD-6MLGK8,19.356,Regular,0.0234,Fruits and Vegetables,188.3,STORE-89Z,33,Medium,Tier_1,Standard Supermarket,3892.12
row_08176,PRD-VDV7PE,,Low Fat,0.0386,Health and Hygiene,40.48,STORE-7WS,47,Medium,Tier_3,Flagship Hypermarket,1348.51
row_08177,PRD-7135HO,11.739,Low Fat,0.0383,Snack Foods,229.8,STORE-HL7,23,Medium,Tier_3,Superstore,1133.9
row_08178,PRD-OA9XM0,15.87,Regular,0.0,MEAT,47.15,STORE-OYG,25,,Tier_2,Standard Supermarket,783.8
row_08179,PRD-GU1UQX,11.058,Low Fat,0.1376,DAIRY,264.41,STORE-AGY,45,Large,Tier_3,Standard Supermarket,5710.53
row_08181,PRD-098QST,,Low Fat,0.021,frozen foods,258.81,STORE-7WS,47,Medium,Tier_3,Flagship Hypermarket,6426.63
row_08182,PRD-98BNVW,,Regular,0.0636,FRUITS AND VEGETABLES,189.03,STORE-7WS,47,Medium,Tier_3,Flagship Hypermarket,5242.81
row_08183,PRD-IHO2KG,13.364,Regular,0.082,FROZEN FOODS,260.25,STORE-HL7,23,Medium,Tier_3,Superstore,2499.75
row_08184,PRD-29S85M,19.989,Low Fat,0.0653,snack foods,183.5,STORE-89Z,33,Medium,Tier_1,Standard Supermarket,1453.74
row_08186,PRD-HYW1UI,,Regular,0.0448,Dairy,43.81,STORE-7WS,47,Medium,Tier_3,Flagship Hypermarket,1259.35
row_08187,PRD-47VEYF,6.323,Regular,0.0968,Meat,210.71,STORE-HL7,23,Medium,Tier_3,Superstore,2536.38
row_08188,PRD-BA4ILA,15.736,Regular,0.2131,Fruits and Vegetables,114.19,STORE-JOR,34,,Tier_3,Corner Shop,227.65
row_08189,PRD-F88JRF,18.027,Regular,0.065,Frozen Foods,142.1,STORE-9RG,28,Small,Tier_2,Standard Supermarket,5666.68
row_08190,PRD-BAZHAK,18.663,Low Fat,0.0999,Frozen Foods,111.65,STORE-HL7,23,Medium,Tier_3,Superstore,1745.59
row_08192,PRD-567H48,17.091,Regular,0.0423,FROZEN FOODS,95.25,STORE-AGY,45,Large,Tier_3,Standard Supermarket,2807.26
row_08193,PRD-48C6WZ,,Regular,0.0192,Fruits and Vegetables,64.57,STORE-7WS,47,Medium,Tier_3,Flagship Hypermarket,2207.17
row_08194,PRD-ZFV8YU,7.581,Low Fat,0.0566,Fruits and Vegetables,125.43,STORE-AGY,45,Large,Tier_3,Standard Supermarket,2102.21
row_08195,PRD-90O7Y2,15.254,Low Fat,0.097,Soft Drinks,201.04,STORE-OYG,25,,Tier_2,Standard Supermarket,7813.0
row_08196,PRD-NVJUUW,6.602,Regular,0.0907,frozen foods,106.13,STORE-DKU,30,,Tier_2,Standard Supermarket,1657.54
row_08197,PRD-SNF69T,8.713,Low Fat,0.0,Household,53.89,STORE-AGY,45,Large,Tier_3,Standard Supermarket,1029.7
row_08198,PRD-3S195J,4.499,Low Fat,0.1267,Hard Drinks,172.24,STORE-DKU,30,,Tier_2,Standard Supermarket,2728.65
row_08199,PRD-2G9O9Y,6.458,Regular,0.0905,CANNED,243.62,STORE-DKU,30,,Tier_2,Standard Supermarket,3208.48
row_08200,PRD-75I63R,9.024,Regular,0.0631,Frozen Foods,84.26,STORE-YLW,35,Small,Tier_1,Standard Supermarket,1380.31
row_08202,PRD-GGO8YM,16.603,Regular,0.0688,Breakfast,180.79,STORE-DKU,30,,Tier_2,Standard Supermarket,2255.9
row_08203,PRD-E4XLA5,9.452,Regular,0.1303,baking goods,224.89,STORE-YLW,35,Small,Tier_1,Standard Supermarket,3473.8
row_08205,PRD-0IFJNT,13.276,Low Fat,0.0723,DAIRY,163.98,STORE-HL7,23,Medium,Tier_3,Superstore,1460.18
row_08206,PRD-KTBCUD,,Low Fat,0.0,Starchy Foods,170.81,STORE-7WS,47,Medium,Tier_3,Flagship Hypermarket,4289.6
row_08207,PRD-G8F1CB,19.34,Regular,0.042,soft drinks,162.67,STORE-OYG,25,,Tier_2,Standard Supermarket,1089.41
row_08208,PRD-1RUPFR,,Low Fat,0.1244,hard drinks,35.32,STORE-T5G,47,Small,Tier_1,Corner Shop,37.8
row_08209,PRD-TVFDG0,,Regular,0.0284,BREADS,195.14,STORE-7WS,47,Medium,Tier_3,Flagship Hypermarket,3394.72
row_08210,PRD-IS25HB,7.323,Low Fat,0.085,Soft Drinks,119.55,STORE-YLW,35,Small,Tier_1,Standard Supermarket,2136.93
row_08211,PRD-GIHADO,,Regular,0.0518,Frozen Foods,108.23,STORE-7WS,47,Medium,Tier_3,Flagship Hypermarket,3062.74
row_08212,PRD-6V1JZP,,Low Fat,0.0255,HOUSEHOLD,247.94,STORE-7WS,47,Medium,Tier_3,Flagship Hypermarket,6303.07
row_08214,PRD-U0COJB,9.339,Low Fat,0.1132,frozen foods,185.67,STORE-JOR,34,,Tier_3,Corner Shop,175.67
row_08215,PRD-V94X2H,,Low Fat,0.0343,Snack Foods,238.94,STORE-7WS,47,Medium,Tier_3,Flagship Hypermarket,4965.52
row_08216,PRD-ZJZCZV,8.415,Low Fat,0.0383,Snack Foods,98.86,STORE-DKU,30,,Tier_2,Standard Supermarket,1648.33
row_08217,PRD-52UH5B,16.378,Low Fat,0.0743,Canned,204.17,STORE-9RG,28,Small,Tier_2,Standard Supermarket,5200.83
row_08218,PRD-6LCP22,21.179,Low Fat,0.067,Canned,254.77,STORE-9RG,28,Small,Tier_2,Standard Supermarket,5170.83
row_08219,PRD-AQ8H3X,10.77,Low Fat,0.1125,Fruits and Vegetables,189.75,STORE-JOR,34,,Tier_3,Corner Shop,575.92
row_08221,PRD-Q9AH8R,,Low Fat,0.0953,Dairy,233.56,STORE-T5G,47,Small,Tier_1,Corner Shop,675.44
row_08222,PRD-LMEYSN,9.119,Low Fat,0.01,Others,210.71,STORE-HL7,23,Medium,Tier_3,Superstore,3560.05
row_08223,PRD-0QD58X,17.454,Regular,0.0157,breads,43.33,STORE-9RG,28,Small,Tier_2,Standard Supermarket,611.03
row_08224,PRD-5K9MLE,12.402,Low Fat,0.2628,HOUSEHOLD,114.72,STORE-JOR,34,,Tier_3,Corner Shop,348.44
row_08226,PRD-YZB4K8,,Regular,0.0171,fruits and vegetables,46.93,STORE-7WS,47,Medium,Tier_3,Flagship Hypermarket,2161.9
row_08227,PRD-Q2RPUV,8.512,Low Fat,0.0341,HEALTH AND HYGIENE,142.29,STORE-YLW,35,Small,Tier_1,Standard Supermarket,2091.71
row_08228,PRD-ZTO1FG,13.887,Low Fat,0.1408,Dairy,266.88,STORE-YLW,35,Small,Tier_1,Standard Supermarket,3139.64
row_08229,PRD-BFDNHH,8.476,Regular,0.0877,Snack Foods,148.3,STORE-DKU,30,,Tier_2,Standard Supermarket,2796.37
row_08230,PRD-V82DIB,11.681,Regular,0.0192,MEAT,110.87,STORE-JOR,34,,Tier_3,Corner Shop,114.97
row_08232,PRD-RDW6ET,8.967,Regular,0.0773,FRUITS AND VEGETABLES,190.08,STORE-AGY,45,Large,Tier_3,Standard Supermarket,7340.2
row_08233,PRD-48C6WZ,15.302,Regular,0.0195,Fruits and Vegetables,61.35,STORE-9RG,28,Small,Tier_2,Standard Supermarket,1185.81
row_08234,PRD-FZX6AP,13.532,Regular,0.0397,snack foods,89.67,STORE-DKU,30,,Tier_2,Standard Supermarket,1822.94
row_08235,PRD-44P39J,,Regular,0.0664,Frozen Foods,266.5,STORE-7WS,47,Medium,Tier_3,Flagship Hypermarket,5687.5
row_08236,PRD-41CMGC,7.192,Low Fat,0.0433,Fruits and Vegetables,231.42,STORE-YLW,35,Small,Tier_1,Standard Supermarket,3215.29
row_08237,PRD-8669BY,17.287,Low Fat,0.1304,FRUITS AND VEGETABLES,167.44,STORE-89Z,33,Medium,Tier_1,Standard Supermarket,1574.47
row_08238,PRD-F4B8DW,,Low Fat,0.0346,DAIRY,213.46,STORE-7WS,47,Medium,Tier_3,Flagship Hypermarket,5684.32
row_08239,PRD-87AU5B,9.802,Low Fat,0.0137,Soft Drinks,46.07,STORE-OYG,25,,Tier_2,Standard Supermarket,811.48
row_08240,PRD-VXSN74,18.321,Low Fat,0.0545,Snack Foods,145.68,STORE-YLW,35,Small,Tier_1,Standard Supermarket,2354.51
row_08241,PRD-1SZJIV,10.219,Regular,0.1399,Dairy,196.39,STORE-89Z,33,Medium,Tier_1,Standard Supermarket,3027.96
row_08243,PRD-ATSN1U,19.504,Low Fat,0.024,Soft Drinks,82.7,STORE-YLW,35,Small,Tier_1,Standard Supermarket,731.83
row_08244,PRD-OQTFZN,11.915,Regular,0.126,Fruits and Vegetables,186.05,STORE-DKU,30,,Tier_2,Standard Supermarket,2969.6
row_08246,PRD-302FAP,13.682,Low Fat,0.0475,Fruits and Vegetables,150.49,STORE-DKU,30,,Tier_2,Standard Supermarket,2108.15
row_08247,PRD-76CI5F,,Low Fat,0.0293,Health and Hygiene,157.73,STORE-7WS,47,Medium,Tier_3,Flagship Hypermarket,2562.37
row_08249,PRD-E42X6G,11.527,Regular,0.0647,Dairy,91.26,STORE-DKU,30,,Tier_2,Standard Supermarket,1184.78
row_08250,PRD-MICMBP,7.862,Regular,0.0848,Frozen Foods,35.34,STORE-OYG,25,,Tier_2,Standard Supermarket,455.1
row_08251,PRD-OF2TX0,7.667,Low Fat,0.1001,SNACK FOODS,112.18,STORE-DKU,30,,Tier_2,Standard Supermarket,2006.63
row_08252,PRD-1GP1Z7,10.361,Regular,0.0949,Snack Foods,207.46,STORE-HL7,23,Medium,Tier_3,Superstore,2203.74
row_08253,PRD-94QTWZ,,Low Fat,0.2026,meat,192.76,STORE-T5G,47,Small,Tier_1,Corner Shop,373.07
row_08254,PRD-TXA99J,11.822,Regular,0.0098,snack foods,227.79,STORE-AGY,45,Large,Tier_3,Standard Supermarket,2026.97
row_08255,PRD-9YFZQL,10.494,Low Fat,0.1042,Snack Foods,148.4,STORE-9RG,28,Small,Tier_2,Standard Supermarket,3661.33
row_08256,PRD-YGW5F2,10.57,Low Fat,0.1496,Meat,105.28,STORE-89Z,33,Medium,Tier_1,Standard Supermarket,1741.88
row_08257,PRD-57XD6K,13.187,Low Fat,0.1692,frozen foods,45.26,STORE-OYG,25,,Tier_2,Standard Supermarket,763.16
row_08259,PRD-DOYWLL,12.356,Low Fat,0.1125,Canned,117.47,STORE-89Z,33,Medium,Tier_1,Standard Supermarket,1448.45
row_08261,PRD-82BCVD,,Regular,0.1087,Fruits and Vegetables,124.93,STORE-T5G,47,Small,Tier_1,Corner Shop,265.9
row_08262,PRD-FZX6AP,,Regular,0.0368,Snack Foods,89.76,STORE-7WS,47,Medium,Tier_3,Flagship Hypermarket,1905.91
row_08263,PRD-4CK9XH,,Low Fat,0.1049,Household,172.48,STORE-7WS,47,Medium,Tier_3,Flagship Hypermarket,4400.03
row_08265,PRD-Y7084P,18.921,Low Fat,0.0252,MEAT,85.52,STORE-9RG,28,Small,Tier_2,Standard Supermarket,828.03
row_08266,PRD-TOPS2I,20.626,Low Fat,0.0929,Breakfast,188.3,STORE-YLW,35,Small,Tier_1,Standard Supermarket,4916.19
row_08267,PRD-CZD9MX,15.28,Regular,0.1071,fruits and vegetables,173.92,STORE-HL7,23,Medium,Tier_3,Superstore,2930.8
row_08269,PRD-DH02YH,10.082,Low Fat,0.039,Fruits and Vegetables,242.67,STORE-OYG,25,,Tier_2,Standard Supermarket,6752.01
row_08270,PRD-DOYWLL,12.855,Low Fat,0.1101,Canned,119.25,STORE-9RG,28,Small,Tier_2,Standard Supermarket,1383.04
row_08271,PRD-NQ65QD,6.12,Low Fat,0.0782,DAIRY,64.72,STORE-OYG,25,,Tier_2,Standard Supermarket,1202.91
row_08272,PRD-L1A5P6,17.051,Regular,0.0446,dairy,119.89,STORE-89Z,33,Medium,Tier_1,Standard Supermarket,1027.13
row_08273,PRD-4RQYWN,,Low Fat,0.0617,Household,128.67,STORE-T5G,47,Small,Tier_1,Corner Shop,391.26
row_08274,PRD-L8WU3R,19.387,Regular,0.0186,SNACK FOODS,112.3,STORE-YLW,35,Small,Tier_1,Standard Supermarket,1571.09
row_08275,PRD-MY5ZPJ,8.179,Low Fat,0.0334,hard drinks,112.35,STORE-9RG,28,Small,Tier_2,Standard Supermarket,2078.2
row_08276,PRD-OBR9GP,5.434,Low Fat,0.0,HEALTH AND HYGIENE,99.3,STORE-HL7,23,Medium,Tier_3,Superstore,1493.86
row_08277,PRD-LMEYSN,,Low Fat,0.0176,Others,211.58,STORE-T5G,47,Small,Tier_1,Corner Shop,221.78
row_08278,PRD-6BH3LL,,Low Fat,0.1269,Baking Goods,111.83,STORE-T5G,47,Small,Tier_1,Corner Shop,216.38
row_08279,PRD-U9W2MB,13.724,Regular,0.1583,Fruits and Vegetables,143.46,STORE-YLW,35,Small,Tier_1,Standard Supermarket,4116.06
row_08280,PRD-V2AQNP,,Regular,0.1515,breakfast,165.1,STORE-7WS,47,Medium,Tier_3,Flagship Hypermarket,4023.31
row_08281,PRD-HBRPOI,11.765,Low Fat,0.0,soft drinks,138.18,STORE-9RG,28,Small,Tier_2,Standard Supermarket,993.69
row_08283,PRD-O69WEZ,17.318,Regular,0.0072,Dairy,147.05,STORE-DKU,30,,Tier_2,Standard Supermarket,2174.45
row_08284,PRD-DTYGUJ,12.23,Low Fat,0.0786,Household,169.4,STORE-DKU,30,,Tier_2,Standard Supermarket,4568.21
row_08285,PRD-EU7OL7,17.736,Regular,0.0202,meat,262.1,STORE-9RG,28,Small,Tier_2,Standard Supermarket,4146.92
row_08286,PRD-8MVMVQ,,Low Fat,0.1212,household,108.49,STORE-7WS,47,Medium,Tier_3,Flagship Hypermarket,4201.15
row_08287,PRD-OIT2UR,8.235,Regular,0.0307,canned,154.39,STORE-YLW,35,Small,Tier_1,Standard Supermarket,1690.2
row_08288,PRD-MWWJPG,12.984,Low Fat,0.1499,Canned,75.08,STORE-OYG,25,,Tier_2,Standard Supermarket,1184.27
row_08289,PRD-WEPXSK,14.957,Low Fat,0.0443,Soft Drinks,78.13,STORE-AGY,45,Large,Tier_3,Standard Supermarket,912.98
row_08290,PRD-EBEM2I,,Regular,0.1106,FRUITS AND VEGETABLES,175.9,STORE-7WS,47,Medium,Tier_3,Flagship Hypermarket,3936.45
row_08291,PRD-1N0XXZ,11.078,Low Fat,0.0101,CANNED,83.77,STORE-DKU,30,,Tier_2,Standard Supermarket,1392.11
row_08292,PRD-BH7RPX,5.099,Low Fat,0.0,Household,165.68,STORE-HL7,23,Medium,Tier_3,Superstore,3503.29
row_08293,PRD-YM6IER,,Regular,0.0314,Fruits and Vegetables,119.51,STORE-7WS,47,Medium,Tier_3,Flagship Hypermarket,4667.28
row_08294,PRD-S668FR,18.965,Low Fat,0.0879,others,186.0,STORE-89Z,33,Medium,Tier_1,Standard Supermarket,5002.38
row_08295,PRD-51TIWG,5.873,Regular,0.0685,BAKING GOODS,184.55,STORE-OYG,25,,Tier_2,Standard Supermarket,4529.17
row_08296,PRD-4JXFPK,11.844,Low Fat,0.1789,Dairy,57.16,STORE-OYG,25,,Tier_2,Standard Supermarket,632.49
row_08297,PRD-1ZL2WT,13.222,Regular,0.0445,Fruits and Vegetables,159.8,STORE-AGY,45,Large,Tier_3,Standard Supermarket,2974.53
row_08299,PRD-JSPKET,6.901,Regular,0.0,Dairy,96.56,STORE-89Z,33,Medium,Tier_1,Standard Supermarket,1381.56
row_08302,PRD-53EF9P,,Low Fat,0.0287,Household,151.73,STORE-7WS,47,Medium,Tier_3,Flagship Hypermarket,4455.27
row_08303,PRD-Q7WI57,10.627,Low Fat,0.0405,Fruits and Vegetables,37.07,STORE-DKU,30,,Tier_2,Standard Supermarket,765.59
row_08304,PRD-A0IOEJ,,Low Fat,0.0114,Canned,192.13,STORE-7WS,47,Medium,Tier_3,Flagship Hypermarket,4103.38
row_08305,PRD-7ZGA6X,14.74,Low Fat,0.1213,baking goods,89.66,STORE-JOR,34,,Tier_3,Corner Shop,86.41
row_08307,PRD-QL2E5M,17.16,Low Fat,0.0597,DAIRY,170.28,STORE-HL7,23,Medium,Tier_3,Superstore,523.67
row_08309,PRD-3IFU71,9.333,Low Fat,0.1036,BAKING GOODS,140.1,STORE-HL7,23,Medium,Tier_3,Superstore,2465.35
row_08310,PRD-24SCOS,5.975,Low Fat,0.0036,hard drinks,148.17,STORE-DKU,30,,Tier_2,Standard Supermarket,2968.71
row_08311,PRD-HC0BPN,,Regular,0.0597,FRUITS AND VEGETABLES,192.02,STORE-7WS,47,Medium,Tier_3,Flagship Hypermarket,4219.92
row_08312,PRD-6IUUKZ,10.909,Regular,0.0556,frozen foods,149.81,STORE-JOR,34,,Tier_3,Corner Shop,457.16
row_08314,PRD-AK645K,11.676,Regular,0.0772,snack foods,86.83,STORE-OYG,25,,Tier_2,Standard Supermarket,691.57
row_08315,PRD-JNNMAX,20.859,Low Fat,0.113,HEALTH AND HYGIENE,226.39,STORE-HL7,23,Medium,Tier_3,Superstore,5445.62
row_08316,PRD-J0G50R,19.33,Low Fat,0.1088,CANNED,87.6,STORE-JOR,34,,Tier_3,Corner Shop,83.29
row_08317,PRD-2PCIGY,7.89,Low Fat,0.086,FRUITS AND VEGETABLES,64.16,STORE-OYG,25,,Tier_2,Standard Supermarket,1282.24
row_08318,PRD-2NS5MH,20.087,Low Fat,0.1754,Canned,183.14,STORE-DKU,30,,Tier_2,Standard Supermarket,2578.46
row_08319,PRD-TRMI8Q,12.971,Low Fat,0.0121,OTHERS,191.19,STORE-HL7,23,Medium,Tier_3,Superstore,1267.25
row_08321,PRD-6WDG1O,9.179,Regular,0.0482,Frozen Foods,251.81,STORE-OYG,25,,Tier_2,Standard Supermarket,1250.57
row_08323,PRD-HFVMHX,8.439,Low Fat,0.0311,Health and Hygiene,232.77,STORE-JOR,34,,Tier_3,Corner Shop,696.21
row_08324,PRD-QS3E3R,5.749,Low Fat,0.0955,Breads,163.74,STORE-AGY,45,Large,Tier_3,Standard Supermarket,2196.55
row_08325,PRD-NHLLA9,,Low Fat,0.0782,HEALTH AND HYGIENE,56.9,STORE-7WS,47,Medium,Tier_3,Flagship Hypermarket,1515.55
row_08326,PRD-9ROJVZ,8.412,Regular,0.0856,FROZEN FOODS,57.85,STORE-9RG,28,Small,Tier_2,Standard Supermarket,690.84
row_08327,PRD-LK2C0X,11.884,Low Fat,0.0147,Frozen Foods,217.04,STORE-AGY,45,Large,Tier_3,Standard Supermarket,2609.59
row_08328,PRD-OFS80Q,,Regular,0.0469,snack foods,191.19,STORE-T5G,47,Small,Tier_1,Corner Shop,900.15
row_08331,PRD-BWWWTP,19.804,Low Fat,0.1534,DAIRY,257.42,STORE-JOR,34,,Tier_3,Corner Shop,803.87
row_08333,PRD-75E78H,7.352,Low Fat,0.0308,Household,170.52,STORE-YLW,35,Small,Tier_1,Standard Supermarket,4997.15
row_08334,PRD-RB4BUY,18.168,Regular,0.0437,Frozen Foods,165.19,STORE-9RG,28,Small,Tier_2,Standard Supermarket,1532.82
row_08335,PRD-EHJIMM,13.286,Low Fat,0.0822,Household,60.31,STORE-89Z,33,Medium,Tier_1,Standard Supermarket,1110.62
row_08338,PRD-EBEM2I,11.957,Regular,0.106,FRUITS AND VEGETABLES,168.36,STORE-DKU,30,,Tier_2,Standard Supermarket,3262.99
row_08339,PRD-EFRJYJ,5.28,Regular,0.1388,Seafood,171.14,STORE-AGY,45,Large,Tier_3,Standard Supermarket,2737.46
row_08341,PRD-5JN7BS,9.635,Regular,0.03,Snack Foods,221.62,STORE-89Z,33,Medium,Tier_1,Standard Supermarket,5506.66
row_08342,PRD-I4J38V,13.236,Low Fat,0.0659,Frozen Foods,154.93,STORE-YLW,35,Small,Tier_1,Standard Supermarket,3506.34
row_08343,PRD-2460MA,18.981,Low Fat,0.0505,health and hygiene,190.5,STORE-AGY,45,Large,Tier_3,Standard Supermarket,3546.6
row_08344,PRD-3KEGH5,6.071,Low Fat,0.0477,Canned,222.52,STORE-89Z,33,Medium,Tier_1,Standard Supermarket,5513.86
row_08346,PRD-S1R8NF,14.058,Regular,0.0263,snack foods,78.27,STORE-OYG,25,,Tier_2,Standard Supermarket,732.8
row_08347,PRD-IJVZYN,14.928,Low Fat,0.0614,OTHERS,241.08,STORE-89Z,33,Medium,Tier_1,Standard Supermarket,6204.86
row_08348,PRD-WKDRX0,16.205,Regular,0.0991,Meat,46.13,STORE-JOR,34,,Tier_3,Corner Shop,90.54
row_08349,PRD-GJY1KD,,Low Fat,0.0158,HOUSEHOLD,192.84,STORE-T5G,47,Small,Tier_1,Corner Shop,189.28
row_08350,PRD-32CDXS,20.585,Regular,0.0181,fruits and vegetables,218.19,STORE-OYG,25,,Tier_2,Standard Supermarket,2467.49
row_08351,PRD-3KSWI6,,Regular,0.0209,Canned,187.23,STORE-T5G,47,Small,Tier_1,Corner Shop,558.49
row_08352,PRD-L06G9E,,Low Fat,0.1279,Snack Foods,90.17,STORE-T5G,47,Small,Tier_1,Corner Shop,85.59
row_08353,PRD-K3I8BZ,12.137,Low Fat,0.1096,SOFT DRINKS,187.02,STORE-9RG,28,Small,Tier_2,Standard Supermarket,1894.31
row_08354,PRD-VXSN74,18.251,Low Fat,0.0567,Snack Foods,139.02,STORE-DKU,30,,Tier_2,Standard Supermarket,1752.87
row_08356,PRD-FYZF7M,14.613,Low Fat,0.0873,Health and Hygiene,155.57,STORE-DKU,30,,Tier_2,Standard Supermarket,1428.79
row_08358,PRD-4B2PMS,20.987,Low Fat,0.0263,HEALTH AND HYGIENE,146.93,STORE-YLW,35,Small,Tier_1,Standard Supermarket,2405.96
row_08359,PRD-R73A70,19.149,Regular,0.0273,Meat,191.85,STORE-OYG,25,,Tier_2,Standard Supermarket,951.17
row_08361,PRD-QJTAA7,7.293,Regular,0.1707,Breads,34.37,STORE-HL7,23,Medium,Tier_3,Superstore,669.48
row_08362,PRD-ICW8VL,,Low Fat,0.0287,BAKING GOODS,79.93,STORE-T5G,47,Small,Tier_1,Corner Shop,398.15
row_08363,PRD-RHA96G,,Low Fat,0.0,baking goods,191.16,STORE-7WS,47,Medium,Tier_3,Flagship Hypermarket,787.89
row_08364,PRD-Q6EW09,18.958,Low Fat,0.0501,Snack Foods,185.85,STORE-OYG,25,,Tier_2,Standard Supermarket,3644.39
row_08365,PRD-JB3VCF,,Regular,0.0124,Snack Foods,55.18,STORE-7WS,47,Medium,Tier_3,Flagship Hypermarket,963.98
row_08366,PRD-MNUTT1,,Low Fat,0.3177,Canned,145.97,STORE-T5G,47,Small,Tier_1,Corner Shop,574.82
row_08368,PRD-CPCMJT,,Low Fat,0.162,household,254.56,STORE-T5G,47,Small,Tier_1,Corner Shop,761.19
row_08369,PRD-4AAL09,19.759,Low Fat,0.0829,Others,37.09,STORE-9RG,28,Small,Tier_2,Standard Supermarket,451.25
row_08370,PRD-HMIP5B,10.24,Regular,0.0,FRUITS AND VEGETABLES,111.69,STORE-AGY,45,Large,Tier_3,Standard Supermarket,3957.48
row_08371,PRD-IAZMTU,14.184,Low Fat,0.0249,BAKING GOODS,101.67,STORE-AGY,45,Large,Tier_3,Standard Supermarket,1742.15
row_08372,PRD-5HJHWF,,Low Fat,0.0781,Snack Foods,80.88,STORE-T5G,47,Small,Tier_1,Corner Shop,81.2
row_08374,PRD-BPT359,4.926,Regular,0.2339,Baking Goods,52.84,STORE-JOR,34,,Tier_3,Corner Shop,168.58
row_08376,PRD-1UQKER,20.307,Regular,0.0603,BAKING GOODS,169.36,STORE-9RG,28,Small,Tier_2,Standard Supermarket,2838.16
row_08377,PRD-FZX6AP,13.076,Regular,0.0394,snack foods,87.34,STORE-89Z,33,Medium,Tier_1,Standard Supermarket,722.33
row_08378,PRD-V14WZZ,18.073,Low Fat,0.0306,Health and Hygiene,187.57,STORE-AGY,45,Large,Tier_3,Standard Supermarket,1346.52
row_08379,PRD-QDXOEA,7.406,Low Fat,0.0261,snack foods,110.69,STORE-OYG,25,,Tier_2,Standard Supermarket,2297.48
row_08380,PRD-ZCF0TU,11.091,Regular,0.13,Canned,224.34,STORE-9RG,28,Small,Tier_2,Standard Supermarket,4345.47
row_08381,PRD-7B1U9E,10.22,Low Fat,0.0274,HOUSEHOLD,167.51,STORE-YLW,35,Small,Tier_1,Standard Supermarket,3596.48
row_08383,PRD-FL1299,8.751,Regular,0.054,Canned,84.43,STORE-AGY,45,Large,Tier_3,Standard Supermarket,3596.55
row_08384,PRD-C2MU46,18.041,Low Fat,0.0148,SNACK FOODS,194.98,STORE-HL7,23,Medium,Tier_3,Superstore,1979.72
row_08387,PRD-8INI8M,6.521,Regular,0.1289,SNACK FOODS,86.31,STORE-DKU,30,,Tier_2,Standard Supermarket,888.24
row_08388,PRD-6SCK8E,11.49,Low Fat,0.049,Household,186.37,STORE-AGY,45,Large,Tier_3,Standard Supermarket,3696.04
row_08389,PRD-2PCIGY,7.866,Low Fat,0.0881,Fruits and Vegetables,64.89,STORE-DKU,30,,Tier_2,Standard Supermarket,1146.14
row_08390,PRD-9789H0,18.085,Regular,0.0457,Baking Goods,239.05,STORE-JOR,34,,Tier_3,Corner Shop,472.74
row_08391,PRD-2OQEWF,18.608,Low Fat,0.0341,others,133.77,STORE-DKU,30,,Tier_2,Standard Supermarket,2837.68
row_08393,PRD-AK5W77,8.463,Regular,0.0295,Canned,229.26,STORE-AGY,45,Large,Tier_3,Standard Supermarket,3398.53
row_08394,PRD-UJG7IN,5.881,Low Fat,0.0965,FROZEN FOODS,128.12,STORE-AGY,45,Large,Tier_3,Standard Supermarket,3737.98
row_08395,PRD-RD47WO,,Regular,0.1831,snack foods,171.95,STORE-T5G,47,Small,Tier_1,Corner Shop,830.16
row_08396,PRD-7Q94JB,15.307,Regular,0.0631,Frozen Foods,143.05,STORE-9RG,28,Small,Tier_2,Standard Supermarket,2196.33
row_08397,PRD-VQ553K,,Regular,0.0608,Fruits and Vegetables,166.43,STORE-7WS,47,Medium,Tier_3,Flagship Hypermarket,3295.05
row_08398,PRD-X5M8PJ,5.124,Regular,0.1278,SNACK FOODS,136.02,STORE-9RG,28,Small,Tier_2,Standard Supermarket,1316.56
row_08399,PRD-NDSUDE,,Regular,0.0661,Fruits and Vegetables,109.54,STORE-T5G,47,Small,Tier_1,Corner Shop,400.52
row_08400,PRD-HMIP5B,10.11,Regular,0.03,FRUITS AND VEGETABLES,111.64,STORE-YLW,35,Small,Tier_1,Standard Supermarket,4904.64
row_08401,PRD-5SOWOM,11.639,Low Fat,0.0145,starchy foods,173.37,STORE-OYG,25,,Tier_2,Standard Supermarket,5473.61
row_08402,PRD-O69WEZ,17.332,Regular,0.0072,Dairy,144.49,STORE-HL7,23,Medium,Tier_3,Superstore,2238.67
row_08403,PRD-HCAZ89,13.84,Regular,0.0171,SNACK FOODS,80.9,STORE-DKU,30,,Tier_2,Standard Supermarket,1539.52
row_08404,PRD-T83Z0P,19.123,Regular,0.0944,meat,179.76,STORE-HL7,23,Medium,Tier_3,Superstore,1266.42
row_08405,PRD-D7M46B,6.5,Low Fat,0.0209,HOUSEHOLD,35.51,STORE-DKU,30,,Tier_2,Standard Supermarket,255.35
row_08406,PRD-6SCK8E,,Low Fat,0.046,Household,175.56,STORE-HL7,23,Medium,Tier_3,Superstore,1212.58
row_08407,PRD-OEM1VZ,19.653,Regular,0.0,dairy,193.12,STORE-89Z,33,Medium,Tier_1,Standard Supermarket,4335.71
row_08409,PRD-G7JPM7,,Regular,0.0193,Snack Foods,58.07,STORE-T5G,47,Small,Tier_1,Corner Shop,397.39
row_08410,PRD-U652FY,8.683,Regular,0.0274,CANNED,170.04,STORE-HL7,23,Medium,Tier_3,Superstore,4034.66
row_08411,PRD-EI7XZU,,Low Fat,0.0214,FRUITS AND VEGETABLES,184.58,STORE-7WS,47,Medium,Tier_3,Flagship Hypermarket,5882.96
row_08412,PRD-8VYI78,16.322,Low Fat,0.0703,Household,234.31,STORE-AGY,45,Large,Tier_3,Standard Supermarket,5497.66
row_08414,PRD-XCFTUX,15.154,Low Fat,0.0,CANNED,183.8,STORE-JOR,34,,Tier_3,Corner Shop,193.92
row_08415,PRD-21BKSM,16.888,Low Fat,0.0341,HEALTH AND HYGIENE,197.49,STORE-9RG,28,Small,Tier_2,Standard Supermarket,3970.82
row_08416,PRD-377V1I,16.826,Regular,0.0672,Baking Goods,194.19,STORE-OYG,25,,Tier_2,Standard Supermarket,2966.71
row_08417,PRD-FGQJFY,8.026,Regular,0.1584,BAKING GOODS,37.31,STORE-HL7,23,Medium,Tier_3,Superstore,1159.61
row_08419,PRD-N6HW1H,12.576,Regular,0.0648,Starchy Foods,96.46,STORE-HL7,23,Medium,Tier_3,Superstore,1447.89
row_08420,PRD-ITAZVY,13.348,Low Fat,0.0648,Frozen Foods,47.1,STORE-89Z,33,Medium,Tier_1,Standard Supermarket,794.81
row_08421,PRD-U3P1ZC,16.537,Low Fat,0.1302,Breads,86.07,STORE-9RG,28,Small,Tier_2,Standard Supermarket,1426.37
row_08422,PRD-UVYP1N,14.124,Regular,0.0,SNACK FOODS,162.02,STORE-9RG,28,Small,Tier_2,Standard Supermarket,2903.6
row_08424,PRD-GU1UQX,11.17,Low Fat,0.2295,DAIRY,264.12,STORE-JOR,34,,Tier_3,Corner Shop,536.08
row_08425,PRD-AK2WNJ,10.479,Low Fat,0.0779,baking goods,173.87,STORE-DKU,30,,Tier_2,Standard Supermarket,4335.27
row_08426,PRD-GW4LDH,,Low Fat,0.1501,health and hygiene,143.9,STORE-T5G,47,Small,Tier_1,Corner Shop,143.45
row_08427,PRD-EF6Y39,10.615,Regular,0.0137,snack foods,143.05,STORE-OYG,25,,Tier_2,Standard Supermarket,1581.86
row_08428,PRD-UP0URE,12.199,Regular,0.1167,Dairy,47.14,STORE-JOR,34,,Tier_3,Corner Shop,49.73
row_08429,PRD-AF3WE8,8.375,Regular,0.1248,Frozen Foods,78.5,STORE-OYG,25,,Tier_2,Standard Supermarket,1813.79
row_08430,PRD-ILCMG5,,Regular,0.0484,fruits and vegetables,143.78,STORE-7WS,47,Medium,Tier_3,Flagship Hypermarket,3077.21
row_08431,PRD-20AP4V,19.363,Low Fat,0.0239,Household,102.81,STORE-DKU,30,,Tier_2,Standard Supermarket,530.19
row_08432,PRD-06GUU9,12.694,Low Fat,0.0072,household,191.63,STORE-9RG,28,Small,Tier_2,Standard Supermarket,3802.83
row_08433,PRD-VCZHN7,11.202,Low Fat,0.2755,Snack Foods,126.52,STORE-JOR,34,,Tier_3,Corner Shop,377.64
row_08434,PRD-5WVO01,5.219,Low Fat,0.0532,Health and Hygiene,33.64,STORE-JOR,34,,Tier_3,Corner Shop,73.1
row_08435,PRD-NVJUUW,6.744,Regular,0.0868,Frozen Foods,102.66,STORE-89Z,33,Medium,Tier_1,Standard Supermarket,815.31
row_08436,PRD-C1HY2U,,Low Fat,0.0756,Dairy,108.87,STORE-7WS,47,Medium,Tier_3,Flagship Hypermarket,3853.61
row_08437,PRD-64V0WS,17.889,Low Fat,0.0751,snack foods,128.0,STORE-9RG,28,Small,Tier_2,Standard Supermarket,1575.22
row_08438,PRD-JDOLC4,,Low Fat,0.0916,Fruits and Vegetables,174.29,STORE-7WS,47,Medium,Tier_3,Flagship Hypermarket,4985.77
row_08439,PRD-UVYP1N,14.503,Regular,0.1015,SNACK FOODS,157.43,STORE-OYG,25,,Tier_2,Standard Supermarket,5757.83
row_08440,PRD-6V1JZP,16.718,Low Fat,0.0269,HOUSEHOLD,252.07,STORE-YLW,35,Small,Tier_1,Standard Supermarket,4040.86
row_08441,PRD-7Q5FPH,7.432,Low Fat,0.1286,Fruits and Vegetables,163.31,STORE-DKU,30,,Tier_2,Standard Supermarket,3834.43
row_08442,PRD-PDRI65,11.165,Low Fat,0.0171,Health and Hygiene,130.64,STORE-HL7,23,Medium,Tier_3,Superstore,1460.66
row_08443,PRD-IVLU4E,16.454,Low Fat,0.013,others,101.74,STORE-OYG,25,,Tier_2,Standard Supermarket,1070.05
row_08444,PRD-BUK3XF,20.758,Low Fat,0.0223,fruits and vegetables,106.76,STORE-AGY,45,Large,Tier_3,Standard Supermarket,2383.52
row_08445,PRD-TVSXA7,7.242,Low Fat,0.0679,health and hygiene,143.22,STORE-9RG,28,Small,Tier_2,Standard Supermarket,3538.18
row_08446,PRD-9FUYAS,8.775,Regular,0.0799,frozen foods,114.02,STORE-89Z,33,Medium,Tier_1,Standard Supermarket,1648.2
row_08447,PRD-3IMLYS,12.781,Regular,0.0,Fruits and Vegetables,252.75,STORE-9RG,28,Small,Tier_2,Standard Supermarket,6990.54
row_08448,PRD-MSND8D,9.084,Low Fat,0.038,soft drinks,36.63,STORE-DKU,30,,Tier_2,Standard Supermarket,643.01
row_08449,PRD-2EZP7V,12.534,Low Fat,0.018,Health and Hygiene,96.74,STORE-YLW,35,Small,Tier_1,Standard Supermarket,2269.81
row_08451,PRD-75I63R,,Regular,0.0,Frozen Foods,85.43,STORE-T5G,47,Small,Tier_1,Corner Shop,250.39
row_08452,PRD-74W4G2,16.275,Regular,0.0168,frozen foods,98.94,STORE-YLW,35,Small,Tier_1,Standard Supermarket,1965.61
row_08453,PRD-CLVEHR,,Regular,0.1596,frozen foods,35.02,STORE-7WS,47,Medium,Tier_3,Flagship Hypermarket,1122.33
row_08454,PRD-76RKQ4,5.589,Low Fat,0.0264,Dairy,239.02,STORE-AGY,45,Large,Tier_3,Standard Supermarket,3070.36
row_08455,PRD-HCAZ89,13.321,Regular,0.0,Snack Foods,78.21,STORE-9RG,28,Small,Tier_2,Standard Supermarket,1482.26
row_08457,PRD-U3P1ZC,16.859,Low Fat,0.1312,BREADS,91.97,STORE-89Z,33,Medium,Tier_1,Standard Supermarket,1073.87
row_08459,PRD-G8F1CB,19.147,Regular,0.0389,Soft Drinks,168.77,STORE-89Z,33,Medium,Tier_1,Standard Supermarket,993.27
row_08460,PRD-F4B8DW,19.768,Low Fat,0.0369,Dairy,223.25,STORE-YLW,35,Small,Tier_1,Standard Supermarket,2978.24
row_08461,PRD-N7XY43,16.323,Low Fat,0.0747,Canned,91.54,STORE-YLW,35,Small,Tier_1,Standard Supermarket,1593.43
row_08463,PRD-NA7L0E,,Regular,0.0264,Canned,173.1,STORE-7WS,47,Medium,Tier_3,Flagship Hypermarket,5787.15
row_08466,PRD-V5MOIJ,14.578,Regular,0.0669,Canned,41.55,STORE-JOR,34,,Tier_3,Corner Shop,41.63
row_08467,PRD-QYAHPY,,Low Fat,0.0754,Fruits and Vegetables,94.58,STORE-7WS,47,Medium,Tier_3,Flagship Hypermarket,1787.65
row_08468,PRD-UPTJ7O,,Regular,0.0393,FROZEN FOODS,126.68,STORE-7WS,47,Medium,Tier_3,Flagship Hypermarket,3749.86
row_08469,PRD-GOAVWS,11.397,Low Fat,0.0479,Snack Foods,118.88,STORE-OYG,25,,Tier_2,Standard Supermarket,1486.86
row_08471,PRD-64V0WS,18.368,Low Fat,0.0787,SNACK FOODS,124.39,STORE-HL7,23,Medium,Tier_3,Superstore,252.93
row_08473,PRD-UWE98S,7.601,Low Fat,0.0322,frozen foods,231.03,STORE-YLW,35,Small,Tier_1,Standard Supermarket,7099.93
row_08474,PRD-L532UU,18.197,Low Fat,0.0292,Dairy,249.92,STORE-AGY,45,Large,Tier_3,Standard Supermarket,2035.15
row_08475,PRD-JNODL5,18.117,Low Fat,0.0,health and hygiene,154.4,STORE-89Z,33,Medium,Tier_1,Standard Supermarket,3257.52
row_08476,PRD-N7XY43,16.678,Low Fat,0.0,Canned,91.16,STORE-OYG,25,,Tier_2,Standard Supermarket,1100.18
row_08478,PRD-8CLUBN,17.809,Regular,0.0418,Snack Foods,37.85,STORE-OYG,25,,Tier_2,Standard Supermarket,372.93
row_08480,PRD-I3MWRM,15.87,Low Fat,0.0321,MEAT,167.74,STORE-OYG,25,,Tier_2,Standard Supermarket,1736.57
row_08482,PRD-O5ZFW1,5.345,Low Fat,0.0408,HEALTH AND HYGIENE,162.96,STORE-DKU,30,,Tier_2,Standard Supermarket,1655.47
row_08484,PRD-20AP4V,,Low Fat,0.025,Household,102.25,STORE-AGY,45,Large,Tier_3,Standard Supermarket,710.9
row_08485,PRD-PLCL5F,,Low Fat,0.0255,BAKING GOODS,125.23,STORE-7WS,47,Medium,Tier_3,Flagship Hypermarket,3529.07
row_08486,PRD-6KHXCY,11.903,Regular,0.0555,meat,149.73,STORE-9RG,28,Small,Tier_2,Standard Supermarket,1766.0
row_08487,PRD-2SLHIM,21.204,Low Fat,0.0096,Meat,183.71,STORE-DKU,30,,Tier_2,Standard Supermarket,372.59
row_08488,PRD-EN0T5G,11.743,Low Fat,0.0,health and hygiene,257.11,STORE-OYG,25,,Tier_2,Standard Supermarket,1508.98
row_08490,PRD-MJ7PDZ,17.326,Low Fat,0.0111,FROZEN FOODS,96.98,STORE-HL7,23,Medium,Tier_3,Superstore,2237.57
row_08492,PRD-BLMMDP,,Regular,0.012,snack foods,38.95,STORE-T5G,47,Small,Tier_1,Corner Shop,83.88
row_08493,PRD-HVVZBL,18.347,Regular,0.0674,DAIRY,121.39,STORE-9RG,28,Small,Tier_2,Standard Supermarket,1194.53
row_08494,PRD-XMSTP3,15.067,Low Fat,0.0,Snack Foods,42.66,STORE-YLW,35,Small,Tier_1,Standard Supermarket,549.25
row_08495,PRD-WEPXSK,,Low Fat,0.0459,Soft Drinks,75.42,STORE-7WS,47,Medium,Tier_3,Flagship Hypermarket,2641.85
row_08496,PRD-LUSMF0,12.329,Low Fat,0.0799,MEAT,224.66,STORE-YLW,35,Small,Tier_1,Standard Supermarket,4626.01
row_08497,PRD-KL6CEV,6.432,Low Fat,0.093,Household,82.89,STORE-89Z,33,Medium,Tier_1,Standard Supermarket,2130.91
row_08498,PRD-X6M52Y,7.948,Regular,0.0,CANNED,86.28,STORE-AGY,45,Large,Tier_3,Standard Supermarket,262.82
row_08499,PRD-DXQ6WH,16.547,Low Fat,0.0128,health and hygiene,39.85,STORE-DKU,30,,Tier_2,Standard Supermarket,659.67
row_08500,PRD-R04H5W,19.232,Low Fat,0.0,household,190.57,STORE-YLW,35,Small,Tier_1,Standard Supermarket,555.26
row_08501,PRD-OOBWF4,15.317,Low Fat,0.0143,Frozen Foods,35.77,STORE-DKU,30,,Tier_2,Standard Supermarket,580.17
row_08502,PRD-FA4IUZ,13.89,Regular,0.0,dairy,191.4,STORE-HL7,23,Medium,Tier_3,Superstore,4171.56
row_08503,PRD-LBIPQF,18.048,Regular,0.0462,Fruits and Vegetables,124.7,STORE-89Z,33,Medium,Tier_1,Standard Supermarket,3819.05
row_08505,PRD-1QV3CG,8.202,Regular,0.0416,FRUITS AND VEGETABLES,186.49,STORE-89Z,33,Medium,Tier_1,Standard Supermarket,1699.41
row_08506,PRD-OIZ8SJ,12.728,Regular,0.1471,FRUITS AND VEGETABLES,251.77,STORE-AGY,45,Large,Tier_3,Standard Supermarket,5909.82
row_08507,PRD-3818YO,5.166,Low Fat,0.0429,Frozen Foods,203.45,STORE-DKU,30,,Tier_2,Standard Supermarket,2804.2
row_08508,PRD-AYNU0X,6.61,Low Fat,0.0365,breads,216.2,STORE-DKU,30,,Tier_2,Standard Supermarket,1947.08
row_08509,PRD-9ROJVZ,,Regular,0.0857,Frozen Foods,59.17,STORE-7WS,47,Medium,Tier_3,Flagship Hypermarket,1399.17
row_08510,PRD-LJKPHC,18.78,Regular,0.0958,Fruits and Vegetables,82.59,STORE-YLW,35,Small,Tier_1,Standard Supermarket,1124.02
row_08511,PRD-1WMMME,15.461,Low Fat,0.016,Others,144.63,STORE-AGY,45,Large,Tier_3,Standard Supermarket,3017.84
row_08512,PRD-QVRR9A,7.781,Low Fat,0.0626,HARD DRINKS,224.11,STORE-DKU,30,,Tier_2,Standard Supermarket,2002.12
row_08513,PRD-I67HN3,20.547,Low Fat,0.0102,Household,233.74,STORE-YLW,35,Small,Tier_1,Standard Supermarket,3212.38
row_08514,PRD-LQK65V,,Low Fat,0.0758,Snack Foods,125.32,STORE-T5G,47,Small,Tier_1,Corner Shop,486.59
row_08516,PRD-1K1QT6,13.722,Low Fat,0.0099,HOUSEHOLD,176.38,STORE-AGY,45,Large,Tier_3,Standard Supermarket,1847.98
row_08517,PRD-JNODL5,18.365,Low Fat,0.0154,Health and Hygiene,161.04,STORE-YLW,35,Small,Tier_1,Standard Supermarket,1588.25
row_08518,PRD-V56VKT,9.201,Regular,0.2851,Fruits and Vegetables,136.57,STORE-JOR,34,,Tier_3,Corner Shop,276.5
row_08519,PRD-S1AWP0,15.77,Low Fat,0.1193,FROZEN FOODS,74.03,STORE-OYG,25,,Tier_2,Standard Supermarket,1265.63
row_08520,PRD-NCP2VI,17.665,Low Fat,0.0182,Health and Hygiene,234.87,STORE-DKU,30,,Tier_2,Standard Supermarket,6254.55
row_08521,PRD-K9LSG4,20.645,Low Fat,0.0567,snack foods,118.86,STORE-OYG,25,,Tier_2,Standard Supermarket,1658.06
row_08522,PRD-ON4O79,16.703,Low Fat,0.0165,household,97.45,STORE-YLW,35,Small,Tier_1,Standard Supermarket,987.48
